# File exported by Houdini 21.0.631 (www.sidefx.com)
# 4753 points
# 18432 vertices
# 4608 primitives
# Bounds: [-5, 0, -7] to [5, 3.46410155, 5]
g 
v -5 0 5
v -5 0 1.66666675
v -5 0 -1.66666651
v -5 0.191698328 -4.55729151
v -1.66666675 0 5
v -1.66666675 0 1.66666675
v -1.66666675 0 -1.66666651
v -1.66666651 0.191698328 -4.55729151
v 1.66666651 0 5
v 1.66666651 0 1.66666675
v 1.66666651 0 -1.66666651
v 1.66666651 0.191698328 -4.55729151
v 5 0 5
v 5 0 1.66666675
v 5 0 -1.66666651
v 5 0.191698328 -4.55729151
v 5 1.15470052 -5.66666651
v 1.66666675 1.15470052 -5.66666603
v -1.66666651 1.15470052 -5.66666603
v -5 1.15470052 -5.66666651
v 5 2.30940104 -6.33333349
v 1.66666675 2.30940104 -6.33333397
v -1.66666651 2.30940104 -6.33333397
v -5 2.30940104 -6.33333349
v 5 3.46410155 -7
v 1.66666675 3.46410155 -7
v -1.66666651 3.46410155 -7
v -5 3.46410155 -7
v -3.33333349 0 3.33333349
v -3.33333349 0 1.16415322e-07
v -3.33333349 0.0236803815 -3.27864552
v -1.08033419e-07 0 3.33333349
v -1.08033419e-07 0 1.16415322e-07
v -8.38190317e-08 0.0236803815 -3.27864552
v 3.33333302 0 3.33333349
v 3.33333302 0 1.16415322e-07
v 3.33333302 0.0236803815 -3.27864552
v 3.33333325 0.601030648 -5.27864552
v 6.21657819e-08 0.601030648 -5.27864552
v -3.33333302 0.601030648 -5.27864552
v 3.33333349 1.73205066 -6
v 1.16415322e-07 1.73205066 -6
v -3.33333302 1.73205066 -6
v 3.33333349 2.88675117 -6.66666698
v 1.16415322e-07 2.88675117 -6.66666698
v -3.33333302 2.88675117 -6.66666698
v -5 0 3.33333349
v -3.33333349 0 1.66666675
v -1.66666675 0 3.33333349
v -3.33333349 0 5
v -5 0 1.1920929e-07
v -3.33333349 0 -1.66666651
v -1.66666675 0 1.16415322e-07
v -5 0.0236803815 -3.27864575
v -3.33333349 0.191698328 -4.55729151
v -1.66666675 0.0236803815 -3.27864552
v -1.0477379e-07 0 1.66666675
v 1.66666651 0 3.33333349
v -1.1920929e-07 0 5
v -1.02445483e-07 0 -1.66666651
v 1.66666651 0 1.16415322e-07
v 9.31322575e-10 0.191698328 -4.55729151
v 1.66666651 0.0236803815 -3.27864552
v 3.33333302 0 1.66666675
v 5 0 3.33333349
v 3.33333325 0 5
v 3.33333302 0 -1.66666651
v 5 0 1.1920929e-07
v 3.33333302 0.191698328 -4.55729151
v 5 0.0236803815 -3.27864575
v 1.66666675 0.601030648 -5.27864552
v 3.33333349 1.15470052 -5.66666603
v 5 0.601030648 -5.27864552
v -1.66666651 0.601030648 -5.27864552
v 9.26665962e-08 1.15470052 -5.66666603
v -5 0.601030648 -5.27864552
v -3.33333302 1.15470052 -5.66666651
v 1.66666675 1.73205078 -6
v 3.33333349 2.30940104 -6.33333397
v 5 1.73205078 -6
v -1.66666651 1.73205078 -6
v 1.16415322e-07 2.30940104 -6.33333397
v -5 1.73205078 -6
v -3.33333302 2.30940104 -6.33333397
v 1.66666675 2.88675117 -6.66666698
v 3.33333349 3.46410155 -7
v 5 2.88675117 -6.66666651
v -1.66666651 2.88675117 -6.66666698
v 1.1920929e-07 3.46410155 -7
v -5 2.88675117 -6.66666651
v -3.33333325 3.46410155 -7
v -4.16666698 0 4.16666698
v -4.16666698 0 2.5
v -2.5 0 2.5
v -2.5 0 4.16666698
v -4.16666698 0 0.833333492
v -4.16666698 0 -0.833333135
v -2.5 0 -0.833333135
v -2.5 0 0.833333492
v -4.16666698 0.00281909294 -2.4934895
v -4.16666603 0.0806260556 -3.98046875
v -2.5 0.0806260556 -3.98046875
v -2.5 0.00281909294 -2.4934895
v -0.833333373 0 4.16666698
v -0.833333373 0 2.5
v 0.833333254 0 2.5
v 0.833333254 0 4.16666698
v -0.833333373 0 0.833333492
v -0.833333373 0 -0.833333135
v 0.833333254 0 -0.833333135
v 0.833333254 0 0.833333492
v -0.833333373 0.00281909294 -2.4934895
v -0.833333373 0.0806260556 -3.98046875
v 0.833333254 0.0806260556 -3.98046875
v 0.833333254 0.00281909294 -2.4934895
v 2.5 0 4.16666698
v 2.5 0 2.5
v 4.16666603 0 2.5
v 4.16666651 0 4.16666698
v 2.5 0 0.833333492
v 2.5 0 -0.833333135
v 4.16666603 0 -0.833333135
v 4.16666651 0 0.833333492
v 2.5 0.00281909294 -2.4934895
v 2.5 0.0806260556 -3.98046875
v 4.16666603 0.0806260556 -3.98046875
v 4.16666651 0.00281909294 -2.4934895
v 4.16666651 0.3693012 -4.98046875
v 2.5 0.3693012 -4.98046875
v 2.5 0.86884445 -5.49348927
v 4.16666651 0.86884445 -5.49348927
v 0.833333373 0.3693012 -4.98046875
v -0.833333194 0.3693012 -4.98046875
v -0.833333194 0.86884445 -5.49348927
v 0.833333373 0.86884445 -5.49348927
v -2.5 0.3693012 -4.98046875
v -4.16666651 0.3693012 -4.98046875
v -4.16666651 0.86884445 -5.49348927
v -2.5 0.86884445 -5.49348927
v 4.16666698 1.44337559 -5.83333349
v 2.5 1.44337559 -5.83333302
v 2.5 2.02072573 -6.16666698
v 4.16666698 2.02072573 -6.16666698
v 0.833333492 1.44337559 -5.83333302
v -0.833333135 1.44337559 -5.83333302
v -0.833333135 2.02072573 -6.16666698
v 0.833333492 2.02072573 -6.16666698
v -2.5 1.44337559 -5.83333302
v -4.16666651 1.44337559 -5.83333397
v -4.16666651 2.02072573 -6.16666651
v -2.5 2.02072573 -6.16666698
v 4.16666698 2.59807587 -6.5
v 2.5 2.59807587 -6.50000095
v 2.5 3.17542648 -6.83333349
v 4.16666698 3.17542648 -6.83333349
v 0.833333492 2.59807587 -6.50000095
v -0.833333135 2.59807587 -6.50000095
v -0.833333135 3.17542648 -6.83333349
v 0.833333492 3.17542648 -6.83333349
v -2.5 2.59807587 -6.50000095
v -4.16666651 2.59807587 -6.5
v -4.16666651 3.17542648 -6.83333349
v -2.5 3.17542648 -6.83333349
v -4.16666698 0 3.33333349
v -3.33333349 0 2.5
v -2.5 0 3.33333349
v -3.33333349 0 4.16666698
v -4.16666698 0 1.13621354e-07
v -3.33333349 0 -0.833333194
v -2.5 0 1.13621354e-07
v -3.33333349 0 0.833333373
v -4.16666698 0.0236803815 -3.27864575
v -3.33333349 0.0806260556 -3.98046875
v -2.5 0.0236803815 -3.27864575
v -3.33333349 0.00281909294 -2.4934895
v -0.833333373 0 3.33333349
v -1.06170774e-07 0 2.5
v 0.833333254 0 3.33333349
v -1.04308128e-07 0 4.16666698
v -0.833333373 0 1.13621354e-07
v -1.06170774e-07 0 -0.833333194
v 0.833333254 0 1.13621354e-07
v -1.04308128e-07 0 0.833333373
v -0.833333373 0.0236803815 -3.27864575
v -5.21540642e-08 0.0806260556 -3.98046875
v 0.833333254 0.0236803815 -3.27864575
v -9.12696123e-08 0.00281909294 -2.4934895
v 2.5 0 3.33333349
v 3.33333302 0 2.5
v 4.16666651 0 3.33333349
v 3.33333325 0 4.16666698
v 2.5 0 1.13621354e-07
v 3.33333302 0 -0.833333194
v 4.16666651 0 1.13621354e-07
v 3.33333325 0 0.833333373
v 2.5 0.0236803815 -3.27864575
v 3.33333302 0.0806260556 -3.98046875
v 4.16666651 0.0236803815 -3.27864575
v 3.33333325 0.00281909294 -2.4934895
v 3.33333325 0.3693012 -4.98046875
v 2.5 0.601030648 -5.27864552
v 3.33333349 0.868844509 -5.49348927
v 4.16666651 0.601030648 -5.27864552
v 4.84287739e-08 0.3693012 -4.98046875
v -0.833333194 0.601030648 -5.27864552
v 7.26431608e-08 0.868844509 -5.49348927
v 0.833333373 0.601030648 -5.27864552
v -3.33333302 0.3693012 -4.98046875
v -4.16666651 0.601030648 -5.27864552
v -3.33333302 0.868844509 -5.49348927
v -2.5 0.601030648 -5.27864552
v 3.33333349 1.44337559 -5.83333302
v 2.5 1.73205066 -6
v 3.33333349 2.02072573 -6.16666698
v 4.16666698 1.73205066 -6
v 9.87201929e-08 1.44337559 -5.83333302
v -0.833333194 1.73205066 -6
v 1.13621354e-07 2.02072573 -6.16666698
v 0.833333373 1.73205066 -6
v -3.33333302 1.44337559 -5.83333302
v -4.16666651 1.73205066 -6
v -3.33333302 2.02072573 -6.16666698
v -2.5 1.73205066 -6
v 3.33333349 2.59807587 -6.5
v 2.5 2.88675117 -6.66666698
v 3.33333349 3.17542648 -6.83333397
v 4.16666698 2.88675117 -6.66666698
v 1.13621354e-07 2.59807587 -6.50000048
v -0.833333194 2.88675117 -6.66666698
v 1.13621354e-07 3.17542648 -6.83333397
v 0.833333373 2.88675117 -6.66666698
v -3.33333302 2.59807587 -6.5
v -4.16666651 2.88675117 -6.66666698
v -3.33333302 3.17542648 -6.83333397
v -2.5 2.88675117 -6.66666698
v -5 0 4.16666698
v -5 0 2.5
v -4.16666698 0 1.66666675
v -2.5 0 1.66666675
v -1.66666675 0 2.5
v -1.66666675 0 4.16666698
v -2.5 0 5
v -4.16666698 0 5
v -5 0 0.833333433
v -5 0 -0.833333194
v -4.16666698 0 -1.66666651
v -2.5 0 -1.66666651
v -1.66666675 0 -0.833333194
v -1.66666675 0 0.833333492
v -5 0.00281909294 -2.4934895
v -5 0.0806260556 -3.98046875
v -4.16666651 0.191698328 -4.55729151
v -2.5 0.191698328 -4.55729151
v -1.66666675 0.0806260556 -3.98046875
v -1.66666675 0.00281909294 -2.4934895
v -0.833333373 0 1.66666675
v 0.833333194 0 1.66666675
v 1.66666651 0 2.5
v 1.66666651 0 4.16666698
v 0.833333194 0 5
v -0.833333433 0 5
v -0.833333373 0 -1.66666651
v 0.833333194 0 -1.66666651
v 1.66666651 0 -0.833333194
v 1.66666651 0 0.833333492
v -0.833333254 0.191698328 -4.55729151
v 0.833333313 0.191698328 -4.55729151
v 1.66666651 0.0806260556 -3.98046875
v 1.66666651 0.00281909294 -2.4934895
v 2.5 0 1.66666675
v 4.16666603 0 1.66666675
v 5 0 2.5
v 5 0 4.16666698
v 4.16666651 0 5
v 2.5 0 5
v 2.5 0 -1.66666651
v 4.16666603 0 -1.66666651
v 5 0 -0.833333194
v 5 0 0.833333433
v 2.5 0.191698328 -4.55729151
v 4.16666603 0.191698328 -4.55729151
v 5 0.0806260556 -3.98046875
v 5 0.00281909294 -2.4934895
v 1.66666675 0.3693012 -4.98046875
v 1.66666675 0.86884445 -5.49348927
v 2.5 1.15470052 -5.66666603
v 4.16666698 1.15470052 -5.66666698
v 5 0.868844509 -5.49348927
v 5 0.3693012 -4.98046875
v -1.66666651 0.3693012 -4.98046875
v -1.66666651 0.86884445 -5.49348927
v -0.833333194 1.15470052 -5.66666603
v 0.833333373 1.15470052 -5.66666603
v -5 0.3693012 -4.98046875
v -5 0.868844509 -5.49348927
v -4.16666651 1.15470052 -5.66666698
v -2.5 1.15470052 -5.66666603
v 1.66666675 1.44337559 -5.83333302
v 1.66666675 2.02072573 -6.16666698
v 2.5 2.30940104 -6.33333397
v 4.16666698 2.30940104 -6.33333397
v 5 2.02072573 -6.16666651
v 5 1.44337559 -5.83333349
v -1.66666651 1.44337559 -5.83333302
v -1.66666651 2.02072573 -6.16666698
v -0.833333194 2.30940104 -6.33333397
v 0.833333492 2.30940104 -6.33333397
v -5 1.44337559 -5.83333349
v -5 2.02072573 -6.16666651
v -4.16666651 2.30940104 -6.33333397
v -2.5 2.30940104 -6.33333397
v 1.66666675 2.59807587 -6.5
v 1.66666675 3.17542648 -6.83333349
v 2.5 3.46410155 -7
v 4.16666698 3.46410155 -7
v 5 3.17542648 -6.83333349
v 5 2.59807611 -6.5
v -1.66666651 2.59807587 -6.5
v -1.66666651 3.17542648 -6.83333349
v -0.833333194 3.46410155 -7
v 0.833333433 3.46410155 -7
v -5 2.59807611 -6.5
v -5 3.17542648 -6.83333349
v -4.16666651 3.46410155 -7
v -2.5 3.46410155 -7
v -4.58333349 0 4.58333349
v -4.58333349 0 3.75000024
v -3.75000048 0 3.75000024
v -3.75000048 0 4.58333349
v -4.58333349 0 2.91666675
v -4.58333349 0 2.08333349
v -3.75000048 0 2.08333349
v -3.75000048 0 2.91666675
v -2.91666698 0 2.91666675
v -2.91666675 0 2.08333349
v -2.08333349 0 2.08333349
v -2.08333349 0 2.91666675
v -2.91666698 0 4.58333349
v -2.91666675 0 3.75000024
v -2.08333349 0 3.75000024
v -2.08333349 0 4.58333349
v -4.58333349 0 1.25
v -4.58333349 0 0.416666746
v -3.75000048 0 0.416666746
v -3.75000048 0 1.25
v -4.58333349 0 -0.416666567
v -4.58333349 0 -1.24999976
v -3.75000048 0 -1.24999976
v -3.75000048 0 -0.416666567
v -2.91666698 0 -0.416666567
v -2.91666675 0 -1.24999976
v -2.08333349 0 -1.24999976
v -2.08333349 0 -0.416666567
v -2.91666698 0 1.25
v -2.91666675 0 0.416666746
v -2.08333349 0 0.416666746
v -2.08333349 0 1.25
v -4.58333349 0.000281909306 -2.08268213
v -4.58333349 0.0098668253 -2.89388037
v -3.75000048 0.0098668253 -2.89388037
v -3.75000048 0.000281909306 -2.08268213
v -4.58333302 0.0465150326 -3.64257789
v -4.58333302 0.128268719 -4.28710938
v -3.75 0.128268719 -4.28710938
v -3.75000048 0.0465150326 -3.64257789
v -2.91666698 0.0465150326 -3.64257789
v -2.91666675 0.128268719 -4.28710938
v -2.08333325 0.128268719 -4.28710938
v -2.08333349 0.0465150326 -3.64257812
v -2.91666698 0.000281909306 -2.08268213
v -2.91666675 0.0098668253 -2.89388037
v -2.08333349 0.0098668253 -2.89388037
v -2.08333349 0.000281909306 -2.08268213
v -1.25 0 4.58333349
v -1.25 0 3.75000024
v -0.416666746 0 3.75000024
v -0.416666746 0 4.58333349
v -1.25 0 2.91666675
v -1.25 0 2.08333349
v -0.416666746 0 2.08333349
v -0.416666746 0 2.91666675
v 0.416666567 0 2.91666675
v 0.416666567 0 2.08333349
v 1.25 0 2.08333349
v 1.24999976 0 2.91666675
v 0.416666567 0 4.58333349
v 0.416666567 0 3.75000024
v 1.25 0 3.75000024
v 1.24999976 0 4.58333349
v -1.25 0 1.25
v -1.25 0 0.416666746
v -0.416666746 0 0.416666746
v -0.416666746 0 1.25
v -1.25 0 -0.416666567
v -1.25 0 -1.24999976
v -0.416666746 0 -1.24999976
v -0.416666746 0 -0.416666567
v 0.416666567 0 -0.416666567
v 0.416666567 0 -1.24999976
v 1.25 0 -1.24999976
v 1.24999976 0 -0.416666567
v 0.416666567 0 1.25
v 0.416666567 0 0.416666746
v 1.25 0 0.416666746
v 1.24999976 0 1.25
v -1.25 0.000281909306 -2.08268213
v -1.25 0.0098668253 -2.89388037
v -0.416666746 0.0098668253 -2.89388037
v -0.416666746 0.000281909306 -2.08268213
v -1.25 0.0465150326 -3.64257789
v -1.25 0.128268719 -4.28710938
v -0.416666687 0.128268719 -4.28710938
v -0.416666716 0.0465150326 -3.64257789
v 0.416666567 0.0465150326 -3.64257789
v 0.416666627 0.128268719 -4.28710938
v 1.25 0.128268719 -4.28710938
v 1.25 0.0465150326 -3.64257812
v 0.416666567 0.000281909306 -2.08268213
v 0.416666567 0.0098668253 -2.89388037
v 1.25 0.0098668253 -2.89388037
v 1.24999976 0.000281909306 -2.08268213
v 2.08333302 0 4.58333349
v 2.08333302 0 3.75000024
v 2.91666651 0 3.75000024
v 2.91666651 0 4.58333349
v 2.08333302 0 2.91666675
v 2.08333302 0 2.08333349
v 2.91666651 0 2.08333349
v 2.91666651 0 2.91666675
v 3.74999952 0 2.91666675
v 3.74999952 0 2.08333349
v 4.58333302 0 2.08333349
v 4.58333302 0 2.91666675
v 3.75 0 4.58333349
v 3.75 0 3.75000024
v 4.58333302 0 3.75000024
v 4.58333302 0 4.58333349
v 2.08333302 0 1.25
v 2.08333302 0 0.416666746
v 2.91666651 0 0.416666746
v 2.91666651 0 1.25
v 2.08333302 0 -0.416666567
v 2.08333302 0 -1.24999976
v 2.91666651 0 -1.24999976
v 2.91666651 0 -0.416666567
v 3.74999952 0 -0.416666567
v 3.74999952 0 -1.24999976
v 4.58333302 0 -1.24999976
v 4.58333302 0 -0.416666567
v 3.75 0 1.25
v 3.75 0 0.416666746
v 4.58333302 0 0.416666746
v 4.58333302 0 1.25
v 2.08333302 0.000281909306 -2.08268213
v 2.08333302 0.0098668253 -2.89388037
v 2.91666651 0.0098668253 -2.89388037
v 2.91666651 0.000281909306 -2.08268213
v 2.08333302 0.0465150326 -3.64257789
v 2.08333302 0.128268719 -4.28710938
v 2.91666651 0.128268719 -4.28710938
v 2.91666651 0.0465150326 -3.64257789
v 3.74999952 0.0465150326 -3.64257789
v 3.74999952 0.128268719 -4.28710938
v 4.58333302 0.128268719 -4.28710938
v 4.58333302 0.0465150326 -3.64257812
v 3.75 0.000281909306 -2.08268213
v 3.75 0.0098668253 -2.89388037
v 4.58333302 0.0098668253 -2.89388037
v 4.58333302 0.000281909306 -2.08268213
v 4.58333302 0.272606313 -4.78710938
v 3.75 0.272606313 -4.78710938
v 3.75 0.479527712 -5.14257812
v 4.58333302 0.479527712 -5.14257812
v 2.91666651 0.272606313 -4.78710938
v 2.08333325 0.272606313 -4.78710938
v 2.08333349 0.479527712 -5.14257812
v 2.91666651 0.479527712 -5.14257812
v 2.91666651 0.731554687 -5.39387989
v 2.08333349 0.731554687 -5.39387989
v 2.08333349 1.01064467 -5.58268213
v 2.91666675 1.01064467 -5.58268213
v 4.58333302 0.731554687 -5.39387989
v 3.75 0.731554687 -5.39387989
v 3.75000024 1.01064467 -5.58268213
v 4.58333302 1.01064479 -5.58268261
v 1.25 0.272606313 -4.78710938
v 0.416666687 0.272606313 -4.78710938
v 0.416666746 0.479527712 -5.14257812
v 1.25 0.479527712 -5.14257812
v -0.416666627 0.272606313 -4.78710938
v -1.24999976 0.272606313 -4.78710938
v -1.24999976 0.479527712 -5.14257812
v -0.416666567 0.479527712 -5.14257812
v -0.416666567 0.731554687 -5.39387989
v -1.24999976 0.731554687 -5.39387989
v -1.24999976 1.01064467 -5.58268213
v -0.416666567 1.01064467 -5.58268213
v 1.25 0.731554687 -5.39387989
v 0.416666746 0.731554687 -5.39387989
v 0.416666746 1.01064467 -5.58268213
v 1.25 1.01064467 -5.58268213
v -2.08333325 0.272606313 -4.78710938
v -2.91666651 0.272606313 -4.78710938
v -2.91666651 0.479527712 -5.14257812
v -2.08333325 0.479527712 -5.14257812
v -3.75 0.272606313 -4.78710938
v -4.58333302 0.272606313 -4.78710938
v -4.58333302 0.479527712 -5.14257812
v -3.74999976 0.479527712 -5.14257812
v -3.74999976 0.731554687 -5.39387989
v -4.58333302 0.731554687 -5.39387989
v -4.58333302 1.01064479 -5.58268213
v -3.74999976 1.01064467 -5.58268261
v -2.08333325 0.731554687 -5.39387989
v -2.91666651 0.731554687 -5.39387989
v -2.91666651 1.01064467 -5.58268213
v -2.08333325 1.01064467 -5.58268213
v 4.58333349 1.29903793 -5.75
v 3.75000024 1.29903793 -5.75
v 3.75000024 1.58771324 -5.91666651
v 4.58333349 1.58771324 -5.91666698
v 2.91666675 1.29903793 -5.74999905
v 2.08333349 1.29903793 -5.74999905
v 2.08333349 1.58771324 -5.91666651
v 2.91666675 1.58771324 -5.91666651
v 2.91666675 1.87638831 -6.08333397
v 2.08333349 1.87638831 -6.08333397
v 2.08333349 2.16506338 -6.25
v 2.91666675 2.16506338 -6.25
v 4.58333349 1.87638831 -6.08333349
v 3.75000024 1.87638831 -6.08333397
v 3.75000024 2.16506338 -6.25
v 4.58333349 2.16506338 -6.25
v 1.25 1.29903793 -5.74999905
v 0.416666746 1.29903793 -5.74999905
v 0.416666746 1.58771324 -5.91666651
v 1.25 1.58771324 -5.91666651
v -0.416666567 1.29903793 -5.74999905
v -1.24999976 1.29903793 -5.74999905
v -1.24999976 1.58771324 -5.91666651
v -0.416666567 1.58771324 -5.91666651
v -0.416666567 1.87638831 -6.08333397
v -1.24999976 1.87638831 -6.08333397
v -1.24999976 2.16506338 -6.25
v -0.416666567 2.16506338 -6.25
v 1.25 1.87638831 -6.08333397
v 0.416666746 1.87638831 -6.08333397
v 0.416666746 2.16506338 -6.25
v 1.25 2.16506338 -6.25
v -2.08333325 1.29903793 -5.74999905
v -2.91666651 1.29903793 -5.75
v -2.91666651 1.58771324 -5.91666651
v -2.08333325 1.58771324 -5.91666651
v -3.74999976 1.29903793 -5.75
v -4.58333302 1.29903793 -5.75
v -4.58333302 1.58771324 -5.91666698
v -3.74999976 1.58771324 -5.91666698
v -3.74999976 1.87638831 -6.08333302
v -4.58333302 1.87638831 -6.08333302
v -4.58333302 2.16506338 -6.25
v -3.74999976 2.16506338 -6.25
v -2.08333325 1.87638831 -6.08333397
v -2.91666651 1.87638831 -6.08333397
v -2.91666651 2.16506338 -6.25
v -2.08333325 2.16506338 -6.25
v 4.58333349 2.45373869 -6.41666698
v 3.75000024 2.45373845 -6.41666698
v 3.75000024 2.74241352 -6.58333397
v 4.58333349 2.74241352 -6.58333349
v 2.91666675 2.45373845 -6.41666698
v 2.08333349 2.45373845 -6.41666698
v 2.08333349 2.74241352 -6.58333397
v 2.91666675 2.74241352 -6.58333397
v 2.91666675 3.03108883 -6.75
v 2.08333349 3.03108883 -6.75000095
v 2.08333349 3.31976414 -6.91666698
v 2.91666675 3.31976414 -6.91666698
v 4.58333349 3.03108883 -6.75
v 3.75000024 3.03108883 -6.75
v 3.75000024 3.31976414 -6.91666698
v 4.58333349 3.31976414 -6.91666698
v 1.25 2.45373845 -6.41666698
v 0.416666746 2.45373845 -6.41666698
v 0.416666746 2.74241352 -6.58333397
v 1.25 2.74241352 -6.58333397
v -0.416666567 2.45373845 -6.41666698
v -1.24999976 2.45373845 -6.41666698
v -1.24999976 2.74241352 -6.58333397
v -0.416666567 2.74241352 -6.58333397
v -0.416666567 3.03108883 -6.75
v -1.24999976 3.03108883 -6.75000095
v -1.24999976 3.31976414 -6.91666698
v -0.416666567 3.31976414 -6.91666698
v 1.25 3.03108883 -6.75
v 0.416666746 3.03108883 -6.75
v 0.416666746 3.31976414 -6.91666698
v 1.25 3.31976414 -6.91666698
v -2.08333325 2.45373845 -6.41666698
v -2.91666651 2.45373845 -6.41666698
v -2.91666651 2.74241352 -6.58333397
v -2.08333325 2.74241352 -6.58333397
v -3.74999976 2.45373845 -6.41666698
v -4.58333302 2.45373869 -6.41666698
v -4.58333302 2.74241352 -6.58333302
v -3.74999976 2.74241352 -6.58333397
v -3.74999976 3.03108883 -6.75
v -4.58333302 3.03108883 -6.75
v -4.58333302 3.31976414 -6.91666698
v -3.74999976 3.31976414 -6.91666698
v -2.08333325 3.03108883 -6.75
v -2.91666651 3.03108883 -6.75
v -2.91666651 3.31976414 -6.91666698
v -2.08333325 3.31976414 -6.91666698
v -4.58333349 0 4.16666698
v -4.16666698 0 3.75000024
v -3.75000048 0 4.16666698
v -4.16666698 0 4.58333349
v -4.58333349 0 2.5
v -4.16666698 0 2.08333349
v -3.75000048 0 2.5
v -4.16666698 0 2.91666698
v -2.91666698 0 2.5
v -2.5 0 2.08333349
v -2.08333349 0 2.5
v -2.5 0 2.91666698
v -2.91666698 0 4.16666698
v -2.5 0 3.75000024
v -2.08333349 0 4.16666698
v -2.5 0 4.58333349
v -4.58333349 0 0.833333433
v -4.16666698 0 0.416666746
v -3.75000048 0 0.833333492
v -4.16666698 0 1.25000012
v -4.58333349 0 -0.833333135
v -4.16666698 0 -1.24999976
v -3.75000048 0 -0.833333194
v -4.16666698 0 -0.416666538
v -2.91666698 0 -0.833333254
v -2.5 0 -1.24999976
v -2.08333349 0 -0.833333194
v -2.5 0 -0.416666538
v -2.91666698 0 0.833333433
v -2.5 0 0.416666746
v -2.08333349 0 0.833333492
v -2.5 0 1.25000012
v -4.58333349 0.00281909294 -2.4934895
v -4.16666698 0.0098668253 -2.89388037
v -3.75000048 0.00281909294 -2.4934895
v -4.16666698 0.000281909306 -2.08268213
v -4.58333302 0.0806260556 -3.98046875
v -4.16666603 0.128268719 -4.28710938
v -3.75 0.0806260556 -3.98046827
v -4.16666698 0.0465150326 -3.64257789
v -2.91666698 0.0806260556 -3.98046827
v -2.5 0.128268719 -4.28710938
v -2.08333349 0.0806260556 -3.98046827
v -2.5 0.0465150326 -3.64257789
v -2.91666698 0.00281909294 -2.4934895
v -2.5 0.0098668253 -2.89388037
v -2.08333349 0.00281909294 -2.4934895
v -2.5 0.000281909306 -2.08268213
v -1.25 0 4.16666698
v -0.833333373 0 3.75000024
v -0.416666746 0 4.16666698
v -0.833333373 0 4.58333349
v -1.25 0 2.5
v -0.833333373 0 2.08333349
v -0.416666746 0 2.5
v -0.833333373 0 2.91666698
v 0.416666567 0 2.5
v 0.833333254 0 2.08333349
v 1.24999988 0 2.5
v 0.833333194 0 2.91666698
v 0.416666567 0 4.16666698
v 0.833333254 0 3.75000024
v 1.24999988 0 4.16666698
v 0.833333194 0 4.58333349
v -1.25 0 0.833333433
v -0.833333373 0 0.416666746
v -0.416666746 0 0.833333492
v -0.833333373 0 1.25000012
v -1.25 0 -0.833333254
v -0.833333373 0 -1.24999976
v -0.416666746 0 -0.833333194
v -0.833333373 0 -0.416666538
v 0.416666567 0 -0.833333254
v 0.833333254 0 -1.24999976
v 1.24999988 0 -0.833333194
v 0.833333194 0 -0.416666538
v 0.416666567 0 0.833333433
v 0.833333254 0 0.416666746
v 1.24999988 0 0.833333492
v 0.833333194 0 1.25000012
v -1.25 0.00281909294 -2.4934895
v -0.833333373 0.0098668253 -2.89388037
v -0.416666746 0.00281909294 -2.4934895
v -0.833333373 0.000281909306 -2.08268213
v -1.25 0.0806260556 -3.98046875
v -0.833333373 0.128268719 -4.28710938
v -0.416666746 0.0806260556 -3.98046827
v -0.833333373 0.0465150326 -3.64257789
v 0.416666567 0.0806260556 -3.98046827
v 0.833333254 0.128268719 -4.28710938
v 1.25 0.0806260556 -3.98046827
v 0.833333254 0.0465150326 -3.64257789
v 0.416666567 0.00281909294 -2.4934895
v 0.833333254 0.0098668253 -2.89388037
v 1.24999988 0.00281909294 -2.4934895
v 0.833333194 0.000281909306 -2.08268213
v 2.08333302 0 4.16666698
v 2.5 0 3.75000024
v 2.91666651 0 4.16666698
v 2.5 0 4.58333349
v 2.08333302 0 2.5
v 2.5 0 2.08333349
v 2.91666651 0 2.5
v 2.5 0 2.91666698
v 3.74999952 0 2.5
v 4.16666603 0 2.08333349
v 4.58333302 0 2.5
v 4.16666603 0 2.91666698
v 3.75 0 4.16666698
v 4.16666651 0 3.75000024
v 4.58333302 0 4.16666698
v 4.16666603 0 4.58333349
v 2.08333302 0 0.833333433
v 2.5 0 0.416666746
v 2.91666651 0 0.833333492
v 2.5 0 1.25000012
v 2.08333302 0 -0.833333254
v 2.5 0 -1.24999976
v 2.91666651 0 -0.833333194
v 2.5 0 -0.416666538
v 3.74999952 0 -0.833333254
v 4.16666603 0 -1.24999976
v 4.58333302 0 -0.833333194
v 4.16666603 0 -0.416666538
v 3.75 0 0.833333433
v 4.16666651 0 0.416666746
v 4.58333302 0 0.833333492
v 4.16666603 0 1.25000012
v 2.08333302 0.00281909294 -2.4934895
v 2.5 0.0098668253 -2.89388037
v 2.91666651 0.00281909294 -2.4934895
v 2.5 0.000281909306 -2.08268213
v 2.08333302 0.0806260556 -3.98046875
v 2.5 0.128268719 -4.28710938
v 2.91666651 0.0806260556 -3.98046827
v 2.5 0.0465150326 -3.64257789
v 3.74999952 0.0806260556 -3.98046827
v 4.16666603 0.128268719 -4.28710938
v 4.58333302 0.0806260556 -3.98046827
v 4.16666603 0.0465150326 -3.64257789
v 3.75 0.00281909294 -2.4934895
v 4.16666651 0.0098668253 -2.89388037
v 4.58333302 0.00281909294 -2.4934895
v 4.16666603 0.000281909306 -2.08268213
v 4.16666603 0.272606313 -4.78710938
v 3.75 0.3693012 -4.98046875
v 4.16666651 0.479527712 -5.14257812
v 4.58333302 0.3693012 -4.98046875
v 2.5 0.272606313 -4.78710938
v 2.08333349 0.3693012 -4.98046875
v 2.5 0.479527712 -5.14257812
v 2.91666651 0.3693012 -4.98046875
v 2.5 0.731554687 -5.39387989
v 2.08333349 0.86884445 -5.49348927
v 2.5 1.01064467 -5.58268166
v 2.91666651 0.868844509 -5.49348927
v 4.16666603 0.731554687 -5.39387989
v 3.75 0.868844509 -5.49348927
v 4.16666698 1.01064467 -5.58268261
v 4.58333302 0.86884445 -5.49348974
v 0.833333373 0.272606313 -4.78710938
v 0.416666687 0.3693012 -4.98046875
v 0.833333373 0.479527712 -5.14257812
v 1.25 0.3693012 -4.98046875
v -0.833333254 0.272606313 -4.78710938
v -1.24999988 0.3693012 -4.98046875
v -0.833333194 0.479527712 -5.14257812
v -0.416666567 0.3693012 -4.98046875
v -0.833333254 0.731554687 -5.39387989
v -1.24999988 0.86884445 -5.49348927
v -0.833333194 1.01064467 -5.58268166
v -0.416666567 0.868844509 -5.49348927
v 0.833333373 0.731554687 -5.39387989
v 0.416666746 0.868844509 -5.49348927
v 0.833333373 1.01064467 -5.58268166
v 1.25 0.86884445 -5.49348927
v -2.5 0.272606313 -4.78710938
v -2.91666651 0.3693012 -4.98046875
v -2.5 0.479527712 -5.14257812
v -2.08333325 0.3693012 -4.98046875
v -4.16666651 0.272606313 -4.78710938
v -4.58333302 0.3693012 -4.98046875
v -4.16666603 0.479527712 -5.14257812
v -3.75 0.3693012 -4.98046875
v -4.16666651 0.731554687 -5.39387989
v -4.58333302 0.86884445 -5.49348927
v -4.16666603 1.01064467 -5.58268261
v -3.75 0.868844509 -5.49348974
v -2.5 0.731554687 -5.39387989
v -2.91666651 0.868844509 -5.49348927
v -2.5 1.01064467 -5.58268166
v -2.08333325 0.86884445 -5.49348927
v 4.16666698 1.29903793 -5.75
v 3.75000024 1.44337559 -5.83333302
v 4.16666698 1.58771324 -5.91666698
v 4.58333349 1.44337559 -5.83333349
v 2.5 1.29903793 -5.74999952
v 2.08333349 1.44337559 -5.83333302
v 2.5 1.58771324 -5.91666651
v 2.91666698 1.44337559 -5.83333302
v 2.5 1.87638831 -6.08333397
v 2.08333349 2.02072573 -6.16666698
v 2.5 2.16506338 -6.25
v 2.91666698 2.02072573 -6.16666698
v 4.16666698 1.87638831 -6.08333397
v 3.75000024 2.02072573 -6.16666698
v 4.16666698 2.16506338 -6.25
v 4.58333349 2.02072573 -6.16666698
v 0.833333373 1.29903793 -5.74999952
v 0.416666746 1.44337559 -5.83333302
v 0.833333492 1.58771324 -5.91666651
v 1.25000012 1.44337559 -5.83333302
v -0.833333254 1.29903793 -5.74999952
v -1.24999976 1.44337559 -5.83333302
v -0.833333194 1.58771324 -5.91666651
v -0.416666567 1.44337559 -5.83333302
v -0.833333254 1.87638831 -6.08333397
v -1.24999976 2.02072573 -6.16666698
v -0.833333194 2.16506338 -6.25
v -0.416666538 2.02072573 -6.16666698
v 0.833333433 1.87638831 -6.08333397
v 0.416666746 2.02072573 -6.16666698
v 0.833333492 2.16506338 -6.25
v 1.25000012 2.02072573 -6.16666698
v -2.5 1.29903793 -5.75
v -2.91666651 1.44337559 -5.83333302
v -2.5 1.58771324 -5.91666651
v -2.08333325 1.44337559 -5.83333302
v -4.16666651 1.29903793 -5.75
v -4.58333302 1.44337559 -5.83333397
v -4.16666603 1.58771324 -5.91666698
v -3.75 1.44337559 -5.83333349
v -4.16666651 1.87638831 -6.08333302
v -4.58333302 2.02072573 -6.16666651
v -4.16666603 2.16506338 -6.25
v -3.75 2.02072573 -6.16666698
v -2.5 1.87638831 -6.08333397
v -2.91666651 2.02072573 -6.16666698
v -2.5 2.16506338 -6.25
v -2.08333325 2.02072573 -6.16666698
v 4.16666698 2.45373845 -6.41666698
v 3.75000024 2.59807587 -6.5
v 4.16666698 2.74241352 -6.58333397
v 4.58333349 2.59807611 -6.5
v 2.5 2.45373845 -6.41666698
v 2.08333349 2.59807587 -6.50000095
v 2.5 2.74241352 -6.58333397
v 2.91666698 2.59807611 -6.50000095
v 2.5 3.03108883 -6.75000048
v 2.08333349 3.17542648 -6.83333397
v 2.5 3.31976414 -6.91666698
v 2.91666698 3.17542648 -6.83333349
v 4.16666698 3.03108883 -6.75
v 3.75000024 3.17542648 -6.83333397
v 4.16666698 3.31976414 -6.91666698
v 4.58333349 3.17542648 -6.83333349
v 0.833333433 2.45373845 -6.41666698
v 0.416666746 2.59807587 -6.50000095
v 0.833333492 2.74241352 -6.58333397
v 1.25000012 2.59807611 -6.50000095
v -0.833333254 2.45373845 -6.41666698
v -1.24999976 2.59807587 -6.50000095
v -0.833333194 2.74241352 -6.58333397
v -0.416666538 2.59807611 -6.50000095
v -0.833333254 3.03108883 -6.75000048
v -1.24999976 3.17542648 -6.83333397
v -0.833333194 3.31976414 -6.91666698
v -0.416666538 3.17542648 -6.83333349
v 0.833333433 3.03108883 -6.75
v 0.416666746 3.17542648 -6.83333397
v 0.833333492 3.31976414 -6.91666698
v 1.25000012 3.17542648 -6.83333349
v -2.5 2.45373845 -6.41666698
v -2.91666651 2.59807587 -6.50000095
v -2.5 2.74241352 -6.58333397
v -2.08333325 2.59807611 -6.50000095
v -4.16666651 2.45373845 -6.41666698
v -4.58333302 2.59807587 -6.5
v -4.16666603 2.74241352 -6.58333397
v -3.75 2.59807611 -6.5
v -4.16666651 3.03108883 -6.75
v -4.58333302 3.17542648 -6.83333397
v -4.16666603 3.31976414 -6.91666698
v -3.75 3.17542648 -6.83333349
v -2.5 3.03108883 -6.75
v -2.91666651 3.17542648 -6.83333397
v -2.5 3.31976414 -6.91666698
v -2.08333325 3.17542648 -6.83333349
v -3.75000024 0 3.33333349
v -4.58333349 0 3.33333349
v -3.33333349 0 2.91666698
v -3.33333349 0 2.08333349
v -2.91666675 0 3.33333349
v -2.08333349 0 3.33333349
v -3.33333349 0 3.75
v -3.33333349 0 4.58333349
v -3.75000024 0 1.15483999e-07
v -4.58333349 0 1.15483999e-07
v -3.33333349 0 -0.416666567
v -3.33333349 0 -1.24999988
v -2.91666675 0 1.15483999e-07
v -2.08333349 0 1.15483999e-07
v -3.33333349 0 0.416666806
v -3.33333349 0 1.25000012
v -3.75000024 0.0236803815 -3.27864552
v -4.58333302 0.0236803815 -3.27864552
v -3.33333349 0.0465150326 -3.64257789
v -3.33333349 0.128268719 -4.28710938
v -2.91666675 0.0236803815 -3.27864575
v -2.08333349 0.0236803815 -3.27864575
v -3.33333349 0.0098668253 -2.89388013
v -3.33333349 0.000281909306 -2.08268213
v -0.416666746 0 3.33333349
v -1.25 0 3.33333349
v -1.06170774e-07 0 2.91666698
v -1.06170774e-07 0 2.08333349
v 0.416666567 0 3.33333349
v 1.24999976 0 3.33333349
v -1.04308128e-07 0 3.75
v -1.04308128e-07 0 4.58333349
v -0.416666746 0 1.15483999e-07
v -1.25 0 1.15483999e-07
v -1.06170774e-07 0 -0.416666567
v -1.04308128e-07 0 -1.24999988
v 0.416666567 0 1.15483999e-07
v 1.24999976 0 1.15483999e-07
v -1.04308128e-07 0 0.416666806
v -1.04308128e-07 0 1.25000012
v -0.416666746 0.0236803815 -3.27864552
v -1.25 0.0236803815 -3.27864552
v -7.4505806e-08 0.0465150326 -3.64257789
v -2.79396772e-08 0.128268719 -4.28710938
v 0.416666567 0.0236803815 -3.27864575
v 1.24999988 0.0236803815 -3.27864575
v -8.94069672e-08 0.0098668253 -2.89388013
v -9.68575478e-08 0.000281909306 -2.08268213
v 2.91666651 0 3.33333349
v 2.08333325 0 3.33333349
v 3.33333302 0 2.91666698
v 3.33333302 0 2.08333349
v 3.75 0 3.33333349
v 4.58333302 0 3.33333349
v 3.33333302 0 3.75
v 3.33333302 0 4.58333349
v 2.91666651 0 1.15483999e-07
v 2.08333325 0 1.15483999e-07
v 3.33333302 0 -0.416666567
v 3.33333302 0 -1.24999988
v 3.75 0 1.15483999e-07
v 4.58333302 0 1.15483999e-07
v 3.33333302 0 0.416666806
v 3.33333302 0 1.25000012
v 2.91666651 0.0236803815 -3.27864552
v 2.08333325 0.0236803815 -3.27864552
v 3.33333302 0.0465150326 -3.64257789
v 3.33333302 0.128268719 -4.28710938
v 3.75 0.0236803815 -3.27864575
v 4.58333302 0.0236803815 -3.27864575
v 3.33333302 0.0098668253 -2.89388013
v 3.33333302 0.000281909306 -2.08268213
v 3.33333302 0.479527712 -5.14257812
v 3.33333302 0.272606313 -4.78710938
v 2.91666651 0.601030648 -5.27864552
v 2.08333349 0.601030648 -5.27864552
v 3.33333349 0.731554747 -5.39387989
v 3.33333349 1.01064479 -5.58268166
v 3.75 0.601030648 -5.27864552
v 4.58333302 0.601030648 -5.27864552
v 5.77419996e-08 0.479527712 -5.14257812
v 2.60770321e-08 0.272606313 -4.78710938
v -0.416666567 0.601030648 -5.27864552
v -1.24999988 0.601030648 -5.27864552
v 6.51925802e-08 0.731554747 -5.39387989
v 8.7544322e-08 1.01064479 -5.58268166
v 0.416666716 0.601030648 -5.27864552
v 1.25 0.601030648 -5.27864552
v -3.33333302 0.479527712 -5.14257812
v -3.33333302 0.272606313 -4.78710938
v -3.75 0.601030648 -5.27864552
v -4.58333302 0.601030648 -5.27864552
v -3.33333302 0.731554747 -5.39387989
v -3.33333302 1.01064479 -5.58268213
v -2.91666651 0.601030648 -5.27864552
v -2.08333325 0.601030648 -5.27864552
v 3.33333349 1.58771324 -5.91666651
v 3.33333349 1.29903793 -5.75
v 2.91666698 1.73205066 -6
v 2.08333349 1.73205078 -6
v 3.33333349 1.87638831 -6.08333397
v 3.33333349 2.16506338 -6.25
v 3.75 1.73205066 -6
v 4.58333349 1.73205066 -6
v 1.09896064e-07 1.58771324 -5.91666651
v 9.12696123e-08 1.29903793 -5.75
v -0.416666567 1.73205066 -6
v -1.24999988 1.73205078 -6
v 1.15483999e-07 1.87638831 -6.08333397
v 1.15483999e-07 2.16506338 -6.25
v 0.416666806 1.73205066 -6
v 1.25000012 1.73205066 -6
v -3.33333302 1.58771324 -5.91666698
v -3.33333302 1.29903793 -5.75
v -3.75 1.73205066 -6
v -4.58333302 1.7320509 -6
v -3.33333302 1.87638831 -6.08333397
v -3.33333302 2.16506338 -6.25
v -2.91666651 1.73205066 -6
v -2.08333325 1.73205066 -6
v 3.33333349 2.74241352 -6.58333397
v 3.33333349 2.45373845 -6.41666698
v 2.91666698 2.88675117 -6.66666698
v 2.08333349 2.88675117 -6.66666698
v 3.33333349 3.03108883 -6.75
v 3.33333349 3.31976414 -6.91666698
v 3.75 2.88675117 -6.66666698
v 4.58333349 2.88675117 -6.66666698
v 1.15483999e-07 2.74241352 -6.58333397
v 1.15483999e-07 2.45373845 -6.41666698
v -0.416666567 2.88675117 -6.66666698
v -1.24999988 2.88675117 -6.66666698
v 1.15483999e-07 3.03108883 -6.75
v 1.15483999e-07 3.31976414 -6.91666698
v 0.416666806 2.88675117 -6.66666698
v 1.25000012 2.88675117 -6.66666698
v -3.33333302 2.74241352 -6.58333397
v -3.33333302 2.45373845 -6.41666698
v -3.75 2.88675117 -6.66666698
v -4.58333302 2.88675117 -6.66666698
v -3.33333302 3.03108883 -6.75
v -3.33333302 3.31976414 -6.91666698
v -2.91666651 2.88675117 -6.66666698
v -2.08333325 2.88675117 -6.66666698
v -5 0 3.75000024
v -5 0 4.58333349
v -5 0 2.91666675
v -5 0 2.08333349
v -3.75000024 0 1.66666675
v -4.58333349 0 1.66666675
v -2.91666675 0 1.66666675
v -2.08333349 0 1.66666675
v -1.66666675 0 2.91666698
v -1.66666675 0 2.08333349
v -1.66666675 0 3.75000024
v -1.66666675 0 4.58333349
v -2.91666675 0 5
v -2.08333349 0 5
v -3.75000024 0 5
v -4.58333349 0 5
v -5 0 0.416666776
v -5 0 1.25000012
v -5 0 -0.416666538
v -5 0 -1.24999988
v -3.75000024 0 -1.66666651
v -4.58333349 0 -1.66666651
v -2.91666675 0 -1.66666651
v -2.08333349 0 -1.66666651
v -1.66666675 0 -0.416666567
v -1.66666675 0 -1.24999988
v -1.66666675 0 0.416666746
v -1.66666675 0 1.25
v -5 0.0098668253 -2.89388013
v -5 0.000281909306 -2.08268213
v -5 0.0465150326 -3.64257812
v -5 0.128268719 -4.28710938
v -3.75 0.191698328 -4.55729103
v -4.58333302 0.191698328 -4.55729103
v -2.91666651 0.191698328 -4.55729103
v -2.08333325 0.191698328 -4.55729103
v -1.66666675 0.0465150326 -3.64257812
v -1.66666675 0.128268719 -4.28710938
v -1.66666675 0.0098668253 -2.89388037
v -1.66666675 0.000281909306 -2.08268213
v -0.416666746 0 1.66666675
v -1.25 0 1.66666675
v 0.416666567 0 1.66666675
v 1.24999988 0 1.66666675
v 1.66666651 0 2.91666698
v 1.66666651 0 2.08333349
v 1.66666651 0 3.75000024
v 1.66666651 0 4.58333349
v 0.416666538 0 5
v 1.24999988 0 5
v -0.416666776 0 5
v -1.25000012 0 5
v -0.416666746 0 -1.66666651
v -1.25 0 -1.66666651
v 0.416666567 0 -1.66666651
v 1.24999988 0 -1.66666651
v 1.66666651 0 -0.416666567
v 1.66666651 0 -1.24999988
v 1.66666651 0 0.416666746
v 1.66666651 0 1.25
v -0.416666627 0.191698328 -4.55729103
v -1.25 0.191698328 -4.55729103
v 0.416666687 0.191698328 -4.55729103
v 1.25 0.191698328 -4.55729103
v 1.66666651 0.0465150326 -3.64257812
v 1.66666651 0.128268719 -4.28710938
v 1.66666651 0.0098668253 -2.89388037
v 1.66666651 0.000281909306 -2.08268213
v 2.91666651 0 1.66666675
v 2.08333325 0 1.66666675
v 3.75 0 1.66666675
v 4.58333302 0 1.66666675
v 5 0 2.91666675
v 5 0 2.08333349
v 5 0 3.75000024
v 5 0 4.58333349
v 3.75 0 5
v 4.58333302 0 5
v 2.91666651 0 5
v 2.08333325 0 5
v 2.91666651 0 -1.66666651
v 2.08333325 0 -1.66666651
v 3.75 0 -1.66666651
v 4.58333302 0 -1.66666651
v 5 0 -0.416666538
v 5 0 -1.24999988
v 5 0 0.416666776
v 5 0 1.25000012
v 2.91666651 0.191698328 -4.55729103
v 2.08333325 0.191698328 -4.55729103
v 3.75 0.191698328 -4.55729103
v 4.58333302 0.191698328 -4.55729103
v 5 0.0465150326 -3.64257812
v 5 0.128268719 -4.28710938
v 5 0.0098668253 -2.89388013
v 5 0.000281909306 -2.08268213
v 1.66666675 0.479527712 -5.14257812
v 1.66666651 0.272606313 -4.78710938
v 1.66666675 0.731554687 -5.39387989
v 1.66666675 1.01064467 -5.58268166
v 2.91666698 1.15470052 -5.66666603
v 2.08333349 1.15470052 -5.66666603
v 3.75000024 1.15470052 -5.66666698
v 4.58333302 1.15470052 -5.66666698
v 5 0.731554627 -5.39387989
v 5 1.01064491 -5.58268261
v 5 0.479527712 -5.14257812
v 5 0.272606283 -4.78710938
v -1.66666651 0.479527712 -5.14257812
v -1.66666651 0.272606313 -4.78710938
v -1.66666651 0.731554687 -5.39387989
v -1.66666651 1.01064467 -5.58268166
v -0.416666567 1.15470052 -5.66666603
v -1.24999988 1.15470052 -5.66666603
v 0.416666746 1.15470052 -5.66666603
v 1.25 1.15470052 -5.66666603
v -5 0.479527712 -5.14257812
v -5 0.272606283 -4.78710938
v -5 0.731554627 -5.39387989
v -5 1.01064491 -5.58268261
v -3.74999976 1.15470052 -5.66666698
v -4.58333302 1.15470052 -5.66666698
v -2.91666651 1.15470052 -5.66666603
v -2.08333325 1.15470052 -5.66666603
v 1.66666675 1.58771324 -5.91666651
v 1.66666675 1.29903793 -5.75
v 1.66666675 1.87638831 -6.08333397
v 1.66666675 2.16506338 -6.25000048
v 2.91666698 2.30940104 -6.33333397
v 2.08333349 2.30940104 -6.33333397
v 3.75000024 2.30940104 -6.33333397
v 4.58333349 2.30940104 -6.33333397
v 5 1.87638831 -6.08333349
v 5 2.16506338 -6.25
v 5 1.58771324 -5.91666651
v 5 1.29903805 -5.75
v -1.66666651 1.58771324 -5.91666651
v -1.66666651 1.29903793 -5.75
v -1.66666651 1.87638831 -6.08333397
v -1.66666651 2.16506338 -6.25000048
v -0.416666567 2.30940104 -6.33333397
v -1.24999988 2.30940104 -6.33333397
v 0.416666746 2.30940104 -6.33333397
v 1.25 2.30940104 -6.33333397
v -5 1.58771324 -5.91666651
v -5 1.29903805 -5.75
v -5 1.87638831 -6.08333349
v -5 2.16506338 -6.25
v -3.74999976 2.30940104 -6.33333397
v -4.58333302 2.30940104 -6.33333397
v -2.91666651 2.30940104 -6.33333397
v -2.08333325 2.30940104 -6.33333397
v 1.66666675 2.74241352 -6.58333397
v 1.66666675 2.45373845 -6.41666698
v 1.66666675 3.03108883 -6.75
v 1.66666675 3.31976414 -6.91666698
v 2.91666675 3.46410155 -7
v 2.08333349 3.46410155 -7
v 3.75000024 3.46410155 -7
v 4.58333349 3.46410155 -7
v 5 3.03108883 -6.75
v 5 3.31976414 -6.91666651
v 5 2.74241352 -6.58333349
v 5 2.45373869 -6.41666651
v -1.66666651 2.74241352 -6.58333397
v -1.66666651 2.45373845 -6.41666698
v -1.66666651 3.03108883 -6.75
v -1.66666651 3.31976414 -6.91666698
v -0.416666538 3.46410155 -7
v -1.24999988 3.46410155 -7
v 0.416666776 3.46410155 -7
v 1.25000012 3.46410155 -7
v -5 2.74241352 -6.58333349
v -5 2.45373869 -6.41666651
v -5 3.03108883 -6.75
v -5 3.31976414 -6.91666651
v -3.75 3.46410155 -7
v -4.58333302 3.46410155 -7
v -2.91666651 3.46410155 -7
v -2.08333325 3.46410155 -7
v -4.79166698 0 4.79166698
v -4.79166698 0 4.375
v -4.375 0 4.375
v -4.375 0 4.79166698
v -4.79166698 0 3.95833349
v -4.79166698 0 3.54166698
v -4.375 0 3.54166698
v -4.375 0 3.95833349
v -3.95833349 0 3.95833349
v -3.95833349 0 3.54166698
v -3.54166698 0 3.54166698
v -3.54166698 0 3.95833349
v -3.95833349 0 4.79166698
v -3.95833349 0 4.375
v -3.54166698 0 4.375
v -3.54166698 0 4.79166698
v -4.79166698 0 3.125
v -4.79166698 0 2.70833349
v -4.375 0 2.70833349
v -4.375 0 3.125
v -4.79166698 0 2.29166675
v -4.79166698 0 1.87500012
v -4.375 0 1.87500012
v -4.375 0 2.29166675
v -3.95833349 0 2.29166675
v -3.95833349 0 1.87500012
v -3.54166698 0 1.87500012
v -3.54166698 0 2.29166675
v -3.95833349 0 3.125
v -3.95833349 0 2.70833349
v -3.54166698 0 2.70833349
v -3.54166698 0 3.125
v -3.12500024 0 3.125
v -3.12500024 0 2.70833349
v -2.70833349 0 2.70833349
v -2.70833349 0 3.125
v -3.12500024 0 2.29166675
v -3.12500024 0 1.87500012
v -2.70833349 0 1.87500012
v -2.70833349 0 2.29166675
v -2.29166675 0 2.29166675
v -2.29166675 0 1.87500012
v -1.87500024 0 1.87500012
v -1.87500024 0 2.29166675
v -2.29166675 0 3.125
v -2.29166675 0 2.70833349
v -1.87500024 0 2.70833349
v -1.87500024 0 3.125
v -3.12500024 0 4.79166698
v -3.12500024 0 4.375
v -2.70833349 0 4.375
v -2.70833349 0 4.79166698
v -3.12500024 0 3.95833349
v -3.12500024 0 3.54166698
v -2.70833349 0 3.54166698
v -2.70833349 0 3.95833349
v -2.29166675 0 3.95833349
v -2.29166675 0 3.54166698
v -1.87500024 0 3.54166698
v -1.87500024 0 3.95833349
v -2.29166675 0 4.79166698
v -2.29166675 0 4.375
v -1.87500024 0 4.375
v -1.87500024 0 4.79166698
v -4.79166698 0 1.45833349
v -4.79166698 0 1.04166675
v -4.375 0 1.04166675
v -4.375 0 1.45833349
v -4.79166698 0 0.625000119
v -4.79166698 0 0.208333448
v -4.375 0 0.208333448
v -4.375 0 0.625000119
v -3.95833349 0 0.625000119
v -3.95833349 0 0.208333448
v -3.54166698 0 0.208333448
v -3.54166698 0 0.625000119
v -3.95833349 0 1.45833349
v -3.95833349 0 1.04166675
v -3.54166698 0 1.04166675
v -3.54166698 0 1.45833349
v -4.79166698 0 -0.208333209
v -4.79166698 0 -0.624999881
v -4.375 0 -0.624999881
v -4.375 0 -0.208333209
v -4.79166698 0 -1.04166651
v -4.79166698 0 -1.45833325
v -4.375 0 -1.45833325
v -4.375 0 -1.04166651
v -3.95833349 0 -1.04166651
v -3.95833349 0 -1.45833325
v -3.54166698 0 -1.45833325
v -3.54166698 0 -1.04166651
v -3.95833349 0 -0.208333209
v -3.95833349 0 -0.624999881
v -3.54166698 0 -0.624999881
v -3.54166698 0 -0.208333209
v -3.12500024 0 -0.208333209
v -3.12500024 0 -0.624999881
v -2.70833349 0 -0.624999881
v -2.70833349 0 -0.208333209
v -3.12500024 0 -1.04166651
v -3.12500024 0 -1.45833325
v -2.70833349 0 -1.45833325
v -2.70833349 0 -1.04166651
v -2.29166675 0 -1.04166651
v -2.29166675 0 -1.45833325
v -1.87500024 0 -1.45833325
v -1.87500024 0 -1.04166651
v -2.29166675 0 -0.208333209
v -2.29166675 0 -0.624999881
v -1.87500024 0 -0.624999881
v -1.87500024 0 -0.208333209
v -3.12500024 0 1.45833349
v -3.12500024 0 1.04166675
v -2.70833349 0 1.04166675
v -2.70833349 0 1.45833349
v -3.12500024 0 0.625000119
v -3.12500024 0 0.208333448
v -2.70833349 0 0.208333448
v -2.70833349 0 0.625000119
v -2.29166675 0 0.625000119
v -2.29166675 0 0.208333448
v -1.87500024 0 0.208333448
v -1.87500024 0 0.625000119
v -2.29166675 0 1.45833349
v -2.29166675 0 1.04166675
v -1.87500024 0 1.04166675
v -1.87500024 0 1.45833349
v -4.79166698 0 -1.87499988
v -4.79166698 0.00112763722 -2.2890625
v -4.375 0.00112763722 -2.2890625
v -4.375 0 -1.87499988
v -4.79166698 0.00563818589 -2.6953125
v -4.79166651 0.0157869197 -3.08854151
v -4.375 0.0157869197 -3.08854151
v -4.375 0.00563818589 -2.6953125
v -3.95833349 0.00563818589 -2.6953125
v -3.95833349 0.0157869197 -3.08854151
v -3.54166698 0.0157869197 -3.08854151
v -3.54166698 0.00563818589 -2.6953125
v -3.95833349 0 -1.87499988
v -3.95833349 0.00112763722 -2.2890625
v -3.54166698 0.00112763722 -2.2890625
v -3.54166698 0 -1.87499988
v -4.79166651 0.0338291153 -3.46354151
v -4.79166651 0.0620200448 -3.81510401
v -4.375 0.0620200448 -3.81510401
v -4.375 0.0338291153 -3.46354151
v -4.79166651 0.102614984 -4.13802052
v -4.79166651 0.15786919 -4.42708302
v -4.37499952 0.15786919 -4.42708302
v -4.37499952 0.102614984 -4.13802052
v -3.95833325 0.102614984 -4.13802052
v -3.95833325 0.15786919 -4.42708302
v -3.54166698 0.15786919 -4.42708302
v -3.54166698 0.102614984 -4.13802052
v -3.95833349 0.0338291153 -3.46354151
v -3.95833349 0.0620200448 -3.81510401
v -3.54166698 0.0620200448 -3.81510401
v -3.54166698 0.0338291153 -3.46354151
v -3.12500024 0.0338291153 -3.46354151
v -3.12500024 0.0620200448 -3.81510377
v -2.70833349 0.0620200448 -3.81510377
v -2.70833349 0.0338291153 -3.46354151
v -3.12500024 0.102614984 -4.13802052
v -3.12500024 0.15786919 -4.42708302
v -2.70833325 0.15786919 -4.42708302
v -2.70833349 0.102614984 -4.13802052
v -2.29166651 0.102614984 -4.13802052
v -2.29166651 0.15786919 -4.42708302
v -1.875 0.15786919 -4.42708302
v -1.87500024 0.102614984 -4.13802052
v -2.29166675 0.0338291153 -3.46354151
v -2.29166675 0.0620200448 -3.81510401
v -1.87500024 0.0620200448 -3.81510401
v -1.87500024 0.0338291153 -3.46354151
v -3.12500024 0 -1.87499988
v -3.12500024 0.00112763722 -2.2890625
v -2.70833349 0.00112763722 -2.2890625
v -2.70833349 0 -1.87499988
v -3.12500024 0.00563818589 -2.6953125
v -3.12500024 0.0157869197 -3.08854151
v -2.70833349 0.0157869197 -3.08854151
v -2.70833349 0.00563818589 -2.6953125
v -2.29166675 0.00563818589 -2.6953125
v -2.29166675 0.0157869197 -3.08854151
v -1.87500024 0.0157869197 -3.08854151
v -1.87500024 0.00563818589 -2.6953125
v -2.29166675 0 -1.87499988
v -2.29166675 0.00112763722 -2.2890625
v -1.87500024 0.00112763722 -2.2890625
v -1.87500024 0 -1.87499988
v -1.45833337 0 4.79166698
v -1.45833337 0 4.375
v -1.04166675 0 4.375
v -1.04166675 0 4.79166698
v -1.45833337 0 3.95833349
v -1.45833337 0 3.54166698
v -1.04166675 0 3.54166698
v -1.04166675 0 3.95833349
v -0.62500006 0 3.95833349
v -0.62500006 0 3.54166698
v -0.208333433 0 3.54166698
v -0.208333433 0 3.95833349
v -0.62500006 0 4.79166698
v -0.62500006 0 4.375
v -0.208333433 0 4.375
v -0.208333433 0 4.79166698
v -1.45833337 0 3.125
v -1.45833337 0 2.70833349
v -1.04166675 0 2.70833349
v -1.04166675 0 3.125
v -1.45833337 0 2.29166675
v -1.45833337 0 1.87500012
v -1.04166675 0 1.87500012
v -1.04166675 0 2.29166675
v -0.62500006 0 2.29166675
v -0.62500006 0 1.87500012
v -0.208333433 0 1.87500012
v -0.208333433 0 2.29166675
v -0.62500006 0 3.125
v -0.62500006 0 2.70833349
v -0.208333433 0 2.70833349
v -0.208333433 0 3.125
v 0.208333224 0 3.125
v 0.208333224 0 2.70833349
v 0.624999881 0 2.70833349
v 0.624999881 0 3.125
v 0.208333224 0 2.29166675
v 0.208333224 0 1.87500012
v 0.624999881 0 1.87500012
v 0.624999881 0 2.29166675
v 1.04166663 0 2.29166675
v 1.04166663 0 1.87500012
v 1.45833313 0 1.87500012
v 1.45833313 0 2.29166675
v 1.04166651 0 3.125
v 1.04166651 0 2.70833349
v 1.45833313 0 2.70833349
v 1.45833313 0 3.125
v 0.208333224 0 4.79166698
v 0.208333224 0 4.375
v 0.624999881 0 4.375
v 0.624999881 0 4.79166698
v 0.208333224 0 3.95833349
v 0.208333224 0 3.54166698
v 0.624999881 0 3.54166698
v 0.624999881 0 3.95833349
v 1.04166663 0 3.95833349
v 1.04166663 0 3.54166698
v 1.45833313 0 3.54166698
v 1.45833313 0 3.95833349
v 1.04166651 0 4.79166698
v 1.04166651 0 4.375
v 1.45833313 0 4.375
v 1.45833313 0 4.79166698
v -1.45833337 0 1.45833349
v -1.45833337 0 1.04166675
v -1.04166675 0 1.04166675
v -1.04166675 0 1.45833349
v -1.45833337 0 0.625000119
v -1.45833337 0 0.208333448
v -1.04166675 0 0.208333448
v -1.04166675 0 0.625000119
v -0.62500006 0 0.625000119
v -0.62500006 0 0.208333448
v -0.208333433 0 0.208333448
v -0.208333433 0 0.625000119
v -0.62500006 0 1.45833349
v -0.62500006 0 1.04166675
v -0.208333433 0 1.04166675
v -0.208333433 0 1.45833349
v -1.45833337 0 -0.208333209
v -1.45833337 0 -0.624999881
v -1.04166675 0 -0.624999881
v -1.04166675 0 -0.208333209
v -1.45833337 0 -1.04166651
v -1.45833337 0 -1.45833325
v -1.04166675 0 -1.45833325
v -1.04166675 0 -1.04166651
v -0.62500006 0 -1.04166651
v -0.62500006 0 -1.45833325
v -0.208333433 0 -1.45833325
v -0.208333433 0 -1.04166651
v -0.62500006 0 -0.208333209
v -0.62500006 0 -0.624999881
v -0.208333433 0 -0.624999881
v -0.208333433 0 -0.208333209
v 0.208333224 0 -0.208333209
v 0.208333224 0 -0.624999881
v 0.624999881 0 -0.624999881
v 0.624999881 0 -0.208333209
v 0.208333224 0 -1.04166651
v 0.208333224 0 -1.45833325
v 0.624999881 0 -1.45833325
v 0.624999881 0 -1.04166651
v 1.04166663 0 -1.04166651
v 1.04166663 0 -1.45833325
v 1.45833313 0 -1.45833325
v 1.45833313 0 -1.04166651
v 1.04166651 0 -0.208333209
v 1.04166651 0 -0.624999881
v 1.45833313 0 -0.624999881
v 1.45833313 0 -0.208333209
v 0.208333224 0 1.45833349
v 0.208333224 0 1.04166675
v 0.624999881 0 1.04166675
v 0.624999881 0 1.45833349
v 0.208333224 0 0.625000119
v 0.208333224 0 0.208333448
v 0.624999881 0 0.208333448
v 0.624999881 0 0.625000119
v 1.04166663 0 0.625000119
v 1.04166663 0 0.208333448
v 1.45833313 0 0.208333448
v 1.45833313 0 0.625000119
v 1.04166651 0 1.45833349
v 1.04166651 0 1.04166675
v 1.45833313 0 1.04166675
v 1.45833313 0 1.45833349
v -1.45833337 0 -1.87499988
v -1.45833337 0.00112763722 -2.2890625
v -1.04166675 0.00112763722 -2.2890625
v -1.04166675 0 -1.87499988
v -1.45833337 0.00563818589 -2.6953125
v -1.45833337 0.0157869197 -3.08854151
v -1.04166675 0.0157869197 -3.08854151
v -1.04166675 0.00563818589 -2.6953125
v -0.62500006 0.00563818589 -2.6953125
v -0.62500006 0.0157869197 -3.08854151
v -0.208333403 0.0157869197 -3.08854151
v -0.208333433 0.00563818589 -2.6953125
v -0.62500006 0 -1.87499988
v -0.62500006 0.00112763722 -2.2890625
v -0.208333433 0.00112763722 -2.2890625
v -0.208333433 0 -1.87499988
v -1.45833337 0.0338291153 -3.46354151
v -1.45833337 0.0620200448 -3.81510401
v -1.04166675 0.0620200448 -3.81510401
v -1.04166675 0.0338291153 -3.46354151
v -1.45833337 0.102614984 -4.13802052
v -1.45833325 0.15786919 -4.42708302
v -1.04166663 0.15786919 -4.42708302
v -1.04166675 0.102614984 -4.13802052
v -0.62500006 0.102614984 -4.13802052
v -0.62500006 0.15786919 -4.42708302
v -0.208333343 0.15786919 -4.42708302
v -0.208333358 0.102614984 -4.13802052
v -0.62500006 0.0338291153 -3.46354151
v -0.62500006 0.0620200448 -3.81510401
v -0.208333388 0.0620200448 -3.81510401
v -0.208333403 0.0338291153 -3.46354151
v 0.208333254 0.0338291153 -3.46354151
v 0.208333254 0.0620200448 -3.81510377
v 0.624999881 0.0620200448 -3.81510377
v 0.624999881 0.0338291153 -3.46354151
v 0.208333284 0.102614984 -4.13802052
v 0.208333313 0.15786919 -4.42708302
v 0.625 0.15786919 -4.42708302
v 0.62499994 0.102614984 -4.13802052
v 1.04166663 0.102614984 -4.13802052
v 1.04166663 0.15786919 -4.42708302
v 1.45833325 0.15786919 -4.42708302
v 1.45833313 0.102614984 -4.13802052
v 1.04166663 0.0338291153 -3.46354151
v 1.04166663 0.0620200448 -3.81510401
v 1.45833313 0.0620200448 -3.81510401
v 1.45833313 0.0338291153 -3.46354151
v 0.208333224 0 -1.87499988
v 0.208333239 0.00112763722 -2.2890625
v 0.624999881 0.00112763722 -2.2890625
v 0.624999881 0 -1.87499988
v 0.208333239 0.00563818589 -2.6953125
v 0.208333239 0.0157869197 -3.08854151
v 0.624999881 0.0157869197 -3.08854151
v 0.624999881 0.00563818589 -2.6953125
v 1.04166663 0.00563818589 -2.6953125
v 1.04166663 0.0157869197 -3.08854151
v 1.45833313 0.0157869197 -3.08854151
v 1.45833313 0.00563818589 -2.6953125
v 1.04166651 0 -1.87499988
v 1.04166651 0.00112763722 -2.2890625
v 1.45833313 0.00112763722 -2.2890625
v 1.45833313 0 -1.87499988
v 1.87499976 0 4.79166698
v 1.87499976 0 4.375
v 2.29166651 0 4.375
v 2.29166651 0 4.79166698
v 1.87499976 0 3.95833349
v 1.87499976 0 3.54166698
v 2.29166651 0 3.54166698
v 2.29166651 0 3.95833349
v 2.70833325 0 3.95833349
v 2.70833325 0 3.54166698
v 3.12499976 0 3.54166698
v 3.12499976 0 3.95833349
v 2.70833325 0 4.79166698
v 2.70833325 0 4.375
v 3.12499976 0 4.375
v 3.12499976 0 4.79166698
v 1.87499976 0 3.125
v 1.87499976 0 2.70833349
v 2.29166651 0 2.70833349
v 2.29166651 0 3.125
v 1.87499976 0 2.29166675
v 1.87499976 0 1.87500012
v 2.29166651 0 1.87500012
v 2.29166651 0 2.29166675
v 2.70833325 0 2.29166675
v 2.70833325 0 1.87500012
v 3.12499976 0 1.87500012
v 3.12499976 0 2.29166675
v 2.70833325 0 3.125
v 2.70833325 0 2.70833349
v 3.12499976 0 2.70833349
v 3.12499976 0 3.125
v 3.54166651 0 3.125
v 3.54166651 0 2.70833349
v 3.95833302 0 2.70833349
v 3.95833302 0 3.125
v 3.54166651 0 2.29166675
v 3.54166651 0 1.87500012
v 3.95833302 0 1.87500012
v 3.95833278 0 2.29166675
v 4.37499952 0 2.29166675
v 4.37499952 0 1.87500012
v 4.79166651 0 1.87500012
v 4.79166651 0 2.29166675
v 4.375 0 3.125
v 4.37499952 0 2.70833349
v 4.79166651 0 2.70833349
v 4.79166651 0 3.125
v 3.54166651 0 4.79166698
v 3.54166651 0 4.375
v 3.95833302 0 4.375
v 3.95833302 0 4.79166698
v 3.54166651 0 3.95833349
v 3.54166651 0 3.54166698
v 3.95833302 0 3.54166698
v 3.95833302 0 3.95833349
v 4.375 0 3.95833349
v 4.375 0 3.54166698
v 4.79166651 0 3.54166698
v 4.79166651 0 3.95833349
v 4.375 0 4.79166698
v 4.375 0 4.375
v 4.79166651 0 4.375
v 4.79166651 0 4.79166698
v 1.87499976 0 1.45833349
v 1.87499976 0 1.04166675
v 2.29166651 0 1.04166675
v 2.29166651 0 1.45833349
v 1.87499976 0 0.625000119
v 1.87499976 0 0.208333448
v 2.29166651 0 0.208333448
v 2.29166651 0 0.625000119
v 2.70833325 0 0.625000119
v 2.70833325 0 0.208333448
v 3.12499976 0 0.208333448
v 3.12499976 0 0.625000119
v 2.70833325 0 1.45833349
v 2.70833325 0 1.04166675
v 3.12499976 0 1.04166675
v 3.12499976 0 1.45833349
v 1.87499976 0 -0.208333209
v 1.87499976 0 -0.624999881
v 2.29166651 0 -0.624999881
v 2.29166651 0 -0.208333209
v 1.87499976 0 -1.04166651
v 1.87499976 0 -1.45833325
v 2.29166651 0 -1.45833325
v 2.29166651 0 -1.04166651
v 2.70833325 0 -1.04166651
v 2.70833325 0 -1.45833325
v 3.12499976 0 -1.45833325
v 3.12499976 0 -1.04166651
v 2.70833325 0 -0.208333209
v 2.70833325 0 -0.624999881
v 3.12499976 0 -0.624999881
v 3.12499976 0 -0.208333209
v 3.54166651 0 -0.208333209
v 3.54166651 0 -0.624999881
v 3.95833302 0 -0.624999881
v 3.95833302 0 -0.208333209
v 3.54166651 0 -1.04166651
v 3.54166651 0 -1.45833325
v 3.95833302 0 -1.45833325
v 3.95833278 0 -1.04166651
v 4.37499952 0 -1.04166651
v 4.37499952 0 -1.45833325
v 4.79166651 0 -1.45833325
v 4.79166651 0 -1.04166651
v 4.375 0 -0.208333209
v 4.37499952 0 -0.624999881
v 4.79166651 0 -0.624999881
v 4.79166651 0 -0.208333209
v 3.54166651 0 1.45833349
v 3.54166651 0 1.04166675
v 3.95833302 0 1.04166675
v 3.95833302 0 1.45833349
v 3.54166651 0 0.625000119
v 3.54166651 0 0.208333448
v 3.95833302 0 0.208333448
v 3.95833302 0 0.625000119
v 4.375 0 0.625000119
v 4.375 0 0.208333448
v 4.79166651 0 0.208333448
v 4.79166651 0 0.625000119
v 4.375 0 1.45833349
v 4.375 0 1.04166675
v 4.79166651 0 1.04166675
v 4.79166651 0 1.45833349
v 1.87499976 0 -1.87499988
v 1.87499976 0.00112763722 -2.2890625
v 2.29166651 0.00112763722 -2.2890625
v 2.29166651 0 -1.87499988
v 1.87499976 0.00563818589 -2.6953125
v 1.87499976 0.0157869197 -3.08854151
v 2.29166651 0.0157869197 -3.08854151
v 2.29166651 0.00563818589 -2.6953125
v 2.70833325 0.00563818589 -2.6953125
v 2.70833325 0.0157869197 -3.08854151
v 3.12499976 0.0157869197 -3.08854151
v 3.12499976 0.00563818589 -2.6953125
v 2.70833325 0 -1.87499988
v 2.70833325 0.00112763722 -2.2890625
v 3.12499976 0.00112763722 -2.2890625
v 3.12499976 0 -1.87499988
v 1.87499976 0.0338291153 -3.46354151
v 1.87499976 0.0620200448 -3.81510401
v 2.29166651 0.0620200448 -3.81510401
v 2.29166651 0.0338291153 -3.46354151
v 1.87499976 0.102614984 -4.13802052
v 1.87499976 0.15786919 -4.42708302
v 2.29166651 0.15786919 -4.42708302
v 2.29166651 0.102614984 -4.13802052
v 2.70833325 0.102614984 -4.13802052
v 2.70833325 0.15786919 -4.42708302
v 3.12499976 0.15786919 -4.42708302
v 3.12499976 0.102614984 -4.13802052
v 2.70833325 0.0338291153 -3.46354151
v 2.70833325 0.0620200448 -3.81510401
v 3.12499976 0.0620200448 -3.81510401
v 3.12499976 0.0338291153 -3.46354151
v 3.54166651 0.0338291153 -3.46354151
v 3.54166651 0.0620200448 -3.81510377
v 3.95833302 0.0620200448 -3.81510377
v 3.95833302 0.0338291153 -3.46354151
v 3.54166651 0.102614984 -4.13802052
v 3.54166651 0.15786919 -4.42708302
v 3.95833302 0.15786919 -4.42708302
v 3.95833278 0.102614984 -4.13802052
v 4.37499952 0.102614984 -4.13802052
v 4.37499952 0.15786919 -4.42708302
v 4.79166651 0.15786919 -4.42708302
v 4.79166651 0.102614984 -4.13802052
v 4.375 0.0338291153 -3.46354151
v 4.37499952 0.0620200448 -3.81510401
v 4.79166651 0.0620200448 -3.81510401
v 4.79166651 0.0338291153 -3.46354151
v 3.54166651 0 -1.87499988
v 3.54166651 0.00112763722 -2.2890625
v 3.95833302 0.00112763722 -2.2890625
v 3.95833302 0 -1.87499988
v 3.54166651 0.00563818589 -2.6953125
v 3.54166651 0.0157869197 -3.08854151
v 3.95833302 0.0157869197 -3.08854151
v 3.95833302 0.00563818589 -2.6953125
v 4.375 0.00563818589 -2.6953125
v 4.375 0.0157869197 -3.08854151
v 4.79166651 0.0157869197 -3.08854151
v 4.79166651 0.00563818589 -2.6953125
v 4.375 0 -1.87499988
v 4.375 0.00112763722 -2.2890625
v 4.79166651 0.00112763722 -2.2890625
v 4.79166651 0 -1.87499988
v 4.79166651 0.230037987 -4.67708302
v 4.375 0.230037987 -4.67708302
v 4.375 0.319121331 -4.88802052
v 4.79166651 0.319121331 -4.88802052
v 3.95833302 0.230037987 -4.67708302
v 3.54166651 0.230037987 -4.67708302
v 3.54166651 0.319121331 -4.88802052
v 3.95833302 0.319121331 -4.88802052
v 3.95833302 0.42286396 -5.06510401
v 3.54166651 0.42286396 -5.06510401
v 3.54166651 0.539010584 -5.21354151
v 3.95833302 0.539010584 -5.21354151
v 4.79166651 0.42286396 -5.06510401
v 4.375 0.42286396 -5.06510401
v 4.375 0.539010584 -5.21354151
v 4.79166651 0.539010584 -5.21354151
v 3.12499976 0.230037987 -4.67708302
v 2.70833325 0.230037987 -4.67708302
v 2.70833325 0.319121331 -4.88802052
v 3.12499976 0.319121331 -4.88802052
v 2.29166651 0.230037987 -4.67708302
v 1.875 0.230037987 -4.67708302
v 1.87500012 0.319121331 -4.88802052
v 2.29166651 0.319121331 -4.88802052
v 2.29166675 0.42286396 -5.06510401
v 1.87500012 0.42286396 -5.06510401
v 1.87500012 0.539010584 -5.21354151
v 2.29166675 0.539010584 -5.21354151
v 3.12499976 0.42286396 -5.06510401
v 2.70833325 0.42286396 -5.06510401
v 2.70833325 0.539010584 -5.21354151
v 3.125 0.539010584 -5.21354151
v 3.125 0.665305972 -5.33854151
v 2.70833325 0.665305972 -5.33854151
v 2.70833325 0.799494803 -5.44531202
v 3.125 0.799494803 -5.44531202
v 2.29166675 0.665305972 -5.33854151
v 1.87500012 0.665305972 -5.33854151
v 1.87500012 0.799494803 -5.44531202
v 2.29166675 0.799494803 -5.44531202
v 2.29166675 0.939321756 -5.53906155
v 1.87500012 0.939321756 -5.53906155
v 1.87500012 1.08253169 -5.62499952
v 2.29166675 1.08253169 -5.62499952
v 3.125 0.939321756 -5.53906155
v 2.70833349 0.939321756 -5.53906155
v 2.70833349 1.08253169 -5.62499952
v 3.125 1.08253169 -5.62499952
v 4.79166651 0.665305972 -5.33854151
v 4.375 0.665305972 -5.33854151
v 4.375 0.799494803 -5.4453125
v 4.79166651 0.799494803 -5.44531202
v 3.95833302 0.665305972 -5.33854151
v 3.54166675 0.665305972 -5.33854151
v 3.54166675 0.799494803 -5.44531202
v 3.95833302 0.799494803 -5.4453125
v 3.95833349 0.939321756 -5.5390625
v 3.54166675 0.939321756 -5.53906155
v 3.54166698 1.08253169 -5.625
v 3.95833349 1.08253169 -5.625
v 4.79166651 0.939321756 -5.5390625
v 4.375 0.939321756 -5.53906298
v 4.375 1.08253169 -5.625
v 4.79166651 1.08253169 -5.625
v 1.45833325 0.230037987 -4.67708302
v 1.04166675 0.230037987 -4.67708302
v 1.04166675 0.319121331 -4.88802052
v 1.45833325 0.319121331 -4.88802052
v 0.625 0.230037987 -4.67708302
v 0.208333343 0.230037987 -4.67708302
v 0.208333373 0.319121331 -4.88802052
v 0.625 0.319121331 -4.88802052
v 0.62500006 0.42286396 -5.06510401
v 0.208333373 0.42286396 -5.06510401
v 0.208333388 0.539010584 -5.21354151
v 0.62500006 0.539010584 -5.21354151
v 1.45833349 0.42286396 -5.06510401
v 1.04166675 0.42286396 -5.06510401
v 1.04166675 0.539010584 -5.21354151
v 1.45833349 0.539010584 -5.21354151
v -0.208333313 0.230037987 -4.67708302
v -0.624999881 0.230037987 -4.67708302
v -0.624999881 0.319121331 -4.88802052
v -0.208333284 0.319121331 -4.88802052
v -1.04166651 0.230037987 -4.67708302
v -1.45833325 0.230037987 -4.67708302
v -1.45833325 0.319121331 -4.88802052
v -1.04166651 0.319121331 -4.88802052
v -1.04166651 0.42286396 -5.06510401
v -1.45833325 0.42286396 -5.06510401
v -1.45833325 0.539010584 -5.21354151
v -1.04166651 0.539010584 -5.21354151
v -0.208333269 0.42286396 -5.06510401
v -0.624999881 0.42286396 -5.06510401
v -0.624999881 0.539010584 -5.21354151
v -0.208333269 0.539010584 -5.21354151
v -0.208333269 0.665305972 -5.33854151
v -0.624999881 0.665305972 -5.33854151
v -0.624999881 0.799494803 -5.44531202
v -0.208333269 0.799494803 -5.44531202
v -1.04166651 0.665305972 -5.33854151
v -1.45833325 0.665305972 -5.33854151
v -1.45833325 0.799494803 -5.44531202
v -1.04166651 0.799494803 -5.44531202
v -1.04166651 0.939321756 -5.53906155
v -1.45833325 0.939321756 -5.53906155
v -1.45833325 1.08253169 -5.62499952
v -1.04166651 1.08253169 -5.62499952
v -0.208333254 0.939321756 -5.53906155
v -0.624999881 0.939321756 -5.53906155
v -0.624999881 1.08253169 -5.62499952
v -0.208333224 1.08253169 -5.62499952
v 1.45833349 0.665305972 -5.33854151
v 1.04166675 0.665305972 -5.33854151
v 1.04166675 0.799494803 -5.44531202
v 1.45833349 0.799494803 -5.44531202
v 0.62500006 0.665305972 -5.33854151
v 0.208333388 0.665305972 -5.33854151
v 0.208333403 0.799494803 -5.44531202
v 0.62500006 0.799494803 -5.44531202
v 0.62500006 0.939321756 -5.53906155
v 0.208333403 0.939321756 -5.53906155
v 0.208333418 1.08253169 -5.62499952
v 0.62500006 1.08253169 -5.62499952
v 1.45833349 0.939321756 -5.53906155
v 1.04166675 0.939321756 -5.53906155
v 1.04166675 1.08253169 -5.62499952
v 1.45833349 1.08253169 -5.62499952
v -1.87499988 0.230037987 -4.67708302
v -2.29166651 0.230037987 -4.67708302
v -2.29166651 0.319121331 -4.88802052
v -1.87499988 0.319121331 -4.88802052
v -2.70833325 0.230037987 -4.67708302
v -3.125 0.230037987 -4.67708302
v -3.125 0.319121331 -4.88802052
v -2.70833325 0.319121331 -4.88802052
v -2.70833325 0.42286396 -5.06510401
v -3.12499952 0.42286396 -5.06510401
v -3.12499952 0.539010584 -5.21354151
v -2.70833325 0.539010584 -5.21354151
v -1.87499988 0.42286396 -5.06510401
v -2.29166651 0.42286396 -5.06510401
v -2.29166651 0.539010584 -5.21354151
v -1.87499988 0.539010584 -5.21354151
v -3.54166651 0.230037987 -4.67708302
v -3.95833325 0.230037987 -4.67708302
v -3.95833302 0.319121331 -4.88802052
v -3.54166651 0.319121331 -4.88802052
v -4.375 0.230037987 -4.67708302
v -4.79166651 0.230037987 -4.67708302
v -4.79166651 0.319121331 -4.88802052
v -4.375 0.319121331 -4.88802052
v -4.375 0.42286396 -5.06510401
v -4.79166651 0.42286396 -5.06510401
v -4.79166651 0.539010584 -5.21354151
v -4.375 0.539010584 -5.21354151
v -3.54166651 0.42286396 -5.06510401
v -3.95833302 0.42286396 -5.06510401
v -3.95833302 0.539010584 -5.21354151
v -3.54166651 0.539010584 -5.21354151
v -3.54166651 0.665305972 -5.33854151
v -3.95833325 0.665305972 -5.33854151
v -3.95833302 0.799494803 -5.4453125
v -3.54166651 0.799494803 -5.44531202
v -4.375 0.665305972 -5.33854151
v -4.79166651 0.665305972 -5.33854151
v -4.79166651 0.799494803 -5.44531202
v -4.375 0.799494803 -5.44531202
v -4.375 0.939321756 -5.53906202
v -4.79166651 0.939321816 -5.53906155
v -4.79166651 1.08253169 -5.625
v -4.375 1.08253169 -5.625
v -3.54166651 0.939321756 -5.5390625
v -3.95833302 0.939321756 -5.53906298
v -3.95833302 1.08253169 -5.625
v -3.54166651 1.08253169 -5.62499952
v -1.87499988 0.665305972 -5.33854151
v -2.29166651 0.665305972 -5.33854151
v -2.29166651 0.799494803 -5.44531202
v -1.87499988 0.799494803 -5.44531202
v -2.70833325 0.665305972 -5.33854151
v -3.12499952 0.665305972 -5.33854151
v -3.12499952 0.799494803 -5.44531202
v -2.70833325 0.799494803 -5.44531202
v -2.70833325 0.939321756 -5.53906155
v -3.12499952 0.939321756 -5.53906155
v -3.12499952 1.08253169 -5.62499952
v -2.70833325 1.08253169 -5.62499952
v -1.87499988 0.939321756 -5.53906155
v -2.29166651 0.939321756 -5.53906155
v -2.29166651 1.08253169 -5.62499952
v -1.87499988 1.08253169 -5.62499952
v 4.79166698 1.22686923 -5.70833349
v 4.375 1.22686923 -5.70833349
v 4.375 1.37120676 -5.79166698
v 4.79166698 1.37120676 -5.79166698
v 3.95833349 1.22686923 -5.70833349
v 3.54166698 1.22686923 -5.70833349
v 3.54166698 1.37120676 -5.79166603
v 3.95833349 1.37120676 -5.79166651
v 3.95833349 1.51554441 -5.875
v 3.54166698 1.51554441 -5.87499952
v 3.54166698 1.65988207 -5.95833302
v 3.95833349 1.65988207 -5.95833349
v 4.79166698 1.51554441 -5.875
v 4.375 1.51554441 -5.875
v 4.375 1.65988207 -5.95833349
v 4.79166698 1.65988207 -5.95833349
v 3.125 1.22686923 -5.70833302
v 2.70833349 1.22686923 -5.70833302
v 2.70833349 1.37120676 -5.79166603
v 3.125 1.37120676 -5.79166603
v 2.29166675 1.22686923 -5.70833302
v 1.87500012 1.22686923 -5.70833302
v 1.87500012 1.37120676 -5.79166603
v 2.29166675 1.37120676 -5.79166603
v 2.29166675 1.51554441 -5.87499952
v 1.87500012 1.51554441 -5.87499952
v 1.87500012 1.65988207 -5.95833302
v 2.29166675 1.65988207 -5.95833302
v 3.125 1.51554441 -5.87499952
v 2.70833349 1.51554441 -5.87499952
v 2.70833349 1.65988207 -5.95833302
v 3.125 1.65988207 -5.95833302
v 3.125 1.80421937 -6.04166698
v 2.70833349 1.80421937 -6.04166698
v 2.70833349 1.94855702 -6.12500095
v 3.125 1.94855702 -6.12500095
v 2.29166675 1.80421937 -6.04166698
v 1.87500012 1.80421948 -6.04166698
v 1.87500012 1.94855702 -6.12500095
v 2.29166675 1.94855702 -6.12500095
v 2.29166675 2.09289455 -6.20833349
v 1.87500012 2.09289455 -6.20833349
v 1.87500012 2.23723221 -6.29166746
v 2.29166675 2.23723221 -6.29166746
v 3.125 2.09289455 -6.20833349
v 2.70833349 2.09289455 -6.20833349
v 2.70833349 2.23723221 -6.29166746
v 3.125 2.23723221 -6.29166746
v 4.79166698 1.80421948 -6.04166698
v 4.375 1.80421948 -6.04166698
v 4.375 1.94855702 -6.12500095
v 4.79166698 1.94855714 -6.125
v 3.95833349 1.80421937 -6.04166698
v 3.54166698 1.80421937 -6.04166698
v 3.54166698 1.94855702 -6.12500095
v 3.95833349 1.94855702 -6.12500095
v 3.95833349 2.09289455 -6.20833349
v 3.54166698 2.09289455 -6.20833349
v 3.54166698 2.23723221 -6.29166746
v 3.95833349 2.23723221 -6.29166698
v 4.79166698 2.09289455 -6.20833349
v 4.375 2.09289455 -6.20833349
v 4.375 2.23723221 -6.29166698
v 4.79166698 2.23723221 -6.29166698
v 1.45833349 1.22686923 -5.70833302
v 1.04166675 1.22686923 -5.70833302
v 1.04166675 1.37120676 -5.79166603
v 1.45833349 1.37120676 -5.79166603
v 0.62500006 1.22686923 -5.70833302
v 0.208333418 1.22686923 -5.70833302
v 0.208333418 1.37120676 -5.79166603
v 0.625000119 1.37120676 -5.79166603
v 0.625000119 1.51554441 -5.87499952
v 0.208333433 1.51554441 -5.87499952
v 0.208333448 1.65988207 -5.95833302
v 0.625000119 1.65988207 -5.95833302
v 1.45833349 1.51554441 -5.87499952
v 1.04166675 1.51554441 -5.87499952
v 1.04166675 1.65988207 -5.95833302
v 1.45833349 1.65988207 -5.95833302
v -0.208333224 1.22686923 -5.70833302
v -0.624999881 1.22686923 -5.70833302
v -0.624999881 1.37120676 -5.79166603
v -0.208333224 1.37120676 -5.79166603
v -1.04166651 1.22686923 -5.70833302
v -1.45833325 1.22686923 -5.70833302
v -1.45833325 1.37120676 -5.79166603
v -1.04166651 1.37120676 -5.79166603
v -1.04166651 1.51554441 -5.87499952
v -1.45833325 1.51554441 -5.87499952
v -1.45833325 1.65988207 -5.95833302
v -1.04166651 1.65988207 -5.95833302
v -0.208333224 1.51554441 -5.87499952
v -0.624999881 1.51554441 -5.87499952
v -0.624999881 1.65988207 -5.95833302
v -0.208333209 1.65988207 -5.95833302
v -0.208333209 1.80421937 -6.04166698
v -0.624999881 1.80421937 -6.04166698
v -0.624999881 1.94855702 -6.12500095
v -0.208333209 1.94855702 -6.12500095
v -1.04166651 1.80421937 -6.04166698
v -1.45833325 1.80421948 -6.04166698
v -1.45833325 1.94855702 -6.12500095
v -1.04166651 1.94855702 -6.12500095
v -1.04166651 2.09289455 -6.20833349
v -1.45833325 2.09289455 -6.20833349
v -1.45833325 2.23723221 -6.29166746
v -1.04166651 2.23723221 -6.29166746
v -0.208333209 2.09289455 -6.20833349
v -0.624999881 2.09289455 -6.20833349
v -0.624999881 2.23723221 -6.29166746
v -0.208333209 2.23723221 -6.29166746
v 1.45833349 1.80421937 -6.04166698
v 1.04166675 1.80421937 -6.04166698
v 1.04166675 1.94855702 -6.12500095
v 1.45833349 1.94855702 -6.12500095
v 0.625000119 1.80421937 -6.04166698
v 0.208333448 1.80421937 -6.04166698
v 0.208333448 1.94855702 -6.12500095
v 0.625000119 1.94855702 -6.12500095
v 0.625000119 2.09289455 -6.20833349
v 0.208333448 2.09289455 -6.20833349
v 0.208333448 2.23723221 -6.29166746
v 0.625000119 2.23723221 -6.29166746
v 1.45833349 2.09289455 -6.20833349
v 1.04166675 2.09289455 -6.20833349
v 1.04166675 2.23723221 -6.29166746
v 1.45833349 2.23723221 -6.29166746
v -1.87499988 1.22686923 -5.70833302
v -2.29166651 1.22686923 -5.70833302
v -2.29166651 1.37120676 -5.79166603
v -1.87499988 1.37120676 -5.79166603
v -2.70833325 1.22686923 -5.70833302
v -3.12499952 1.22686923 -5.70833302
v -3.12499952 1.37120676 -5.79166603
v -2.70833325 1.37120676 -5.79166603
v -2.70833325 1.51554441 -5.87499952
v -3.12499952 1.51554441 -5.87499952
v -3.12499952 1.65988207 -5.95833349
v -2.70833325 1.65988207 -5.95833302
v -1.87499988 1.51554441 -5.87499952
v -2.29166651 1.51554441 -5.87499952
v -2.29166651 1.65988207 -5.95833302
v -1.87499988 1.65988207 -5.95833302
v -3.54166651 1.22686923 -5.70833349
v -3.95833302 1.22686923 -5.70833349
v -3.95833302 1.37120676 -5.79166698
v -3.54166651 1.37120676 -5.79166698
v -4.375 1.22686923 -5.70833349
v -4.79166651 1.22686923 -5.70833349
v -4.79166651 1.37120676 -5.79166651
v -4.375 1.37120676 -5.79166698
v -4.375 1.51554441 -5.87500095
v -4.79166651 1.51554441 -5.875
v -4.79166651 1.65988207 -5.95833349
v -4.375 1.65988207 -5.95833349
v -3.54166651 1.51554441 -5.875
v -3.95833302 1.51554441 -5.875
v -3.95833302 1.65988207 -5.95833349
v -3.54166651 1.65988207 -5.95833349
v -3.54166651 1.80421937 -6.04166651
v -3.95833325 1.80421937 -6.04166603
v -3.95833302 1.94855702 -6.125
v -3.54166651 1.94855702 -6.125
v -4.375 1.80421948 -6.04166603
v -4.79166651 1.80421972 -6.04166603
v -4.79166651 1.94855702 -6.12499952
v -4.375 1.94855702 -6.12499952
v -4.375 2.09289455 -6.20833302
v -4.79166651 2.09289455 -6.20833349
v -4.79166651 2.23723221 -6.29166651
v -4.375 2.23723221 -6.29166698
v -3.54166651 2.09289455 -6.20833349
v -3.95833302 2.09289455 -6.20833349
v -3.95833302 2.23723221 -6.29166698
v -3.54166651 2.23723221 -6.29166746
v -1.87499988 1.80421937 -6.04166698
v -2.29166651 1.80421937 -6.04166698
v -2.29166651 1.94855702 -6.12500095
v -1.87499988 1.94855702 -6.12500095
v -2.70833325 1.80421937 -6.04166698
v -3.12499952 1.80421937 -6.04166698
v -3.12499952 1.94855702 -6.12500095
v -2.70833325 1.94855702 -6.12500095
v -2.70833325 2.09289455 -6.20833349
v -3.12499952 2.09289455 -6.20833349
v -3.12499952 2.23723221 -6.29166746
v -2.70833325 2.23723221 -6.29166746
v -1.87499988 2.09289455 -6.20833349
v -2.29166651 2.09289455 -6.20833349
v -2.29166651 2.23723221 -6.29166746
v -1.87499988 2.23723221 -6.29166746
v 4.79166698 2.38156986 -6.375
v 4.375 2.38156962 -6.37500095
v 4.375 2.52590728 -6.45833349
v 4.79166698 2.52590728 -6.45833349
v 3.95833349 2.38156962 -6.37500095
v 3.54166698 2.38156962 -6.37500095
v 3.54166698 2.52590728 -6.45833349
v 3.95833349 2.52590728 -6.45833349
v 3.95833349 2.67024469 -6.54166698
v 3.54166698 2.67024469 -6.54166698
v 3.54166698 2.81458235 -6.62500095
v 3.95833349 2.81458235 -6.62500095
v 4.79166698 2.67024469 -6.54166698
v 4.375 2.67024469 -6.54166698
v 4.375 2.81458235 -6.625
v 4.79166698 2.81458235 -6.625
v 3.125 2.38156962 -6.37500095
v 2.70833349 2.38156962 -6.37500095
v 2.70833349 2.52590728 -6.45833397
v 3.125 2.52590728 -6.45833397
v 2.29166675 2.38156962 -6.37500095
v 1.87500012 2.38156962 -6.37500095
v 1.87500012 2.52590728 -6.45833349
v 2.29166675 2.52590728 -6.45833397
v 2.29166675 2.67024469 -6.54166746
v 1.87500012 2.67024469 -6.54166698
v 1.87500012 2.81458235 -6.62500095
v 2.29166675 2.81458235 -6.62500095
v 3.125 2.67024469 -6.54166746
v 2.70833349 2.67024469 -6.54166746
v 2.70833349 2.81458235 -6.62500095
v 3.125 2.81458235 -6.62500095
v 3.125 2.95892 -6.70833349
v 2.70833349 2.95892 -6.70833349
v 2.70833349 3.10325766 -6.79166698
v 3.125 3.10325766 -6.79166698
v 2.29166675 2.95892 -6.70833349
v 1.87500012 2.95892 -6.70833349
v 1.87500012 3.10325766 -6.79166698
v 2.29166675 3.10325766 -6.79166746
v 2.29166675 3.24759531 -6.87500095
v 1.87500012 3.24759531 -6.87500095
v 1.87500012 3.39193296 -6.95833349
v 2.29166675 3.39193296 -6.95833349
v 3.125 3.24759531 -6.875
v 2.70833349 3.24759531 -6.875
v 2.70833349 3.39193296 -6.95833349
v 3.125 3.39193296 -6.95833349
v 4.79166698 2.95892 -6.70833349
v 4.375 2.95892 -6.70833349
v 4.375 3.10325766 -6.79166698
v 4.79166698 3.10325766 -6.79166698
v 3.95833349 2.95892 -6.70833349
v 3.54166698 2.95892 -6.70833349
v 3.54166698 3.10325766 -6.79166698
v 3.95833349 3.10325766 -6.79166698
v 3.95833349 3.24759531 -6.87500095
v 3.54166698 3.24759531 -6.87500095
v 3.54166698 3.39193296 -6.95833349
v 3.95833349 3.39193296 -6.95833349
v 4.79166698 3.24759531 -6.875
v 4.375 3.24759531 -6.875
v 4.375 3.39193296 -6.95833349
v 4.79166698 3.39193296 -6.95833349
v 1.45833349 2.38156962 -6.37500095
v 1.04166675 2.38156962 -6.37500095
v 1.04166675 2.52590728 -6.45833397
v 1.45833349 2.52590728 -6.45833397
v 0.625000119 2.38156962 -6.37500095
v 0.208333448 2.38156962 -6.37500095
v 0.208333448 2.52590728 -6.45833349
v 0.625000119 2.52590728 -6.45833397
v 0.625000119 2.67024469 -6.54166746
v 0.208333448 2.67024469 -6.54166746
v 0.208333448 2.81458235 -6.62500095
v 0.625000119 2.81458235 -6.62500095
v 1.45833349 2.67024469 -6.54166746
v 1.04166675 2.67024469 -6.54166746
v 1.04166675 2.81458235 -6.62500095
v 1.45833349 2.81458235 -6.62500095
v -0.208333209 2.38156962 -6.37500095
v -0.624999881 2.38156962 -6.37500095
v -0.624999881 2.52590728 -6.45833397
v -0.208333209 2.52590728 -6.45833397
v -1.04166651 2.38156962 -6.37500095
v -1.45833325 2.38156962 -6.37500095
v -1.45833325 2.52590728 -6.45833349
v -1.04166651 2.52590728 -6.45833397
v -1.04166651 2.67024469 -6.54166746
v -1.45833325 2.67024469 -6.54166698
v -1.45833325 2.81458235 -6.62500095
v -1.04166651 2.81458235 -6.62500095
v -0.208333209 2.67024469 -6.54166746
v -0.624999881 2.67024469 -6.54166746
v -0.624999881 2.81458235 -6.62500095
v -0.208333209 2.81458235 -6.62500095
v -0.208333209 2.95892 -6.70833349
v -0.624999881 2.95892 -6.70833349
v -0.624999881 3.10325766 -6.79166698
v -0.208333209 3.10325766 -6.79166698
v -1.04166651 2.95892 -6.70833349
v -1.45833325 2.95892 -6.70833349
v -1.45833325 3.10325766 -6.79166698
v -1.04166651 3.10325766 -6.79166746
v -1.04166651 3.24759531 -6.87500095
v -1.45833325 3.24759531 -6.87500095
v -1.45833325 3.39193296 -6.95833349
v -1.04166651 3.39193296 -6.95833349
v -0.208333209 3.24759531 -6.875
v -0.624999881 3.24759531 -6.875
v -0.624999881 3.39193296 -6.95833349
v -0.208333209 3.39193296 -6.95833349
v 1.45833349 2.95892 -6.70833349
v 1.04166675 2.95892 -6.70833349
v 1.04166675 3.10325766 -6.79166698
v 1.45833349 3.10325766 -6.79166698
v 0.625000119 2.95892 -6.70833349
v 0.208333448 2.95892 -6.70833349
v 0.208333448 3.10325766 -6.79166698
v 0.625000119 3.10325766 -6.79166698
v 0.625000119 3.24759531 -6.87500095
v 0.208333448 3.24759531 -6.87500095
v 0.208333448 3.39193296 -6.95833349
v 0.625000119 3.39193296 -6.95833349
v 1.45833349 3.24759531 -6.875
v 1.04166675 3.24759531 -6.875
v 1.04166675 3.39193296 -6.95833349
v 1.45833349 3.39193296 -6.95833349
v -1.87499988 2.38156962 -6.37500095
v -2.29166651 2.38156962 -6.37500095
v -2.29166651 2.52590728 -6.45833397
v -1.87499988 2.52590728 -6.45833397
v -2.70833325 2.38156962 -6.37500095
v -3.12499952 2.38156962 -6.37500095
v -3.12499952 2.52590728 -6.45833349
v -2.70833325 2.52590728 -6.45833397
v -2.70833325 2.67024469 -6.54166746
v -3.12499952 2.67024469 -6.54166698
v -3.12499952 2.81458235 -6.62500095
v -2.70833325 2.81458235 -6.62500095
v -1.87499988 2.67024469 -6.54166746
v -2.29166651 2.67024469 -6.54166746
v -2.29166651 2.81458235 -6.62500095
v -1.87499988 2.81458235 -6.62500095
v -3.54166651 2.38156962 -6.37500095
v -3.95833302 2.38156962 -6.37500095
v -3.95833302 2.52590728 -6.45833349
v -3.54166651 2.52590728 -6.45833349
v -4.375 2.38156962 -6.37500095
v -4.79166651 2.38156986 -6.375
v -4.79166651 2.52590728 -6.45833349
v -4.375 2.52590728 -6.45833349
v -4.375 2.67024469 -6.54166651
v -4.79166651 2.67024469 -6.54166603
v -4.79166651 2.81458235 -6.625
v -4.375 2.81458235 -6.625
v -3.54166651 2.67024469 -6.54166698
v -3.95833302 2.67024469 -6.54166698
v -3.95833302 2.81458235 -6.62500095
v -3.54166651 2.81458235 -6.62500095
v -3.54166651 2.95892 -6.70833349
v -3.95833325 2.95892 -6.70833349
v -3.95833302 3.10325766 -6.79166698
v -3.54166651 3.10325766 -6.79166698
v -4.375 2.95892 -6.70833349
v -4.79166651 2.95892 -6.70833349
v -4.79166651 3.10325766 -6.79166651
v -4.375 3.10325766 -6.79166698
v -4.375 3.24759531 -6.87500095
v -4.79166651 3.24759531 -6.875
v -4.79166651 3.39193296 -6.95833349
v -4.375 3.39193296 -6.95833349
v -3.54166651 3.24759531 -6.875
v -3.95833302 3.24759531 -6.875
v -3.95833302 3.39193296 -6.95833349
v -3.54166651 3.39193296 -6.95833349
v -1.87499988 2.95892 -6.70833349
v -2.29166651 2.95892 -6.70833349
v -2.29166651 3.10325766 -6.79166698
v -1.87499988 3.10325766 -6.79166698
v -2.70833325 2.95892 -6.70833349
v -3.12499952 2.95892 -6.70833349
v -3.12499952 3.10325766 -6.79166698
v -2.70833325 3.10325766 -6.79166698
v -2.70833325 3.24759531 -6.87500095
v -3.12499952 3.24759531 -6.87500095
v -3.125 3.39193296 -6.95833349
v -2.70833325 3.39193296 -6.95833349
v -1.87499988 3.24759531 -6.875
v -2.29166651 3.24759531 -6.875
v -2.29166651 3.39193296 -6.95833349
v -1.87499988 3.39193296 -6.95833349
v -4.79166698 0 4.58333349
v -4.58333349 0 4.375
v -4.375 0 4.58333349
v -4.58333349 0 4.79166698
v -4.79166698 0 3.75000024
v -4.58333349 0 3.54166698
v -4.375 0 3.75000048
v -4.58333349 0 3.95833349
v -3.95833349 0 3.75000024
v -3.75000024 0 3.54166698
v -3.54166698 0 3.75000048
v -3.75000048 0 3.95833349
v -3.95833349 0 4.58333349
v -3.75000024 0 4.375
v -3.54166698 0 4.58333349
v -3.75000048 0 4.79166698
v -4.79166698 0 2.91666698
v -4.58333349 0 2.70833349
v -4.375 0 2.91666698
v -4.58333349 0 3.125
v -4.79166698 0 2.08333349
v -4.58333349 0 1.87500012
v -4.375 0 2.08333349
v -4.58333349 0 2.29166675
v -3.95833349 0 2.08333349
v -3.75000024 0 1.87500012
v -3.54166698 0 2.08333349
v -3.75000048 0 2.29166675
v -3.95833349 0 2.91666698
v -3.75000024 0 2.70833349
v -3.54166698 0 2.91666698
v -3.75000048 0 3.125
v -3.12500024 0 2.91666698
v -2.91666698 0 2.70833349
v -2.70833349 0 2.91666698
v -2.91666675 0 3.125
v -3.12500024 0 2.08333349
v -2.91666698 0 1.87500012
v -2.70833349 0 2.08333349
v -2.91666698 0 2.29166675
v -2.29166675 0 2.08333349
v -2.08333349 0 1.87500012
v -1.87500024 0 2.08333349
v -2.08333349 0 2.29166675
v -2.29166675 0 2.91666698
v -2.08333349 0 2.70833349
v -1.87500024 0 2.91666698
v -2.08333349 0 3.125
v -3.125 0 4.58333349
v -2.91666698 0 4.375
v -2.70833349 0 4.58333349
v -2.91666675 0 4.79166698
v -3.125 0 3.75000024
v -2.91666698 0 3.54166698
v -2.70833349 0 3.75000048
v -2.91666698 0 3.95833349
v -2.29166675 0 3.75000024
v -2.08333349 0 3.54166698
v -1.87500024 0 3.75000048
v -2.08333349 0 3.95833349
v -2.29166675 0 4.58333349
v -2.08333349 0 4.375
v -1.87500024 0 4.58333349
v -2.08333349 0 4.79166698
v -4.79166698 0 1.25000012
v -4.58333349 0 1.04166675
v -4.375 0 1.25000012
v -4.58333349 0 1.45833349
v -4.79166698 0 0.416666806
v -4.58333349 0 0.208333448
v -4.375 0 0.416666776
v -4.58333349 0 0.625000119
v -3.95833349 0 0.416666806
v -3.75000024 0 0.208333448
v -3.54166698 0 0.416666776
v -3.75000048 0 0.625000119
v -3.95833349 0 1.25000012
v -3.75000024 0 1.04166675
v -3.54166698 0 1.25000012
v -3.75000048 0 1.45833349
v -4.79166698 0 -0.416666538
v -4.58333349 0 -0.624999881
v -4.375 0 -0.416666567
v -4.58333349 0 -0.208333209
v -4.79166698 0 -1.24999976
v -4.58333349 0 -1.45833325
v -4.375 0 -1.24999976
v -4.58333349 0 -1.04166651
v -3.95833349 0 -1.24999976
v -3.75000024 0 -1.45833325
v -3.54166698 0 -1.24999976
v -3.75000048 0 -1.04166651
v -3.95833349 0 -0.416666538
v -3.75000024 0 -0.624999881
v -3.54166698 0 -0.416666567
v -3.75000048 0 -0.208333209
v -3.12500024 0 -0.416666538
v -2.91666698 0 -0.624999881
v -2.70833349 0 -0.416666567
v -2.91666675 0 -0.208333209
v -3.12500024 0 -1.24999976
v -2.91666698 0 -1.45833325
v -2.70833349 0 -1.24999976
v -2.91666698 0 -1.04166651
v -2.29166675 0 -1.24999976
v -2.08333349 0 -1.45833325
v -1.87500024 0 -1.24999976
v -2.08333349 0 -1.04166651
v -2.29166675 0 -0.416666538
v -2.08333349 0 -0.624999881
v -1.87500024 0 -0.416666567
v -2.08333349 0 -0.208333209
v -3.125 0 1.25000012
v -2.91666698 0 1.04166675
v -2.70833349 0 1.25000012
v -2.91666675 0 1.45833349
v -3.125 0 0.416666806
v -2.91666698 0 0.208333448
v -2.70833349 0 0.416666776
v -2.91666698 0 0.625000119
v -2.29166675 0 0.416666806
v -2.08333349 0 0.208333448
v -1.87500024 0 0.416666776
v -2.08333349 0 0.625000119
v -2.29166675 0 1.25000012
v -2.08333349 0 1.04166675
v -1.87500024 0 1.25000012
v -2.08333349 0 1.45833349
v -4.79166698 0.000281909306 -2.08268213
v -4.58333349 0.00112763722 -2.2890625
v -4.375 0.000281909306 -2.08268213
v -4.58333349 0 -1.87499988
v -4.79166698 0.0098668253 -2.89387989
v -4.58333302 0.0157869197 -3.08854151
v -4.375 0.0098668253 -2.89388013
v -4.58333349 0.00563818589 -2.6953125
v -3.95833349 0.0098668253 -2.89387989
v -3.75000024 0.0157869197 -3.08854151
v -3.54166698 0.0098668253 -2.89388013
v -3.75000048 0.00563818589 -2.6953125
v -3.95833349 0.000281909306 -2.08268213
v -3.75000024 0.00112763722 -2.2890625
v -3.54166698 0.000281909306 -2.08268213
v -3.75000048 0 -1.87499988
v -4.79166651 0.0465150326 -3.64257765
v -4.58333302 0.0620200448 -3.81510401
v -4.375 0.0465150326 -3.64257765
v -4.58333302 0.0338291153 -3.46354151
v -4.79166651 0.128268719 -4.28710938
v -4.58333302 0.15786919 -4.42708302
v -4.375 0.128268719 -4.28710938
v -4.58333302 0.102614984 -4.13802052
v -3.95833325 0.128268719 -4.28710938
v -3.75 0.15786919 -4.42708302
v -3.54166675 0.128268719 -4.28710938
v -3.75 0.102614984 -4.13802052
v -3.95833349 0.0465150326 -3.64257765
v -3.75000024 0.0620200448 -3.81510401
v -3.54166698 0.0465150326 -3.64257765
v -3.75000048 0.0338291153 -3.46354151
v -3.12500024 0.0465150326 -3.64257765
v -2.91666698 0.0620200448 -3.81510377
v -2.70833349 0.0465150326 -3.64257765
v -2.91666675 0.0338291153 -3.46354151
v -3.125 0.128268719 -4.28710938
v -2.91666651 0.15786919 -4.42708302
v -2.70833349 0.128268719 -4.28710938
v -2.91666698 0.102614984 -4.13802052
v -2.29166651 0.128268719 -4.28710938
v -2.08333325 0.15786919 -4.42708302
v -1.875 0.128268719 -4.28710938
v -2.08333349 0.102614984 -4.13802052
v -2.29166675 0.0465150326 -3.64257765
v -2.08333349 0.0620200448 -3.81510401
v -1.87500024 0.0465150326 -3.64257765
v -2.08333349 0.0338291153 -3.46354151
v -3.125 0.000281909306 -2.08268213
v -2.91666698 0.00112763722 -2.2890625
v -2.70833349 0.000281909306 -2.08268213
v -2.91666675 0 -1.87499988
v -3.125 0.0098668253 -2.89387989
v -2.91666698 0.0157869197 -3.08854151
v -2.70833349 0.0098668253 -2.89388013
v -2.91666698 0.00563818589 -2.6953125
v -2.29166675 0.0098668253 -2.89387989
v -2.08333349 0.0157869197 -3.08854151
v -1.87500024 0.0098668253 -2.89388013
v -2.08333349 0.00563818589 -2.6953125
v -2.29166675 0.000281909306 -2.08268213
v -2.08333349 0.00112763722 -2.2890625
v -1.87500024 0.000281909306 -2.08268213
v -2.08333349 0 -1.87499988
v -1.45833349 0 4.58333349
v -1.25 0 4.375
v -1.04166675 0 4.58333349
v -1.25000012 0 4.79166698
v -1.45833349 0 3.75000024
v -1.25 0 3.54166698
v -1.04166675 0 3.75000048
v -1.25000012 0 3.95833349
v -0.62500006 0 3.75000024
v -0.416666746 0 3.54166698
v -0.208333433 0 3.75000048
v -0.416666746 0 3.95833349
v -0.62500006 0 4.58333349
v -0.416666746 0 4.375
v -0.208333433 0 4.58333349
v -0.416666746 0 4.79166698
v -1.45833349 0 2.91666698
v -1.25 0 2.70833349
v -1.04166675 0 2.91666698
v -1.25 0 3.125
v -1.45833349 0 2.08333349
v -1.25 0 1.87500012
v -1.04166675 0 2.08333349
v -1.25000012 0 2.29166675
v -0.62500006 0 2.08333349
v -0.416666746 0 1.87500012
v -0.208333433 0 2.08333349
v -0.416666746 0 2.29166675
v -0.62500006 0 2.91666698
v -0.416666746 0 2.70833349
v -0.208333433 0 2.91666698
v -0.416666746 0 3.125
v 0.208333224 0 2.91666698
v 0.416666538 0 2.70833349
v 0.624999881 0 2.91666698
v 0.416666567 0 3.125
v 0.208333224 0 2.08333349
v 0.416666538 0 1.87500012
v 0.624999881 0 2.08333349
v 0.416666567 0 2.29166675
v 1.04166651 0 2.08333349
v 1.24999988 0 1.87500012
v 1.45833313 0 2.08333349
v 1.24999988 0 2.29166675
v 1.04166651 0 2.91666698
v 1.24999988 0 2.70833349
v 1.45833313 0 2.91666698
v 1.24999988 0 3.125
v 0.208333224 0 4.58333349
v 0.416666538 0 4.375
v 0.624999881 0 4.58333349
v 0.416666567 0 4.79166698
v 0.208333224 0 3.75000024
v 0.416666538 0 3.54166698
v 0.624999881 0 3.75000048
v 0.416666567 0 3.95833349
v 1.04166651 0 3.75000024
v 1.24999988 0 3.54166698
v 1.45833313 0 3.75000048
v 1.24999988 0 3.95833349
v 1.04166651 0 4.58333349
v 1.24999988 0 4.375
v 1.45833313 0 4.58333349
v 1.24999988 0 4.79166698
v -1.45833349 0 1.25000012
v -1.25 0 1.04166675
v -1.04166675 0 1.25000012
v -1.25 0 1.45833349
v -1.45833349 0 0.416666806
v -1.25 0 0.208333448
v -1.04166675 0 0.416666776
v -1.25000012 0 0.625000119
v -0.62500006 0 0.416666806
v -0.416666746 0 0.208333448
v -0.208333433 0 0.416666776
v -0.416666746 0 0.625000119
v -0.62500006 0 1.25000012
v -0.416666746 0 1.04166675
v -0.208333433 0 1.25000012
v -0.416666746 0 1.45833349
v -1.45833349 0 -0.416666538
v -1.25 0 -0.624999881
v -1.04166675 0 -0.416666567
v -1.25 0 -0.208333209
v -1.45833349 0 -1.24999976
v -1.25 0 -1.45833325
v -1.04166675 0 -1.24999976
v -1.25000012 0 -1.04166651
v -0.62500006 0 -1.24999976
v -0.416666746 0 -1.45833325
v -0.208333433 0 -1.24999976
v -0.416666746 0 -1.04166651
v -0.62500006 0 -0.416666538
v -0.416666746 0 -0.624999881
v -0.208333433 0 -0.416666567
v -0.416666746 0 -0.208333209
v 0.208333224 0 -0.416666538
v 0.416666538 0 -0.624999881
v 0.624999881 0 -0.416666567
v 0.416666567 0 -0.208333209
v 0.208333224 0 -1.24999976
v 0.416666567 0 -1.45833325
v 0.624999881 0 -1.24999976
v 0.416666567 0 -1.04166651
v 1.04166651 0 -1.24999976
v 1.24999988 0 -1.45833325
v 1.45833313 0 -1.24999976
v 1.24999988 0 -1.04166651
v 1.04166651 0 -0.416666538
v 1.24999988 0 -0.624999881
v 1.45833313 0 -0.416666567
v 1.24999988 0 -0.208333209
v 0.208333224 0 1.25000012
v 0.416666538 0 1.04166675
v 0.624999881 0 1.25000012
v 0.416666567 0 1.45833349
v 0.208333224 0 0.416666806
v 0.416666538 0 0.208333448
v 0.624999881 0 0.416666776
v 0.416666567 0 0.625000119
v 1.04166651 0 0.416666806
v 1.24999988 0 0.208333448
v 1.45833313 0 0.416666776
v 1.24999988 0 0.625000119
v 1.04166651 0 1.25000012
v 1.24999988 0 1.04166675
v 1.45833313 0 1.25000012
v 1.24999988 0 1.45833349
v -1.45833349 0.000281909306 -2.08268213
v -1.25 0.00112763722 -2.2890625
v -1.04166675 0.000281909306 -2.08268213
v -1.25 0 -1.87499988
v -1.45833349 0.0098668253 -2.89387989
v -1.25 0.0157869197 -3.08854151
v -1.04166675 0.0098668253 -2.89388013
v -1.25000012 0.00563818589 -2.6953125
v -0.62500006 0.0098668253 -2.89387989
v -0.416666716 0.0157869197 -3.08854151
v -0.208333418 0.0098668253 -2.89388013
v -0.416666746 0.00563818589 -2.6953125
v -0.62500006 0.000281909306 -2.08268213
v -0.416666746 0.00112763722 -2.2890625
v -0.208333418 0.000281909306 -2.08268213
v -0.416666746 0 -1.87499988
v -1.45833349 0.0465150326 -3.64257765
v -1.25 0.0620200448 -3.81510401
v -1.04166675 0.0465150326 -3.64257765
v -1.25 0.0338291153 -3.46354151
v -1.45833349 0.128268719 -4.28710938
v -1.25 0.15786919 -4.42708302
v -1.04166675 0.128268719 -4.28710938
v -1.25000012 0.102614984 -4.13802052
v -0.62500006 0.128268719 -4.28710938
v -0.416666716 0.15786919 -4.42708302
v -0.208333358 0.128268719 -4.28710938
v -0.416666687 0.102614984 -4.13802052
v -0.62500006 0.0465150326 -3.64257765
v -0.416666716 0.0620200448 -3.81510401
v -0.208333403 0.0465150326 -3.64257765
v -0.416666746 0.0338291153 -3.46354151
v 0.208333254 0.0465150326 -3.64257765
v 0.416666567 0.0620200448 -3.81510377
v 0.624999881 0.0465150326 -3.64257765
v 0.416666567 0.0338291153 -3.46354151
v 0.208333299 0.128268719 -4.28710938
v 0.416666657 0.15786919 -4.42708302
v 0.62499994 0.128268719 -4.28710938
v 0.416666627 0.102614984 -4.13802052
v 1.04166651 0.128268719 -4.28710938
v 1.25 0.15786919 -4.42708302
v 1.45833325 0.128268719 -4.28710938
v 1.24999988 0.102614984 -4.13802052
v 1.04166651 0.0465150326 -3.64257765
v 1.24999988 0.0620200448 -3.81510401
v 1.45833313 0.0465150326 -3.64257765
v 1.24999988 0.0338291153 -3.46354151
v 0.208333239 0.000281909306 -2.08268213
v 0.416666567 0.00112763722 -2.2890625
v 0.624999881 0.000281909306 -2.08268213
v 0.416666567 0 -1.87499988
v 0.208333239 0.0098668253 -2.89387989
v 0.416666567 0.0157869197 -3.08854151
v 0.624999881 0.0098668253 -2.89388013
v 0.416666567 0.00563818589 -2.6953125
v 1.04166651 0.0098668253 -2.89387989
v 1.24999988 0.0157869197 -3.08854151
v 1.45833313 0.0098668253 -2.89388013
v 1.24999988 0.00563818589 -2.6953125
v 1.04166651 0.000281909306 -2.08268213
v 1.24999988 0.00112763722 -2.2890625
v 1.45833313 0.000281909306 -2.08268213
v 1.24999988 0 -1.87499988
v 1.87499976 0 4.58333349
v 2.08333302 0 4.375
v 2.29166651 0 4.58333349
v 2.08333325 0 4.79166698
v 1.87499976 0 3.75000024
v 2.08333302 0 3.54166698
v 2.29166651 0 3.75000048
v 2.08333302 0 3.95833349
v 2.70833325 0 3.75000024
v 2.91666651 0 3.54166698
v 3.12499976 0 3.75000048
v 2.91666651 0 3.95833349
v 2.70833325 0 4.58333349
v 2.91666651 0 4.375
v 3.12499976 0 4.58333349
v 2.91666651 0 4.79166698
v 1.87499976 0 2.91666698
v 2.08333302 0 2.70833349
v 2.29166651 0 2.91666698
v 2.08333325 0 3.125
v 1.87499976 0 2.08333349
v 2.08333302 0 1.87500012
v 2.29166651 0 2.08333349
v 2.08333302 0 2.29166675
v 2.70833325 0 2.08333349
v 2.91666651 0 1.87500012
v 3.12499976 0 2.08333349
v 2.91666651 0 2.29166675
v 2.70833325 0 2.91666698
v 2.91666651 0 2.70833349
v 3.12499976 0 2.91666698
v 2.91666651 0 3.125
v 3.54166651 0 2.91666698
v 3.74999976 0 2.70833349
v 3.95833302 0 2.91666698
v 3.74999952 0 3.125
v 3.54166651 0 2.08333349
v 3.74999976 0 1.87500012
v 3.95833278 0 2.08333349
v 3.74999952 0 2.29166675
v 4.37499952 0 2.08333349
v 4.58333302 0 1.87500012
v 4.79166651 0 2.08333349
v 4.58333302 0 2.29166675
v 4.375 0 2.91666698
v 4.58333302 0 2.70833349
v 4.79166651 0 2.91666698
v 4.58333302 0 3.125
v 3.54166651 0 4.58333349
v 3.74999976 0 4.375
v 3.95833325 0 4.58333349
v 3.75 0 4.79166698
v 3.54166651 0 3.75000024
v 3.74999976 0 3.54166698
v 3.95833325 0 3.75000048
v 3.75 0 3.95833349
v 4.375 0 3.75000024
v 4.58333302 0 3.54166698
v 4.79166651 0 3.75000048
v 4.58333302 0 3.95833349
v 4.375 0 4.58333349
v 4.58333302 0 4.375
v 4.79166651 0 4.58333349
v 4.58333302 0 4.79166698
v 1.87499976 0 1.25000012
v 2.08333302 0 1.04166675
v 2.29166651 0 1.25000012
v 2.08333325 0 1.45833349
v 1.87499976 0 0.416666806
v 2.08333302 0 0.208333448
v 2.29166651 0 0.416666776
v 2.08333302 0 0.625000119
v 2.70833325 0 0.416666806
v 2.91666651 0 0.208333448
v 3.12499976 0 0.416666776
v 2.91666651 0 0.625000119
v 2.70833325 0 1.25000012
v 2.91666651 0 1.04166675
v 3.12499976 0 1.25000012
v 2.91666651 0 1.45833349
v 1.87499976 0 -0.416666538
v 2.08333302 0 -0.624999881
v 2.29166651 0 -0.416666567
v 2.08333325 0 -0.208333209
v 1.87499976 0 -1.24999976
v 2.08333302 0 -1.45833325
v 2.29166651 0 -1.24999976
v 2.08333302 0 -1.04166651
v 2.70833325 0 -1.24999976
v 2.91666651 0 -1.45833325
v 3.12499976 0 -1.24999976
v 2.91666651 0 -1.04166651
v 2.70833325 0 -0.416666538
v 2.91666651 0 -0.624999881
v 3.12499976 0 -0.416666567
v 2.91666651 0 -0.208333209
v 3.54166651 0 -0.416666538
v 3.74999976 0 -0.624999881
v 3.95833302 0 -0.416666567
v 3.74999952 0 -0.208333209
v 3.54166651 0 -1.24999976
v 3.74999976 0 -1.45833325
v 3.95833278 0 -1.24999976
v 3.74999952 0 -1.04166651
v 4.37499952 0 -1.24999976
v 4.58333302 0 -1.45833325
v 4.79166651 0 -1.24999976
v 4.58333302 0 -1.04166651
v 4.375 0 -0.416666538
v 4.58333302 0 -0.624999881
v 4.79166651 0 -0.416666567
v 4.58333302 0 -0.208333209
v 3.54166651 0 1.25000012
v 3.74999976 0 1.04166675
v 3.95833325 0 1.25000012
v 3.75 0 1.45833349
v 3.54166651 0 0.416666806
v 3.74999976 0 0.208333448
v 3.95833325 0 0.416666776
v 3.75 0 0.625000119
v 4.375 0 0.416666806
v 4.58333302 0 0.208333448
v 4.79166651 0 0.416666776
v 4.58333302 0 0.625000119
v 4.375 0 1.25000012
v 4.58333302 0 1.04166675
v 4.79166651 0 1.25000012
v 4.58333302 0 1.45833349
v 1.87499976 0.000281909306 -2.08268213
v 2.08333302 0.00112763722 -2.2890625
v 2.29166651 0.000281909306 -2.08268213
v 2.08333325 0 -1.87499988
v 1.87499976 0.0098668253 -2.89387989
v 2.08333302 0.0157869197 -3.08854151
v 2.29166651 0.0098668253 -2.89388013
v 2.08333302 0.00563818589 -2.6953125
v 2.70833325 0.0098668253 -2.89387989
v 2.91666651 0.0157869197 -3.08854151
v 3.12499976 0.0098668253 -2.89388013
v 2.91666651 0.00563818589 -2.6953125
v 2.70833325 0.000281909306 -2.08268213
v 2.91666651 0.00112763722 -2.2890625
v 3.12499976 0.000281909306 -2.08268213
v 2.91666651 0 -1.87499988
v 1.87499976 0.0465150326 -3.64257765
v 2.08333302 0.0620200448 -3.81510401
v 2.29166651 0.0465150326 -3.64257765
v 2.08333325 0.0338291153 -3.46354151
v 1.87499976 0.128268719 -4.28710938
v 2.08333302 0.15786919 -4.42708302
v 2.29166651 0.128268719 -4.28710938
v 2.08333302 0.102614984 -4.13802052
v 2.70833325 0.128268719 -4.28710938
v 2.91666651 0.15786919 -4.42708302
v 3.12499976 0.128268719 -4.28710938
v 2.91666651 0.102614984 -4.13802052
v 2.70833325 0.0465150326 -3.64257765
v 2.91666651 0.0620200448 -3.81510401
v 3.12499976 0.0465150326 -3.64257765
v 2.91666651 0.0338291153 -3.46354151
v 3.54166651 0.0465150326 -3.64257765
v 3.74999976 0.0620200448 -3.81510377
v 3.95833302 0.0465150326 -3.64257765
v 3.74999952 0.0338291153 -3.46354151
v 3.54166651 0.128268719 -4.28710938
v 3.74999976 0.15786919 -4.42708302
v 3.95833278 0.128268719 -4.28710938
v 3.74999952 0.102614984 -4.13802052
v 4.37499952 0.128268719 -4.28710938
v 4.58333302 0.15786919 -4.42708302
v 4.79166651 0.128268719 -4.28710938
v 4.58333302 0.102614984 -4.13802052
v 4.375 0.0465150326 -3.64257765
v 4.58333302 0.0620200448 -3.81510401
v 4.79166651 0.0465150326 -3.64257765
v 4.58333302 0.0338291153 -3.46354151
v 3.54166651 0.000281909306 -2.08268213
v 3.74999976 0.00112763722 -2.2890625
v 3.95833325 0.000281909306 -2.08268213
v 3.75 0 -1.87499988
v 3.54166651 0.0098668253 -2.89387989
v 3.74999976 0.0157869197 -3.08854151
v 3.95833325 0.0098668253 -2.89388013
v 3.75 0.00563818589 -2.6953125
v 4.375 0.0098668253 -2.89387989
v 4.58333302 0.0157869197 -3.08854151
v 4.79166651 0.0098668253 -2.89388013
v 4.58333302 0.00563818589 -2.6953125
v 4.375 0.000281909306 -2.08268213
v 4.58333302 0.00112763722 -2.2890625
v 4.79166651 0.000281909306 -2.08268213
v 4.58333302 0 -1.87499988
v 4.58333302 0.230037987 -4.67708302
v 4.375 0.272606283 -4.78710938
v 4.58333302 0.319121331 -4.88802052
v 4.79166651 0.272606313 -4.78710938
v 3.75 0.230037987 -4.67708302
v 3.54166651 0.272606283 -4.78710938
v 3.74999976 0.319121331 -4.88802052
v 3.95833325 0.272606313 -4.78710938
v 3.75 0.42286396 -5.06510401
v 3.54166651 0.479527712 -5.14257765
v 3.74999976 0.539010584 -5.21354151
v 3.95833325 0.479527712 -5.14257765
v 4.58333302 0.42286396 -5.06510401
v 4.375 0.479527712 -5.14257765
v 4.58333302 0.539010584 -5.21354151
v 4.79166651 0.479527712 -5.14257765
v 2.91666651 0.230037987 -4.67708302
v 2.70833325 0.272606283 -4.78710938
v 2.91666651 0.319121331 -4.88802052
v 3.12499976 0.272606313 -4.78710938
v 2.08333325 0.230037987 -4.67708302
v 1.875 0.272606283 -4.78710938
v 2.08333349 0.319121331 -4.88802052
v 2.29166651 0.272606313 -4.78710938
v 2.08333349 0.42286396 -5.06510401
v 1.87500012 0.479527712 -5.14257765
v 2.08333349 0.539010584 -5.21354151
v 2.29166675 0.479527712 -5.14257765
v 2.91666651 0.42286396 -5.06510401
v 2.70833325 0.479527712 -5.14257765
v 2.91666651 0.539010584 -5.21354151
v 3.125 0.479527712 -5.14257765
v 2.91666651 0.665305972 -5.33854151
v 2.70833325 0.731554627 -5.39387989
v 2.91666651 0.799494803 -5.44531202
v 3.125 0.731554627 -5.39387989
v 2.08333349 0.665305972 -5.33854151
v 1.87500012 0.731554627 -5.39387989
v 2.08333349 0.799494803 -5.44531202
v 2.29166675 0.731554627 -5.39387989
v 2.08333349 0.939321756 -5.53906155
v 1.87500012 1.01064479 -5.58268166
v 2.08333349 1.08253169 -5.62499952
v 2.29166675 1.01064479 -5.58268166
v 2.91666698 0.939321756 -5.53906155
v 2.70833349 1.01064479 -5.58268166
v 2.91666698 1.08253169 -5.62499952
v 3.125 1.01064479 -5.58268166
v 4.58333302 0.665305972 -5.33854151
v 4.375 0.731554627 -5.39387989
v 4.58333302 0.799494803 -5.4453125
v 4.79166651 0.731554627 -5.39387989
v 3.75 0.665305972 -5.33854151
v 3.54166675 0.731554627 -5.39387989
v 3.75 0.799494803 -5.44531202
v 3.95833325 0.731554627 -5.39387989
v 3.75000024 0.939321756 -5.5390625
v 3.54166698 1.01064479 -5.58268166
v 3.75000048 1.08253169 -5.625
v 3.95833349 1.01064479 -5.58268213
v 4.58333302 0.939321756 -5.5390625
v 4.375 1.01064479 -5.58268261
v 4.58333302 1.08253169 -5.625
v 4.79166651 1.01064479 -5.58268213
v 1.25 0.230037987 -4.67708302
v 1.04166675 0.272606283 -4.78710938
v 1.25 0.319121331 -4.88802052
v 1.45833325 0.272606313 -4.78710938
v 0.416666687 0.230037987 -4.67708302
v 0.208333358 0.272606283 -4.78710938
v 0.416666687 0.319121331 -4.88802052
v 0.625 0.272606313 -4.78710938
v 0.416666716 0.42286396 -5.06510401
v 0.208333373 0.479527712 -5.14257765
v 0.416666746 0.539010584 -5.21354151
v 0.62500006 0.479527712 -5.14257765
v 1.25 0.42286396 -5.06510401
v 1.04166675 0.479527712 -5.14257765
v 1.25 0.539010584 -5.21354151
v 1.45833337 0.479527712 -5.14257765
v -0.416666597 0.230037987 -4.67708302
v -0.624999881 0.272606283 -4.78710938
v -0.416666597 0.319121331 -4.88802052
v -0.208333299 0.272606313 -4.78710938
v -1.24999988 0.230037987 -4.67708302
v -1.45833325 0.272606283 -4.78710938
v -1.24999976 0.319121331 -4.88802052
v -1.04166651 0.272606313 -4.78710938
v -1.24999976 0.42286396 -5.06510401
v -1.45833325 0.479527712 -5.14257765
v -1.24999976 0.539010584 -5.21354151
v -1.04166651 0.479527712 -5.14257765
v -0.416666597 0.42286396 -5.06510401
v -0.624999881 0.479527712 -5.14257765
v -0.416666567 0.539010584 -5.21354151
v -0.208333269 0.479527712 -5.14257765
v -0.416666597 0.665305972 -5.33854151
v -0.624999881 0.731554627 -5.39387989
v -0.416666567 0.799494803 -5.44531202
v -0.208333269 0.731554627 -5.39387989
v -1.24999976 0.665305972 -5.33854151
v -1.45833325 0.731554627 -5.39387989
v -1.24999976 0.799494803 -5.44531202
v -1.04166651 0.731554627 -5.39387989
v -1.24999976 0.939321756 -5.53906155
v -1.45833325 1.01064479 -5.58268166
v -1.24999976 1.08253169 -5.62499952
v -1.04166651 1.01064479 -5.58268166
v -0.416666567 0.939321756 -5.53906155
v -0.624999881 1.01064479 -5.58268166
v -0.416666567 1.08253169 -5.62499952
v -0.208333239 1.01064479 -5.58268166
v 1.25 0.665305972 -5.33854151
v 1.04166675 0.731554627 -5.39387989
v 1.25 0.799494803 -5.44531202
v 1.45833337 0.731554627 -5.39387989
v 0.416666716 0.665305972 -5.33854151
v 0.208333403 0.731554627 -5.39387989
v 0.416666746 0.799494803 -5.44531202
v 0.62500006 0.731554627 -5.39387989
v 0.416666716 0.939321756 -5.53906155
v 0.208333418 1.01064479 -5.58268166
v 0.416666746 1.08253169 -5.62499952
v 0.62500006 1.01064479 -5.58268166
v 1.25 0.939321756 -5.53906155
v 1.04166675 1.01064479 -5.58268166
v 1.25 1.08253169 -5.62499952
v 1.45833337 1.01064479 -5.58268166
v -2.08333325 0.230037987 -4.67708302
v -2.29166651 0.272606283 -4.78710938
v -2.08333325 0.319121331 -4.88802052
v -1.87499988 0.272606313 -4.78710938
v -2.91666651 0.230037987 -4.67708302
v -3.125 0.272606283 -4.78710938
v -2.91666651 0.319121331 -4.88802052
v -2.70833325 0.272606313 -4.78710938
v -2.91666651 0.42286396 -5.06510401
v -3.12499952 0.479527712 -5.14257765
v -2.91666627 0.539010584 -5.21354151
v -2.70833325 0.479527712 -5.14257765
v -2.08333325 0.42286396 -5.06510401
v -2.29166651 0.479527712 -5.14257765
v -2.08333325 0.539010584 -5.21354151
v -1.87499988 0.479527712 -5.14257765
v -3.74999976 0.230037987 -4.67708302
v -3.95833302 0.272606283 -4.78710938
v -3.74999952 0.319121331 -4.88802052
v -3.54166651 0.272606313 -4.78710938
v -4.58333302 0.230037987 -4.67708302
v -4.79166651 0.272606283 -4.78710938
v -4.58333302 0.319121331 -4.88802052
v -4.375 0.272606313 -4.78710938
v -4.58333302 0.42286396 -5.06510401
v -4.79166651 0.479527712 -5.14257765
v -4.58333302 0.539010584 -5.21354151
v -4.375 0.479527712 -5.14257765
v -3.74999976 0.42286396 -5.06510401
v -3.95833302 0.479527712 -5.14257765
v -3.75 0.539010584 -5.21354151
v -3.54166651 0.479527712 -5.14257765
v -3.74999976 0.665305972 -5.33854151
v -3.95833302 0.731554627 -5.39387989
v -3.74999952 0.799494803 -5.4453125
v -3.54166651 0.731554627 -5.39387989
v -4.58333302 0.665305972 -5.33854151
v -4.79166651 0.731554627 -5.39387989
v -4.58333302 0.799494803 -5.44531202
v -4.375 0.731554627 -5.39387989
v -4.58333302 0.939321756 -5.53906155
v -4.79166651 1.01064479 -5.58268166
v -4.58333302 1.08253169 -5.625
v -4.375 1.01064479 -5.58268213
v -3.74999976 0.939321756 -5.5390625
v -3.95833302 1.01064479 -5.58268261
v -3.74999952 1.08253169 -5.625
v -3.54166651 1.01064479 -5.58268213
v -2.08333325 0.665305972 -5.33854151
v -2.29166651 0.731554627 -5.39387989
v -2.08333325 0.799494803 -5.44531202
v -1.87499988 0.731554627 -5.39387989
v -2.91666651 0.665305972 -5.33854151
v -3.12499952 0.731554627 -5.39387989
v -2.91666627 0.799494803 -5.44531202
v -2.70833325 0.731554627 -5.39387989
v -2.91666651 0.939321756 -5.53906155
v -3.12499952 1.01064479 -5.58268166
v -2.91666627 1.08253169 -5.62499952
v -2.70833325 1.01064479 -5.58268166
v -2.08333325 0.939321756 -5.53906155
v -2.29166651 1.01064479 -5.58268166
v -2.08333325 1.08253169 -5.62499952
v -1.87499988 1.01064479 -5.58268166
v 4.58333349 1.22686923 -5.70833397
v 4.375 1.29903805 -5.75
v 4.58333349 1.37120676 -5.79166698
v 4.79166698 1.29903805 -5.75000048
v 3.75000024 1.22686923 -5.70833397
v 3.54166698 1.29903805 -5.75
v 3.75000048 1.37120676 -5.79166651
v 3.95833349 1.29903805 -5.75
v 3.75000024 1.51554441 -5.875
v 3.54166698 1.58771324 -5.91666603
v 3.75000048 1.65988195 -5.95833349
v 3.95833349 1.58771324 -5.91666698
v 4.58333349 1.51554441 -5.875
v 4.375 1.58771324 -5.91666698
v 4.58333349 1.65988195 -5.95833349
v 4.79166698 1.58771324 -5.91666698
v 2.91666698 1.22686923 -5.70833302
v 2.70833349 1.29903805 -5.74999952
v 2.91666698 1.37120676 -5.79166603
v 3.125 1.29903805 -5.74999905
v 2.08333349 1.22686923 -5.70833302
v 1.87500012 1.29903805 -5.74999952
v 2.08333349 1.37120676 -5.79166603
v 2.29166675 1.29903805 -5.74999905
v 2.08333349 1.51554441 -5.87499952
v 1.87500012 1.58771324 -5.91666603
v 2.08333349 1.65988207 -5.95833302
v 2.29166675 1.58771324 -5.91666651
v 2.91666698 1.51554441 -5.875
v 2.70833349 1.58771324 -5.91666603
v 2.91666698 1.65988195 -5.95833302
v 3.125 1.58771324 -5.91666651
v 2.91666698 1.80421937 -6.04166698
v 2.70833349 1.87638819 -6.08333397
v 2.91666698 1.9485569 -6.12500095
v 3.125 1.87638819 -6.08333397
v 2.08333349 1.80421948 -6.04166698
v 1.87500012 1.87638819 -6.08333397
v 2.08333349 1.9485569 -6.12500095
v 2.29166675 1.87638819 -6.08333397
v 2.08333349 2.09289455 -6.20833397
v 1.87500012 2.16506338 -6.25000048
v 2.08333349 2.23723221 -6.29166746
v 2.29166675 2.16506338 -6.25000048
v 2.91666698 2.09289455 -6.20833397
v 2.70833349 2.16506338 -6.25000048
v 2.91666698 2.23723221 -6.29166746
v 3.125 2.16506338 -6.25000048
v 4.58333349 1.80421948 -6.04166698
v 4.375 1.87638831 -6.08333397
v 4.58333349 1.94855714 -6.125
v 4.79166698 1.87638831 -6.08333302
v 3.75000024 1.80421937 -6.04166698
v 3.54166698 1.87638819 -6.08333397
v 3.75000048 1.9485569 -6.12500095
v 3.95833349 1.87638819 -6.08333397
v 3.75000024 2.09289455 -6.20833397
v 3.54166698 2.16506338 -6.25000048
v 3.75000048 2.23723221 -6.29166698
v 3.95833349 2.16506338 -6.25000048
v 4.58333349 2.09289455 -6.20833397
v 4.375 2.16506338 -6.25
v 4.58333349 2.23723221 -6.29166698
v 4.79166698 2.16506338 -6.25000048
v 1.25000012 1.22686923 -5.70833302
v 1.04166675 1.29903805 -5.74999952
v 1.25000012 1.37120676 -5.79166603
v 1.45833349 1.29903805 -5.74999905
v 0.416666716 1.22686923 -5.70833302
v 0.208333418 1.29903805 -5.74999952
v 0.416666746 1.37120676 -5.79166603
v 0.625000119 1.29903805 -5.74999905
v 0.416666746 1.51554441 -5.87499952
v 0.208333448 1.58771324 -5.91666603
v 0.416666776 1.65988195 -5.95833302
v 0.625000119 1.58771324 -5.91666651
v 1.25000012 1.51554441 -5.875
v 1.04166675 1.58771324 -5.91666603
v 1.25000012 1.65988195 -5.95833302
v 1.45833349 1.58771324 -5.91666651
v -0.416666567 1.22686923 -5.70833302
v -0.624999881 1.29903805 -5.74999952
v -0.416666567 1.37120676 -5.79166603
v -0.208333224 1.29903805 -5.74999905
v -1.24999976 1.22686923 -5.70833302
v -1.45833325 1.29903805 -5.74999952
v -1.24999976 1.37120676 -5.79166603
v -1.04166651 1.29903805 -5.74999905
v -1.24999976 1.51554441 -5.87499952
v -1.45833325 1.58771324 -5.91666603
v -1.24999976 1.65988207 -5.95833302
v -1.04166651 1.58771324 -5.91666651
v -0.416666567 1.51554441 -5.875
v -0.624999881 1.58771324 -5.91666603
v -0.416666567 1.65988195 -5.95833302
v -0.208333224 1.58771324 -5.91666651
v -0.416666538 1.80421937 -6.04166698
v -0.624999881 1.87638819 -6.08333397
v -0.416666567 1.9485569 -6.12500095
v -0.208333209 1.87638819 -6.08333397
v -1.24999976 1.80421948 -6.04166698
v -1.45833325 1.87638819 -6.08333397
v -1.24999976 1.9485569 -6.12500095
v -1.04166651 1.87638819 -6.08333397
v -1.24999976 2.09289455 -6.20833397
v -1.45833325 2.16506338 -6.25000048
v -1.24999976 2.23723221 -6.29166746
v -1.04166651 2.16506338 -6.25000048
v -0.416666538 2.09289455 -6.20833397
v -0.624999881 2.16506338 -6.25000048
v -0.416666567 2.23723221 -6.29166746
v -0.208333209 2.16506338 -6.25000048
v 1.25000012 1.80421937 -6.04166698
v 1.04166675 1.87638819 -6.08333397
v 1.25000012 1.9485569 -6.12500095
v 1.45833349 1.87638819 -6.08333397
v 0.416666806 1.80421937 -6.04166698
v 0.208333448 1.87638819 -6.08333397
v 0.416666776 1.9485569 -6.12500095
v 0.625000119 1.87638819 -6.08333397
v 0.416666806 2.09289455 -6.20833397
v 0.208333448 2.16506338 -6.25000048
v 0.416666776 2.23723221 -6.29166746
v 0.625000119 2.16506338 -6.25000048
v 1.25000012 2.09289455 -6.20833397
v 1.04166675 2.16506338 -6.25000048
v 1.25000012 2.23723221 -6.29166746
v 1.45833349 2.16506338 -6.25000048
v -2.08333325 1.22686923 -5.70833302
v -2.29166651 1.29903805 -5.74999952
v -2.08333325 1.37120676 -5.79166603
v -1.87499988 1.29903805 -5.74999905
v -2.91666651 1.22686923 -5.70833302
v -3.12499952 1.29903805 -5.74999952
v -2.91666627 1.37120676 -5.79166651
v -2.70833325 1.29903805 -5.75
v -2.91666651 1.51554441 -5.875
v -3.12499952 1.58771324 -5.91666698
v -2.91666627 1.65988195 -5.95833302
v -2.70833325 1.58771324 -5.91666651
v -2.08333325 1.51554441 -5.875
v -2.29166651 1.58771324 -5.91666603
v -2.08333325 1.65988195 -5.95833302
v -1.87499988 1.58771324 -5.91666651
v -3.74999976 1.22686923 -5.70833397
v -3.95833302 1.29903805 -5.75
v -3.74999952 1.37120676 -5.79166698
v -3.54166651 1.29903805 -5.75000048
v -4.58333302 1.22686923 -5.70833397
v -4.79166651 1.29903805 -5.75
v -4.58333302 1.37120676 -5.79166698
v -4.375 1.29903805 -5.75000048
v -4.58333302 1.51554441 -5.87500048
v -4.79166651 1.58771324 -5.91666698
v -4.58333302 1.65988207 -5.95833349
v -4.375 1.58771324 -5.91666698
v -3.74999976 1.51554441 -5.875
v -3.95833302 1.58771324 -5.91666698
v -3.75 1.65988195 -5.95833349
v -3.54166651 1.58771324 -5.91666698
v -3.74999976 1.80421937 -6.04166651
v -3.95833302 1.87638819 -6.08333302
v -3.74999952 1.9485569 -6.125
v -3.54166651 1.87638819 -6.08333302
v -4.58333302 1.8042196 -6.04166651
v -4.79166651 1.87638831 -6.08333302
v -4.58333302 1.94855702 -6.125
v -4.375 1.87638831 -6.08333302
v -4.58333302 2.09289455 -6.20833349
v -4.79166651 2.16506338 -6.25
v -4.58333302 2.23723221 -6.29166698
v -4.375 2.16506338 -6.25
v -3.74999976 2.09289455 -6.20833397
v -3.95833302 2.16506338 -6.25
v -3.74999952 2.23723221 -6.29166698
v -3.54166651 2.16506338 -6.25000048
v -2.08333325 1.80421937 -6.04166698
v -2.29166651 1.87638819 -6.08333397
v -2.08333325 1.9485569 -6.12500095
v -1.87499988 1.87638819 -6.08333397
v -2.91666651 1.80421937 -6.04166698
v -3.12499952 1.87638819 -6.08333397
v -2.91666627 1.9485569 -6.12500095
v -2.70833325 1.87638819 -6.08333397
v -2.91666651 2.09289455 -6.20833397
v -3.12499952 2.16506338 -6.25000048
v -2.91666627 2.23723221 -6.29166746
v -2.70833325 2.16506338 -6.25000048
v -2.08333325 2.09289455 -6.20833397
v -2.29166651 2.16506338 -6.25000048
v -2.08333325 2.23723221 -6.29166746
v -1.87499988 2.16506338 -6.25000048
v 4.58333349 2.38156986 -6.375
v 4.375 2.45373845 -6.41666746
v 4.58333349 2.52590728 -6.45833349
v 4.79166698 2.45373869 -6.41666698
v 3.75000024 2.38156986 -6.37500095
v 3.54166698 2.45373845 -6.41666746
v 3.75000048 2.52590728 -6.45833397
v 3.95833349 2.45373845 -6.41666698
v 3.75000024 2.67024469 -6.54166698
v 3.54166698 2.74241352 -6.58333397
v 3.75000048 2.81458235 -6.62500095
v 3.95833349 2.74241352 -6.58333397
v 4.58333349 2.67024469 -6.54166698
v 4.375 2.74241352 -6.58333349
v 4.58333349 2.81458235 -6.625
v 4.79166698 2.74241352 -6.58333302
v 2.91666698 2.38156986 -6.37500095
v 2.70833349 2.45373845 -6.41666746
v 2.91666698 2.52590728 -6.45833397
v 3.125 2.45373845 -6.41666698
v 2.08333349 2.38156986 -6.37500095
v 1.87500012 2.45373845 -6.41666746
v 2.08333349 2.52590728 -6.45833397
v 2.29166675 2.45373845 -6.41666698
v 2.08333349 2.67024469 -6.54166698
v 1.87500012 2.74241352 -6.58333397
v 2.08333349 2.81458235 -6.62500095
v 2.29166675 2.74241352 -6.58333397
v 2.91666698 2.67024469 -6.54166746
v 2.70833349 2.74241352 -6.58333397
v 2.91666698 2.81458235 -6.62500095
v 3.125 2.74241352 -6.58333397
v 2.91666698 2.95892 -6.70833397
v 2.70833349 3.03108883 -6.75
v 2.91666698 3.10325766 -6.79166698
v 3.125 3.03108883 -6.75000048
v 2.08333349 2.95892 -6.70833397
v 1.87500012 3.03108883 -6.75
v 2.08333349 3.10325766 -6.79166698
v 2.29166675 3.03108883 -6.75000048
v 2.08333349 3.24759531 -6.87500095
v 1.87500012 3.31976414 -6.91666746
v 2.08333349 3.39193296 -6.95833349
v 2.29166675 3.31976414 -6.91666698
v 2.91666698 3.24759531 -6.875
v 2.70833349 3.31976414 -6.91666698
v 2.91666698 3.39193296 -6.95833349
v 3.125 3.31976414 -6.91666698
v 4.58333349 2.95892 -6.70833397
v 4.375 3.03108883 -6.75
v 4.58333349 3.10325766 -6.79166698
v 4.79166698 3.03108883 -6.75000048
v 3.75000024 2.95892 -6.70833397
v 3.54166698 3.03108883 -6.75
v 3.75000048 3.10325766 -6.79166698
v 3.95833349 3.03108883 -6.75000048
v 3.75000024 3.24759531 -6.87500095
v 3.54166698 3.31976414 -6.91666746
v 3.75000048 3.39193296 -6.95833349
v 3.95833349 3.31976414 -6.91666698
v 4.58333349 3.24759531 -6.875
v 4.375 3.31976414 -6.91666698
v 4.58333349 3.39193296 -6.95833349
v 4.79166698 3.31976414 -6.91666698
v 1.25000012 2.38156986 -6.37500095
v 1.04166675 2.45373845 -6.41666746
v 1.25000012 2.52590728 -6.45833397
v 1.45833349 2.45373845 -6.41666698
v 0.416666806 2.38156986 -6.37500095
v 0.208333448 2.45373845 -6.41666746
v 0.416666776 2.52590728 -6.45833397
v 0.625000119 2.45373845 -6.41666698
v 0.416666806 2.67024469 -6.54166746
v 0.208333448 2.74241352 -6.58333397
v 0.416666776 2.81458235 -6.62500095
v 0.625000119 2.74241352 -6.58333397
v 1.25000012 2.67024469 -6.54166746
v 1.04166675 2.74241352 -6.58333397
v 1.25000012 2.81458235 -6.62500095
v 1.45833349 2.74241352 -6.58333397
v -0.416666538 2.38156986 -6.37500095
v -0.624999881 2.45373845 -6.41666746
v -0.416666567 2.52590728 -6.45833397
v -0.208333209 2.45373845 -6.41666698
v -1.24999976 2.38156986 -6.37500095
v -1.45833325 2.45373845 -6.41666746
v -1.24999976 2.52590728 -6.45833397
v -1.04166651 2.45373845 -6.41666698
v -1.24999976 2.67024469 -6.54166698
v -1.45833325 2.74241352 -6.58333397
v -1.24999976 2.81458235 -6.62500095
v -1.04166651 2.74241352 -6.58333397
v -0.416666538 2.67024469 -6.54166746
v -0.624999881 2.74241352 -6.58333397
v -0.416666567 2.81458235 -6.62500095
v -0.208333209 2.74241352 -6.58333397
v -0.416666538 2.95892 -6.70833397
v -0.624999881 3.03108883 -6.75
v -0.416666567 3.10325766 -6.79166698
v -0.208333209 3.03108883 -6.75000048
v -1.24999976 2.95892 -6.70833397
v -1.45833325 3.03108883 -6.75
v -1.24999976 3.10325766 -6.79166698
v -1.04166651 3.03108883 -6.75000048
v -1.24999976 3.24759531 -6.87500095
v -1.45833325 3.31976414 -6.91666746
v -1.24999976 3.39193296 -6.95833349
v -1.04166651 3.31976414 -6.91666698
v -0.416666538 3.24759531 -6.875
v -0.624999881 3.31976414 -6.91666698
v -0.416666567 3.39193296 -6.95833349
v -0.208333209 3.31976414 -6.91666698
v 1.25000012 2.95892 -6.70833397
v 1.04166675 3.03108883 -6.75
v 1.25000012 3.10325766 -6.79166698
v 1.45833349 3.03108883 -6.75000048
v 0.416666806 2.95892 -6.70833397
v 0.208333448 3.03108883 -6.75
v 0.416666776 3.10325766 -6.79166698
v 0.625000119 3.03108883 -6.75000048
v 0.416666806 3.24759531 -6.87500095
v 0.208333448 3.31976414 -6.91666746
v 0.416666776 3.39193296 -6.95833349
v 0.625000119 3.31976414 -6.91666698
v 1.25000012 3.24759531 -6.875
v 1.04166675 3.31976414 -6.91666698
v 1.25000012 3.39193296 -6.95833349
v 1.45833349 3.31976414 -6.91666698
v -2.08333325 2.38156986 -6.37500095
v -2.29166651 2.45373845 -6.41666746
v -2.08333325 2.52590728 -6.45833397
v -1.87499988 2.45373845 -6.41666698
v -2.91666651 2.38156986 -6.37500095
v -3.12499952 2.45373845 -6.41666746
v -2.91666627 2.52590728 -6.45833397
v -2.70833325 2.45373845 -6.41666698
v -2.91666651 2.67024469 -6.54166698
v -3.12499952 2.74241352 -6.58333397
v -2.91666627 2.81458235 -6.62500095
v -2.70833325 2.74241352 -6.58333397
v -2.08333325 2.67024469 -6.54166746
v -2.29166651 2.74241352 -6.58333397
v -2.08333325 2.81458235 -6.62500095
v -1.87499988 2.74241352 -6.58333397
v -3.74999976 2.38156986 -6.37500095
v -3.95833302 2.45373845 -6.41666746
v -3.74999952 2.52590728 -6.45833349
v -3.54166651 2.45373845 -6.41666698
v -4.58333302 2.38156986 -6.37500048
v -4.79166651 2.45373869 -6.41666698
v -4.58333302 2.52590728 -6.45833349
v -4.375 2.45373845 -6.41666698
v -4.58333302 2.67024469 -6.54166651
v -4.79166651 2.74241352 -6.58333302
v -4.58333302 2.81458235 -6.625
v -4.375 2.74241352 -6.58333302
v -3.74999976 2.67024469 -6.54166698
v -3.95833302 2.74241352 -6.58333397
v -3.75 2.81458235 -6.62500095
v -3.54166651 2.74241352 -6.58333397
v -3.74999976 2.95892 -6.70833397
v -3.95833302 3.03108883 -6.75
v -3.74999952 3.10325766 -6.79166698
v -3.54166651 3.03108883 -6.75000048
v -4.58333302 2.95892 -6.70833397
v -4.79166651 3.03108883 -6.75
v -4.58333302 3.10325766 -6.79166698
v -4.375 3.03108883 -6.75000048
v -4.58333302 3.24759531 -6.87500048
v -4.79166651 3.31976414 -6.91666698
v -4.58333302 3.39193296 -6.95833349
v -4.375 3.31976414 -6.91666698
v -3.74999976 3.24759531 -6.875
v -3.95833302 3.31976414 -6.91666698
v -3.75 3.39193296 -6.95833349
v -3.54166651 3.31976414 -6.91666698
v -2.08333325 2.95892 -6.70833397
v -2.29166651 3.03108883 -6.75
v -2.08333325 3.10325766 -6.79166698
v -1.87499988 3.03108883 -6.75000048
v -2.91666651 2.95892 -6.70833397
v -3.12499952 3.03108883 -6.75
v -2.91666627 3.10325766 -6.79166698
v -2.70833325 3.03108883 -6.75000048
v -2.91666651 3.24759531 -6.87500095
v -3.12499976 3.31976414 -6.91666746
v -2.91666651 3.39193296 -6.95833349
v -2.70833325 3.31976414 -6.91666698
v -2.08333325 3.24759531 -6.875
v -2.29166651 3.31976414 -6.91666698
v -2.08333325 3.39193296 -6.95833349
v -1.87499988 3.31976414 -6.91666698
v -4.375 0 4.16666698
v -4.79166698 0 4.16666698
v -4.16666698 0 3.95833349
v -4.16666698 0 3.54166698
v -3.95833349 0 4.16666698
v -3.54166698 0 4.16666698
v -4.16666698 0 4.375
v -4.16666698 0 4.79166698
v -4.375 0 2.5
v -4.79166698 0 2.5
v -4.16666698 0 2.29166675
v -4.16666698 0 1.87500012
v -3.95833349 0 2.5
v -3.54166698 0 2.5
v -4.16666698 0 2.70833349
v -4.16666698 0 3.125
v -2.70833349 0 2.5
v -3.12500024 0 2.5
v -2.5 0 2.29166675
v -2.5 0 1.87500012
v -2.29166675 0 2.5
v -1.87500024 0 2.5
v -2.5 0 2.70833349
v -2.5 0 3.125
v -2.70833349 0 4.16666698
v -3.12500024 0 4.16666698
v -2.5 0 3.95833349
v -2.5 0 3.54166698
v -2.29166675 0 4.16666698
v -1.87500024 0 4.16666698
v -2.5 0 4.375
v -2.5 0 4.79166698
v -4.375 0 0.833333492
v -4.79166698 0 0.833333373
v -4.16666698 0 0.625000119
v -4.16666698 0 0.208333448
v -3.95833349 0 0.833333433
v -3.54166698 0 0.833333433
v -4.16666698 0 1.04166675
v -4.16666698 0 1.45833349
v -4.375 0 -0.833333194
v -4.79166698 0 -0.833333194
v -4.16666698 0 -1.04166651
v -4.16666698 0 -1.45833325
v -3.95833349 0 -0.833333254
v -3.54166698 0 -0.833333254
v -4.16666698 0 -0.624999881
v -4.16666698 0 -0.208333209
v -2.70833349 0 -0.833333194
v -3.12500024 0 -0.833333254
v -2.5 0 -1.04166651
v -2.5 0 -1.45833325
v -2.29166675 0 -0.833333254
v -1.87500024 0 -0.833333254
v -2.5 0 -0.624999881
v -2.5 0 -0.208333209
v -2.70833349 0 0.833333492
v -3.12500024 0 0.833333373
v -2.5 0 0.625000119
v -2.5 0 0.208333448
v -2.29166675 0 0.833333433
v -1.87500024 0 0.833333433
v -2.5 0 1.04166675
v -2.5 0 1.45833349
v -4.375 0.00281909294 -2.4934895
v -4.79166698 0.00281909294 -2.4934895
v -4.16666698 0.00563818589 -2.6953125
v -4.16666698 0.0157869197 -3.08854151
v -3.95833349 0.00281909294 -2.4934895
v -3.54166698 0.00281909294 -2.4934895
v -4.16666698 0.00112763722 -2.2890625
v -4.16666698 0 -1.87499988
v -4.375 0.0806260556 -3.98046851
v -4.79166651 0.0806260556 -3.98046851
v -4.16666651 0.102614984 -4.13802052
v -4.16666651 0.15786919 -4.42708302
v -3.95833349 0.0806260556 -3.98046875
v -3.54166675 0.0806260556 -3.98046875
v -4.16666698 0.0620200448 -3.81510401
v -4.16666698 0.0338291153 -3.46354151
v -2.70833349 0.0806260556 -3.98046851
v -3.12500024 0.0806260556 -3.98046851
v -2.5 0.102614984 -4.13802052
v -2.5 0.15786919 -4.42708302
v -2.29166675 0.0806260556 -3.98046875
v -1.87500024 0.0806260556 -3.98046875
v -2.5 0.0620200448 -3.81510401
v -2.5 0.0338291153 -3.46354151
v -2.70833349 0.00281909294 -2.4934895
v -3.12500024 0.00281909294 -2.4934895
v -2.5 0.00563818589 -2.6953125
v -2.5 0.0157869197 -3.08854151
v -2.29166675 0.00281909294 -2.4934895
v -1.87500024 0.00281909294 -2.4934895
v -2.5 0.00112763722 -2.2890625
v -2.5 0 -1.87499988
v -1.04166675 0 4.16666698
v -1.45833349 0 4.16666698
v -0.833333373 0 3.95833349
v -0.833333373 0 3.54166698
v -0.62500006 0 4.16666698
v -0.208333433 0 4.16666698
v -0.833333373 0 4.375
v -0.833333373 0 4.79166698
v -1.04166675 0 2.5
v -1.45833349 0 2.5
v -0.833333373 0 2.29166675
v -0.833333373 0 1.87500012
v -0.62500006 0 2.5
v -0.208333433 0 2.5
v -0.833333373 0 2.70833349
v -0.833333373 0 3.125
v 0.624999881 0 2.5
v 0.208333224 0 2.5
v 0.833333254 0 2.29166675
v 0.833333254 0 1.87500012
v 1.04166651 0 2.5
v 1.45833313 0 2.5
v 0.833333254 0 2.70833349
v 0.833333254 0 3.125
v 0.624999881 0 4.16666698
v 0.208333224 0 4.16666698
v 0.833333254 0 3.95833349
v 0.833333254 0 3.54166698
v 1.04166651 0 4.16666698
v 1.45833313 0 4.16666698
v 0.833333254 0 4.375
v 0.833333254 0 4.79166698
v -1.04166675 0 0.833333492
v -1.45833349 0 0.833333492
v -0.833333373 0 0.625000119
v -0.833333373 0 0.208333448
v -0.62500006 0 0.833333433
v -0.208333433 0 0.833333433
v -0.833333373 0 1.04166675
v -0.833333373 0 1.45833349
v -1.04166675 0 -0.833333194
v -1.45833349 0 -0.833333254
v -0.833333373 0 -1.04166651
v -0.833333373 0 -1.45833325
v -0.62500006 0 -0.833333254
v -0.208333433 0 -0.833333254
v -0.833333373 0 -0.624999881
v -0.833333373 0 -0.208333209
v 0.624999881 0 -0.833333194
v 0.208333224 0 -0.833333254
v 0.833333254 0 -1.04166651
v 0.833333254 0 -1.45833325
v 1.04166651 0 -0.833333254
v 1.45833313 0 -0.833333254
v 0.833333254 0 -0.624999881
v 0.833333254 0 -0.208333209
v 0.624999881 0 0.833333492
v 0.208333224 0 0.833333373
v 0.833333254 0 0.625000119
v 0.833333254 0 0.208333448
v 1.04166651 0 0.833333433
v 1.45833313 0 0.833333433
v 0.833333254 0 1.04166675
v 0.833333254 0 1.45833349
v -1.04166675 0.00281909294 -2.4934895
v -1.45833349 0.00281909294 -2.4934895
v -0.833333373 0.00563818589 -2.6953125
v -0.833333373 0.0157869197 -3.08854151
v -0.62500006 0.00281909294 -2.4934895
v -0.208333418 0.00281909294 -2.4934895
v -0.833333373 0.00112763722 -2.2890625
v -0.833333373 0 -1.87499988
v -1.04166675 0.0806260556 -3.98046851
v -1.45833349 0.0806260556 -3.98046851
v -0.833333373 0.102614984 -4.13802052
v -0.833333373 0.15786919 -4.42708302
v -0.62500006 0.0806260556 -3.98046875
v -0.208333373 0.0806260556 -3.98046875
v -0.833333373 0.0620200448 -3.81510401
v -0.833333373 0.0338291153 -3.46354151
v 0.62499994 0.0806260556 -3.98046851
v 0.208333254 0.0806260556 -3.98046851
v 0.833333254 0.102614984 -4.13802052
v 0.833333254 0.15786919 -4.42708302
v 1.04166651 0.0806260556 -3.98046875
v 1.45833313 0.0806260556 -3.98046875
v 0.833333254 0.0620200448 -3.81510401
v 0.833333254 0.0338291153 -3.46354151
v 0.624999881 0.00281909294 -2.4934895
v 0.208333239 0.00281909294 -2.4934895
v 0.833333254 0.00563818589 -2.6953125
v 0.833333254 0.0157869197 -3.08854151
v 1.04166651 0.00281909294 -2.4934895
v 1.45833313 0.00281909294 -2.4934895
v 0.833333254 0.00112763722 -2.2890625
v 0.833333254 0 -1.87499988
v 2.29166651 0 4.16666698
v 1.87499976 0 4.16666698
v 2.5 0 3.95833349
v 2.5 0 3.54166698
v 2.70833325 0 4.16666698
v 3.125 0 4.16666698
v 2.5 0 4.375
v 2.5 0 4.79166698
v 2.29166651 0 2.5
v 1.87499976 0 2.5
v 2.5 0 2.29166675
v 2.5 0 1.87500012
v 2.70833325 0 2.5
v 3.12499976 0 2.5
v 2.5 0 2.70833349
v 2.5 0 3.125
v 3.95833278 0 2.5
v 3.54166651 0 2.5
v 4.16666603 0 2.29166675
v 4.16666603 0 1.87500012
v 4.37499952 0 2.5
v 4.79166651 0 2.5
v 4.16666603 0 2.70833349
v 4.16666651 0 3.125
v 3.95833325 0 4.16666698
v 3.54166651 0 4.16666698
v 4.16666651 0 3.95833349
v 4.16666651 0 3.54166698
v 4.375 0 4.16666698
v 4.79166651 0 4.16666698
v 4.16666651 0 4.375
v 4.16666651 0 4.79166698
v 2.29166651 0 0.833333492
v 1.87499976 0 0.833333492
v 2.5 0 0.625000119
v 2.5 0 0.208333448
v 2.70833325 0 0.833333433
v 3.125 0 0.833333433
v 2.5 0 1.04166675
v 2.5 0 1.45833349
v 2.29166651 0 -0.833333194
v 1.87499976 0 -0.833333254
v 2.5 0 -1.04166651
v 2.5 0 -1.45833325
v 2.70833325 0 -0.833333254
v 3.12499976 0 -0.833333254
v 2.5 0 -0.624999881
v 2.5 0 -0.208333209
v 3.95833278 0 -0.833333194
v 3.54166651 0 -0.833333254
v 4.16666603 0 -1.04166651
v 4.16666603 0 -1.45833325
v 4.37499952 0 -0.833333254
v 4.79166651 0 -0.833333254
v 4.16666603 0 -0.624999881
v 4.16666651 0 -0.208333209
v 3.95833325 0 0.833333492
v 3.54166651 0 0.833333373
v 4.16666651 0 0.625000119
v 4.16666651 0 0.208333448
v 4.375 0 0.833333433
v 4.79166651 0 0.833333433
v 4.16666651 0 1.04166675
v 4.16666651 0 1.45833349
v 2.29166651 0.00281909294 -2.4934895
v 1.87499976 0.00281909294 -2.4934895
v 2.5 0.00563818589 -2.6953125
v 2.5 0.0157869197 -3.08854151
v 2.70833325 0.00281909294 -2.4934895
v 3.125 0.00281909294 -2.4934895
v 2.5 0.00112763722 -2.2890625
v 2.5 0 -1.87499988
v 2.29166651 0.0806260556 -3.98046851
v 1.87499976 0.0806260556 -3.98046851
v 2.5 0.102614984 -4.13802052
v 2.5 0.15786919 -4.42708302
v 2.70833325 0.0806260556 -3.98046875
v 3.12499976 0.0806260556 -3.98046875
v 2.5 0.0620200448 -3.81510401
v 2.5 0.0338291153 -3.46354151
v 3.95833278 0.0806260556 -3.98046851
v 3.54166651 0.0806260556 -3.98046851
v 4.16666603 0.102614984 -4.13802052
v 4.16666603 0.15786919 -4.42708302
v 4.37499952 0.0806260556 -3.98046875
v 4.79166651 0.0806260556 -3.98046875
v 4.16666603 0.0620200448 -3.81510401
v 4.16666651 0.0338291153 -3.46354151
v 3.95833325 0.00281909294 -2.4934895
v 3.54166651 0.00281909294 -2.4934895
v 4.16666651 0.00563818589 -2.6953125
v 4.16666651 0.0157869197 -3.08854151
v 4.375 0.00281909294 -2.4934895
v 4.79166651 0.00281909294 -2.4934895
v 4.16666651 0.00112763722 -2.2890625
v 4.16666651 0 -1.87499988
v 4.16666651 0.319121331 -4.88802052
v 4.16666651 0.230037987 -4.67708302
v 3.95833325 0.3693012 -4.98046875
v 3.54166651 0.3693012 -4.98046875
v 4.16666651 0.42286396 -5.06510401
v 4.16666651 0.539010584 -5.21354151
v 4.375 0.3693012 -4.98046875
v 4.79166651 0.3693012 -4.98046875
v 2.5 0.319121331 -4.88802052
v 2.5 0.230037987 -4.67708302
v 2.29166675 0.3693012 -4.98046875
v 1.87500012 0.3693012 -4.98046875
v 2.5 0.42286396 -5.06510401
v 2.5 0.539010584 -5.21354151
v 2.70833325 0.3693012 -4.98046875
v 3.125 0.3693012 -4.98046875
v 2.5 0.799494803 -5.44531202
v 2.5 0.665305972 -5.33854151
v 2.29166675 0.86884445 -5.49348927
v 1.87500012 0.86884445 -5.49348927
v 2.5 0.939321756 -5.53906155
v 2.5 1.08253169 -5.62499952
v 2.70833325 0.86884445 -5.49348927
v 3.125 0.86884445 -5.49348927
v 4.16666651 0.799494803 -5.4453125
v 4.16666651 0.665305972 -5.33854151
v 3.95833349 0.86884445 -5.49348927
v 3.54166675 0.86884445 -5.49348927
v 4.16666698 0.939321756 -5.5390625
v 4.16666698 1.08253169 -5.625
v 4.375 0.86884445 -5.49348974
v 4.79166651 0.86884445 -5.49348974
v 0.833333373 0.319121331 -4.88802052
v 0.833333373 0.230037987 -4.67708302
v 0.62500006 0.3693012 -4.98046875
v 0.208333373 0.3693012 -4.98046875
v 0.833333373 0.42286396 -5.06510401
v 0.833333373 0.539010584 -5.21354151
v 1.04166675 0.3693012 -4.98046875
v 1.45833325 0.3693012 -4.98046875
v -0.833333254 0.319121331 -4.88802052
v -0.833333254 0.230037987 -4.67708302
v -1.04166651 0.3693012 -4.98046875
v -1.45833325 0.3693012 -4.98046875
v -0.833333254 0.42286396 -5.06510401
v -0.833333254 0.539010584 -5.21354151
v -0.624999881 0.3693012 -4.98046875
v -0.208333284 0.3693012 -4.98046875
v -0.833333254 0.799494803 -5.44531202
v -0.833333254 0.665305972 -5.33854151
v -1.04166651 0.86884445 -5.49348927
v -1.45833325 0.86884445 -5.49348927
v -0.833333254 0.939321756 -5.53906155
v -0.833333254 1.08253169 -5.62499952
v -0.624999881 0.86884445 -5.49348927
v -0.208333254 0.86884445 -5.49348927
v 0.833333373 0.799494803 -5.44531202
v 0.833333373 0.665305972 -5.33854151
v 0.62500006 0.86884445 -5.49348927
v 0.208333403 0.86884445 -5.49348927
v 0.833333373 0.939321756 -5.53906155
v 0.833333373 1.08253169 -5.62499952
v 1.04166675 0.86884445 -5.49348927
v 1.45833337 0.86884445 -5.49348927
v -2.5 0.319121331 -4.88802052
v -2.5 0.230037987 -4.67708302
v -2.70833325 0.3693012 -4.98046875
v -3.125 0.3693012 -4.98046875
v -2.5 0.42286396 -5.06510401
v -2.5 0.539010584 -5.21354151
v -2.29166651 0.3693012 -4.98046875
v -1.87499988 0.3693012 -4.98046875
v -4.16666651 0.319121331 -4.88802052
v -4.16666651 0.230037987 -4.67708302
v -4.375 0.3693012 -4.98046875
v -4.79166651 0.3693012 -4.98046875
v -4.16666651 0.42286396 -5.06510401
v -4.16666651 0.539010584 -5.21354151
v -3.95833302 0.3693012 -4.98046875
v -3.54166651 0.3693012 -4.98046875
v -4.16666651 0.799494803 -5.4453125
v -4.16666651 0.665305972 -5.33854151
v -4.375 0.86884445 -5.49348927
v -4.79166651 0.86884445 -5.49348927
v -4.16666651 0.939321756 -5.5390625
v -4.16666651 1.08253169 -5.625
v -3.95833302 0.86884445 -5.49348974
v -3.54166651 0.86884445 -5.49348974
v -2.5 0.799494803 -5.44531202
v -2.5 0.665305972 -5.33854151
v -2.70833325 0.86884445 -5.49348927
v -3.12499952 0.86884445 -5.49348927
v -2.5 0.939321756 -5.53906155
v -2.5 1.08253169 -5.62499952
v -2.29166651 0.86884445 -5.49348927
v -1.87499988 0.86884445 -5.49348927
v 4.16666698 1.37120676 -5.79166651
v 4.16666698 1.22686923 -5.70833349
v 3.95833349 1.44337559 -5.83333302
v 3.54166698 1.44337559 -5.83333302
v 4.16666698 1.51554441 -5.875
v 4.16666698 1.65988195 -5.95833349
v 4.375 1.44337559 -5.83333397
v 4.79166698 1.44337559 -5.83333302
v 2.5 1.37120676 -5.79166603
v 2.5 1.22686923 -5.70833302
v 2.29166675 1.44337559 -5.83333302
v 1.87500012 1.44337559 -5.83333302
v 2.5 1.51554441 -5.875
v 2.5 1.65988195 -5.95833302
v 2.70833349 1.44337559 -5.83333302
v 3.125 1.44337559 -5.83333302
v 2.5 1.9485569 -6.125
v 2.5 1.80421937 -6.04166698
v 2.29166675 2.02072573 -6.16666746
v 1.87500012 2.02072573 -6.16666746
v 2.5 2.09289455 -6.20833397
v 2.5 2.23723221 -6.29166746
v 2.70833349 2.02072573 -6.16666698
v 3.125 2.02072573 -6.16666698
v 4.16666698 1.9485569 -6.12500095
v 4.16666698 1.80421948 -6.04166698
v 3.95833349 2.02072573 -6.16666746
v 3.54166698 2.02072573 -6.16666746
v 4.16666698 2.09289455 -6.20833349
v 4.16666698 2.23723221 -6.29166698
v 4.375 2.02072573 -6.16666698
v 4.79166698 2.02072573 -6.16666698
v 0.833333492 1.37120676 -5.79166603
v 0.833333373 1.22686923 -5.70833302
v 0.625000119 1.44337559 -5.83333302
v 0.208333418 1.44337559 -5.83333302
v 0.833333433 1.51554441 -5.875
v 0.833333433 1.65988195 -5.95833302
v 1.04166675 1.44337559 -5.83333302
v 1.45833349 1.44337559 -5.83333302
v -0.833333194 1.37120676 -5.79166603
v -0.833333254 1.22686923 -5.70833302
v -1.04166651 1.44337559 -5.83333302
v -1.45833325 1.44337559 -5.83333302
v -0.833333254 1.51554441 -5.875
v -0.833333254 1.65988195 -5.95833302
v -0.624999881 1.44337559 -5.83333302
v -0.208333224 1.44337559 -5.83333302
v -0.833333194 1.9485569 -6.125
v -0.833333254 1.80421937 -6.04166698
v -1.04166651 2.02072573 -6.16666746
v -1.45833325 2.02072573 -6.16666746
v -0.833333254 2.09289455 -6.20833397
v -0.833333254 2.23723221 -6.29166746
v -0.624999881 2.02072573 -6.16666698
v -0.208333209 2.02072573 -6.16666698
v 0.833333492 1.9485569 -6.125
v 0.833333373 1.80421937 -6.04166698
v 0.625000119 2.02072573 -6.16666746
v 0.208333448 2.02072573 -6.16666746
v 0.833333433 2.09289455 -6.20833397
v 0.833333433 2.23723221 -6.29166746
v 1.04166675 2.02072573 -6.16666698
v 1.45833349 2.02072573 -6.16666698
v -2.5 1.37120676 -5.79166603
v -2.5 1.22686923 -5.70833302
v -2.70833325 1.44337559 -5.83333302
v -3.12499952 1.44337559 -5.83333302
v -2.5 1.51554441 -5.875
v -2.5 1.65988195 -5.95833302
v -2.29166651 1.44337559 -5.83333302
v -1.87499988 1.44337559 -5.83333302
v -4.16666651 1.37120676 -5.79166698
v -4.16666651 1.22686923 -5.70833349
v -4.375 1.44337559 -5.83333397
v -4.79166651 1.44337559 -5.83333349
v -4.16666651 1.51554441 -5.875
v -4.16666651 1.65988195 -5.95833349
v -3.95833302 1.44337559 -5.83333397
v -3.54166651 1.44337559 -5.83333302
v -4.16666651 1.94855702 -6.125
v -4.16666651 1.80421948 -6.04166651
v -4.375 2.02072573 -6.16666603
v -4.79166651 2.02072573 -6.16666698
v -4.16666651 2.09289455 -6.20833349
v -4.16666651 2.23723221 -6.29166698
v -3.95833302 2.02072573 -6.16666698
v -3.54166651 2.02072573 -6.16666698
v -2.5 1.9485569 -6.125
v -2.5 1.80421937 -6.04166698
v -2.70833325 2.02072573 -6.16666746
v -3.12499952 2.02072573 -6.16666746
v -2.5 2.09289455 -6.20833397
v -2.5 2.23723221 -6.29166746
v -2.29166651 2.02072573 -6.16666698
v -1.87499988 2.02072573 -6.16666698
v 4.16666698 2.52590728 -6.45833349
v 4.16666698 2.38156986 -6.37500095
v 3.95833349 2.59807587 -6.5
v 3.54166698 2.59807587 -6.5
v 4.16666698 2.67024469 -6.54166698
v 4.16666698 2.81458235 -6.625
v 4.375 2.59807587 -6.50000048
v 4.79166698 2.59807611 -6.50000048
v 2.5 2.52590728 -6.45833397
v 2.5 2.38156986 -6.37500095
v 2.29166675 2.59807587 -6.50000095
v 1.87500012 2.59807587 -6.5
v 2.5 2.67024469 -6.54166746
v 2.5 2.81458235 -6.62500095
v 2.70833349 2.59807587 -6.50000095
v 3.125 2.59807587 -6.50000048
v 2.5 3.10325766 -6.79166698
v 2.5 2.95892 -6.70833397
v 2.29166675 3.17542648 -6.83333397
v 1.87500012 3.17542648 -6.83333397
v 2.5 3.24759531 -6.875
v 2.5 3.39193296 -6.95833349
v 2.70833349 3.17542648 -6.83333397
v 3.125 3.17542648 -6.83333397
v 4.16666698 3.10325766 -6.79166698
v 4.16666698 2.95892 -6.70833349
v 3.95833349 3.17542648 -6.83333397
v 3.54166698 3.17542648 -6.83333397
v 4.16666698 3.24759531 -6.875
v 4.16666698 3.39193296 -6.95833349
v 4.375 3.17542648 -6.83333397
v 4.79166698 3.17542648 -6.83333302
v 0.833333492 2.52590728 -6.45833397
v 0.833333492 2.38156986 -6.37500095
v 0.625000119 2.59807587 -6.50000095
v 0.208333448 2.59807587 -6.50000048
v 0.833333433 2.67024469 -6.54166746
v 0.833333433 2.81458235 -6.62500095
v 1.04166675 2.59807587 -6.50000095
v 1.45833349 2.59807587 -6.50000048
v -0.833333194 2.52590728 -6.45833397
v -0.833333254 2.38156986 -6.37500095
v -1.04166651 2.59807587 -6.50000095
v -1.45833325 2.59807587 -6.5
v -0.833333254 2.67024469 -6.54166746
v -0.833333254 2.81458235 -6.62500095
v -0.624999881 2.59807587 -6.50000095
v -0.208333209 2.59807587 -6.50000095
v -0.833333194 3.10325766 -6.79166698
v -0.833333254 2.95892 -6.70833397
v -1.04166651 3.17542648 -6.83333397
v -1.45833325 3.17542648 -6.83333397
v -0.833333254 3.24759531 -6.875
v -0.833333254 3.39193296 -6.95833349
v -0.624999881 3.17542648 -6.83333397
v -0.208333209 3.17542648 -6.83333397
v 0.833333492 3.10325766 -6.79166698
v 0.833333373 2.95892 -6.70833349
v 0.625000119 3.17542648 -6.83333397
v 0.208333448 3.17542648 -6.83333397
v 0.833333433 3.24759531 -6.875
v 0.833333433 3.39193296 -6.95833349
v 1.04166675 3.17542648 -6.83333397
v 1.45833349 3.17542648 -6.83333397
v -2.5 2.52590728 -6.45833397
v -2.5 2.38156986 -6.37500095
v -2.70833325 2.59807587 -6.50000095
v -3.12499952 2.59807587 -6.5
v -2.5 2.67024469 -6.54166746
v -2.5 2.81458235 -6.62500095
v -2.29166651 2.59807587 -6.50000095
v -1.87499988 2.59807587 -6.50000048
v -4.16666651 2.52590728 -6.45833349
v -4.16666651 2.38156986 -6.375
v -4.375 2.59807587 -6.5
v -4.79166651 2.59807587 -6.5
v -4.16666651 2.67024469 -6.54166698
v -4.16666651 2.81458235 -6.625
v -3.95833302 2.59807587 -6.50000048
v -3.54166651 2.59807587 -6.50000048
v -4.16666651 3.10325766 -6.79166698
v -4.16666651 2.95892 -6.70833349
v -4.375 3.17542648 -6.83333397
v -4.79166651 3.17542648 -6.83333349
v -4.16666651 3.24759531 -6.875
v -4.16666651 3.39193296 -6.95833349
v -3.95833302 3.17542648 -6.83333397
v -3.54166651 3.17542648 -6.83333397
v -2.5 3.10325766 -6.79166698
v -2.5 2.95892 -6.70833349
v -2.70833325 3.17542648 -6.83333397
v -3.12499952 3.17542648 -6.83333397
v -2.5 3.24759531 -6.875
v -2.5 3.39193296 -6.95833349
v -2.29166651 3.17542648 -6.83333397
v -1.87499988 3.17542648 -6.83333397
v -3.95833349 0 3.33333349
v -3.54166698 0 3.33333349
v -4.375 0 3.33333349
v -4.79166698 0 3.33333349
v -3.33333349 0 2.70833349
v -3.33333349 0 3.125
v -3.33333349 0 2.29166675
v -3.33333349 0 1.87500012
v -2.70833349 0 3.33333349
v -3.125 0 3.33333349
v -2.29166675 0 3.33333349
v -1.87500024 0 3.33333349
v -3.33333349 0 3.95833349
v -3.33333349 0 3.54166698
v -3.33333349 0 4.375
v -3.33333349 0 4.79166698
v -3.95833349 0 1.15483999e-07
v -3.54166698 0 1.15483999e-07
v -4.375 0 1.15483999e-07
v -4.79166698 0 1.15483999e-07
v -3.33333349 0 -0.624999881
v -3.33333349 0 -0.208333209
v -3.33333349 0 -1.04166651
v -3.33333349 0 -1.45833325
v -2.70833349 0 1.15483999e-07
v -3.125 0 1.15483999e-07
v -2.29166675 0 1.15483999e-07
v -1.87500024 0 1.15483999e-07
v -3.33333349 0 0.625000119
v -3.33333349 0 0.208333448
v -3.33333349 0 1.04166675
v -3.33333349 0 1.45833349
v -3.95833349 0.0236803815 -3.27864552
v -3.54166698 0.0236803815 -3.27864552
v -4.375 0.0236803815 -3.27864552
v -4.79166651 0.0236803815 -3.27864552
v -3.33333349 0.0620200448 -3.81510401
v -3.33333349 0.0338291153 -3.46354151
v -3.33333349 0.102614984 -4.13802052
v -3.33333349 0.15786919 -4.42708302
v -2.70833349 0.0236803815 -3.27864552
v -3.125 0.0236803815 -3.27864552
v -2.29166675 0.0236803815 -3.27864552
v -1.87500024 0.0236803815 -3.27864552
v -3.33333349 0.00563818589 -2.6953125
v -3.33333349 0.0157869197 -3.08854151
v -3.33333349 0.00112763722 -2.2890625
v -3.33333349 0 -1.87499988
v -0.62500006 0 3.33333349
v -0.208333433 0 3.33333349
v -1.04166675 0 3.33333349
v -1.45833337 0 3.33333349
v -1.04308128e-07 0 2.70833349
v -1.04308128e-07 0 3.125
v -1.04308128e-07 0 2.29166675
v -1.04308128e-07 0 1.87500012
v 0.624999881 0 3.33333349
v 0.208333224 0 3.33333349
v 1.04166651 0 3.33333349
v 1.45833313 0 3.33333349
v -1.04308128e-07 0 3.95833349
v -1.04308128e-07 0 3.54166698
v -1.04308128e-07 0 4.375
v -1.08033419e-07 0 4.79166698
v -0.62500006 0 1.15483999e-07
v -0.208333433 0 1.15483999e-07
v -1.04166675 0 1.15483999e-07
v -1.45833337 0 1.15483999e-07
v -1.04308128e-07 0 -0.624999881
v -1.04308128e-07 0 -0.208333209
v -1.04308128e-07 0 -1.04166651
v -1.04308128e-07 0 -1.45833325
v 0.624999881 0 1.15483999e-07
v 0.208333224 0 1.15483999e-07
v 1.04166651 0 1.15483999e-07
v 1.45833313 0 1.15483999e-07
v -1.04308128e-07 0 0.625000119
v -1.04308128e-07 0 0.208333448
v -1.04308128e-07 0 1.04166675
v -1.04308128e-07 0 1.45833349
v -0.62500006 0.0236803815 -3.27864552
v -0.208333403 0.0236803815 -3.27864552
v -1.04166675 0.0236803815 -3.27864552
v -1.45833337 0.0236803815 -3.27864552
v -6.70552254e-08 0.0620200448 -3.81510401
v -7.82310963e-08 0.0338291153 -3.46354151
v -3.7252903e-08 0.102614984 -4.13802052
v -1.49011612e-08 0.15786919 -4.42708302
v 0.624999881 0.0236803815 -3.27864552
v 0.208333254 0.0236803815 -3.27864552
v 1.04166651 0.0236803815 -3.27864552
v 1.45833313 0.0236803815 -3.27864552
v -9.31322575e-08 0.00563818589 -2.6953125
v -8.56816769e-08 0.0157869197 -3.08854151
v -9.68575478e-08 0.00112763722 -2.2890625
v -1.00582838e-07 0 -1.87499988
v 2.70833325 0 3.33333349
v 3.125 0 3.33333349
v 2.29166651 0 3.33333349
v 1.87499976 0 3.33333349
v 3.33333302 0 2.70833349
v 3.33333302 0 3.125
v 3.33333302 0 2.29166675
v 3.33333302 0 1.87500012
v 3.95833325 0 3.33333349
v 3.54166651 0 3.33333349
v 4.375 0 3.33333349
v 4.79166651 0 3.33333349
v 3.33333302 0 3.95833349
v 3.33333302 0 3.54166698
v 3.33333302 0 4.375
v 3.33333302 0 4.79166698
v 2.70833325 0 1.15483999e-07
v 3.125 0 1.15483999e-07
v 2.29166651 0 1.15483999e-07
v 1.87499976 0 1.15483999e-07
v 3.33333302 0 -0.624999881
v 3.33333302 0 -0.208333209
v 3.33333302 0 -1.04166651
v 3.33333302 0 -1.45833325
v 3.95833325 0 1.15483999e-07
v 3.54166651 0 1.15483999e-07
v 4.375 0 1.15483999e-07
v 4.79166651 0 1.15483999e-07
v 3.33333302 0 0.625000119
v 3.33333302 0 0.208333448
v 3.33333302 0 1.04166675
v 3.33333302 0 1.45833349
v 2.70833325 0.0236803815 -3.27864552
v 3.125 0.0236803815 -3.27864552
v 2.29166651 0.0236803815 -3.27864552
v 1.87499976 0.0236803815 -3.27864552
v 3.33333302 0.0620200448 -3.81510401
v 3.33333302 0.0338291153 -3.46354151
v 3.33333302 0.102614984 -4.13802052
v 3.33333302 0.15786919 -4.42708302
v 3.95833325 0.0236803815 -3.27864552
v 3.54166651 0.0236803815 -3.27864552
v 4.375 0.0236803815 -3.27864552
v 4.79166651 0.0236803815 -3.27864552
v 3.33333302 0.00563818589 -2.6953125
v 3.33333302 0.0157869197 -3.08854151
v 3.33333302 0.00112763722 -2.2890625
v 3.33333302 0 -1.87499988
v 3.33333302 0.42286396 -5.06510401
v 3.33333325 0.539010584 -5.21354151
v 3.33333302 0.319121331 -4.88802052
v 3.33333302 0.230037987 -4.67708302
v 2.70833325 0.601030588 -5.27864552
v 3.125 0.601030588 -5.27864552
v 2.29166675 0.601030588 -5.27864552
v 1.87500012 0.601030588 -5.27864552
v 3.33333349 0.799494803 -5.4453125
v 3.33333349 0.665305972 -5.33854151
v 3.33333349 0.939321756 -5.5390625
v 3.33333349 1.08253169 -5.625
v 3.95833325 0.601030648 -5.27864552
v 3.54166651 0.601030648 -5.27864552
v 4.375 0.601030648 -5.27864552
v 4.79166651 0.601030648 -5.27864552
v 5.21540642e-08 0.42286396 -5.06510401
v 5.96046448e-08 0.539010584 -5.21354151
v 3.7252903e-08 0.319121331 -4.88802052
v 1.11758709e-08 0.230037987 -4.67708302
v -0.624999881 0.601030588 -5.27864552
v -0.208333269 0.601030588 -5.27864552
v -1.04166651 0.601030588 -5.27864552
v -1.45833325 0.601030588 -5.27864552
v 6.70552254e-08 0.799494803 -5.4453125
v 6.33299351e-08 0.665305972 -5.33854151
v 7.82310963e-08 0.939321756 -5.5390625
v 9.31322575e-08 1.08253169 -5.62499952
v 0.62500006 0.601030648 -5.27864552
v 0.208333388 0.601030648 -5.27864552
v 1.04166675 0.601030648 -5.27864552
v 1.45833337 0.601030648 -5.27864552
v -3.33333302 0.42286396 -5.06510401
v -3.33333302 0.539010584 -5.21354151
v -3.33333302 0.319121331 -4.88802052
v -3.33333349 0.230037987 -4.67708302
v -3.95833325 0.601030588 -5.27864552
v -3.54166651 0.601030588 -5.27864552
v -4.375 0.601030588 -5.27864552
v -4.79166651 0.601030588 -5.27864552
v -3.33333302 0.799494803 -5.4453125
v -3.33333302 0.665305972 -5.33854151
v -3.33333302 0.939321756 -5.5390625
v -3.33333302 1.08253169 -5.625
v -2.70833325 0.601030648 -5.27864552
v -3.12499952 0.601030648 -5.27864552
v -2.29166651 0.601030648 -5.27864552
v -1.87499988 0.601030648 -5.27864552
v 3.33333349 1.51554441 -5.875
v 3.33333349 1.65988195 -5.95833302
v 3.33333349 1.37120676 -5.79166651
v 3.33333349 1.22686923 -5.70833302
v 2.70833349 1.73205066 -6
v 3.125 1.73205066 -6
v 2.29166675 1.73205066 -6
v 1.87500012 1.73205066 -6
v 3.33333349 1.9485569 -6.125
v 3.33333349 1.80421937 -6.04166698
v 3.33333349 2.09289455 -6.20833397
v 3.33333349 2.23723221 -6.29166746
v 3.95833349 1.73205066 -6.00000048
v 3.54166698 1.73205066 -6
v 4.375 1.73205078 -6.00000048
v 4.79166698 1.73205078 -6.00000048
v 1.04308128e-07 1.51554441 -5.875
v 1.15483999e-07 1.65988195 -5.95833302
v 9.68575478e-08 1.37120676 -5.79166651
v 9.31322575e-08 1.22686923 -5.70833302
v -0.624999881 1.73205066 -6
v -0.208333209 1.73205066 -6
v -1.04166651 1.73205066 -6
v -1.45833325 1.73205066 -6
v 1.15483999e-07 1.9485569 -6.125
v 1.15483999e-07 1.80421937 -6.04166698
v 1.15483999e-07 2.09289455 -6.20833397
v 1.15483999e-07 2.23723221 -6.29166746
v 0.625000119 1.73205066 -6
v 0.208333448 1.73205066 -6
v 1.04166675 1.73205066 -6
v 1.45833349 1.73205066 -6
v -3.33333302 1.51554441 -5.875
v -3.33333302 1.65988195 -5.95833349
v -3.33333302 1.37120676 -5.79166698
v -3.33333302 1.22686923 -5.70833349
v -3.95833325 1.73205066 -6
v -3.54166651 1.73205066 -6
v -4.375 1.73205066 -6
v -4.79166651 1.7320509 -6
v -3.33333302 1.9485569 -6.125
v -3.33333302 1.80421937 -6.04166698
v -3.33333302 2.09289455 -6.20833397
v -3.33333302 2.23723221 -6.29166746
v -2.70833325 1.73205066 -6
v -3.12499952 1.73205066 -6.00000048
v -2.29166651 1.73205066 -6
v -1.87499988 1.73205066 -6
v 3.33333349 2.67024469 -6.54166698
v 3.33333349 2.81458235 -6.625
v 3.33333349 2.52590728 -6.45833349
v 3.33333349 2.38156986 -6.37500095
v 2.70833349 2.88675117 -6.66666746
v 3.125 2.88675117 -6.66666746
v 2.29166675 2.88675117 -6.66666746
v 1.87500012 2.88675117 -6.66666746
v 3.33333349 3.10325766 -6.79166698
v 3.33333349 2.95892 -6.70833349
v 3.33333349 3.24759531 -6.875
v 3.33333349 3.39193296 -6.95833349
v 3.95833349 2.88675117 -6.66666698
v 3.54166698 2.88675117 -6.66666698
v 4.375 2.88675117 -6.66666698
v 4.79166698 2.88675117 -6.66666698
v 1.15483999e-07 2.67024469 -6.54166746
v 1.15483999e-07 2.81458235 -6.62500095
v 1.15483999e-07 2.52590728 -6.45833397
v 1.15483999e-07 2.38156986 -6.37500095
v -0.624999881 2.88675117 -6.66666746
v -0.208333209 2.88675117 -6.66666746
v -1.04166651 2.88675117 -6.66666746
v -1.45833325 2.88675117 -6.66666746
v 1.15483999e-07 3.10325766 -6.79166698
v 1.15483999e-07 2.95892 -6.70833349
v 1.15483999e-07 3.24759531 -6.875
v 1.15483999e-07 3.39193296 -6.95833349
v 0.625000119 2.88675117 -6.66666698
v 0.208333448 2.88675117 -6.66666698
v 1.04166675 2.88675117 -6.66666698
v 1.45833349 2.88675117 -6.66666698
v -3.33333302 2.67024469 -6.54166698
v -3.33333302 2.81458235 -6.62500095
v -3.33333302 2.52590728 -6.45833349
v -3.33333302 2.38156986 -6.37500095
v -3.95833325 2.88675117 -6.66666746
v -3.54166651 2.88675117 -6.66666746
v -4.375 2.88675117 -6.66666698
v -4.79166651 2.88675117 -6.66666698
v -3.33333302 3.10325766 -6.79166698
v -3.33333302 2.95892 -6.70833349
v -3.33333302 3.24759531 -6.875
v -3.33333302 3.39193296 -6.95833349
v -2.70833325 2.88675117 -6.66666698
v -3.12499952 2.88675117 -6.66666698
v -2.29166651 2.88675117 -6.66666698
v -1.87499988 2.88675117 -6.66666698
v -5 0 3.95833349
v -5 0 3.54166698
v -5 0 4.375
v -5 0 4.79166698
v -5 0 2.70833349
v -5 0 3.125
v -5 0 2.29166675
v -5 0 1.87500012
v -3.95833349 0 1.66666675
v -3.54166698 0 1.66666675
v -4.375 0 1.66666675
v -4.79166698 0 1.66666675
v -2.70833349 0 1.66666675
v -3.125 0 1.66666675
v -2.29166675 0 1.66666675
v -1.87500024 0 1.66666675
v -1.66666687 0 2.70833349
v -1.66666687 0 3.125
v -1.66666687 0 2.29166675
v -1.66666687 0 1.87500012
v -1.66666687 0 3.95833349
v -1.66666687 0 3.54166698
v -1.66666687 0 4.375
v -1.66666687 0 4.79166698
v -2.70833349 0 5
v -3.125 0 5
v -2.29166675 0 5
v -1.87500012 0 5
v -3.95833349 0 5
v -3.54166698 0 5
v -4.375 0 5
v -4.79166698 0 5
v -5 0 0.625000119
v -5 0 0.208333448
v -5 0 1.04166675
v -5 0 1.45833349
v -5 0 -0.624999881
v -5 0 -0.208333209
v -5 0 -1.04166651
v -5 0 -1.45833325
v -3.95833349 0 -1.66666651
v -3.54166698 0 -1.66666651
v -4.375 0 -1.66666651
v -4.79166698 0 -1.66666651
v -2.70833349 0 -1.66666651
v -3.125 0 -1.66666651
v -2.29166675 0 -1.66666651
v -1.87500024 0 -1.66666651
v -1.66666687 0 -0.624999881
v -1.66666687 0 -0.208333209
v -1.66666687 0 -1.04166651
v -1.66666687 0 -1.45833325
v -1.66666687 0 0.625000119
v -1.66666687 0 0.208333448
v -1.66666687 0 1.04166675
v -1.66666687 0 1.45833349
v -5 0.00563818589 -2.6953125
v -5 0.0157869197 -3.08854151
v -5 0.00112763722 -2.2890625
v -5 0 -1.87499988
v -5 0.0620200448 -3.81510401
v -5 0.0338291153 -3.46354151
v -5 0.102614984 -4.13802052
v -5 0.157869205 -4.42708302
v -3.95833325 0.191698328 -4.55729151
v -3.54166651 0.191698328 -4.55729151
v -4.375 0.191698328 -4.55729151
v -4.79166651 0.191698328 -4.55729151
v -2.70833325 0.191698328 -4.55729151
v -3.125 0.191698328 -4.55729151
v -2.29166651 0.191698328 -4.55729151
v -1.875 0.191698328 -4.55729151
v -1.66666687 0.0620200448 -3.81510401
v -1.66666687 0.0338291153 -3.46354151
v -1.66666687 0.102614984 -4.13802052
v -1.66666651 0.15786919 -4.42708302
v -1.66666687 0.00563818589 -2.6953125
v -1.66666687 0.0157869197 -3.08854151
v -1.66666687 0.00112763722 -2.2890625
v -1.66666687 0 -1.87499988
v -0.62500006 0 1.66666675
v -0.208333433 0 1.66666675
v -1.04166675 0 1.66666675
v -1.45833337 0 1.66666675
v 0.624999881 0 1.66666675
v 0.208333224 0 1.66666675
v 1.04166651 0 1.66666675
v 1.45833313 0 1.66666675
v 1.66666651 0 2.70833349
v 1.66666651 0 3.125
v 1.66666651 0 2.29166675
v 1.66666651 0 1.87500012
v 1.66666651 0 3.95833349
v 1.66666651 0 3.54166698
v 1.66666651 0 4.375
v 1.66666651 0 4.79166698
v 0.624999881 0 5
v 0.208333209 0 5
v 1.04166651 0 5
v 1.45833325 0 5
v -0.625000119 0 5
v -0.208333448 0 5
v -1.04166675 0 5
v -1.45833349 0 5
v -0.62500006 0 -1.66666651
v -0.208333418 0 -1.66666651
v -1.04166675 0 -1.66666651
v -1.45833337 0 -1.66666651
v 0.624999881 0 -1.66666651
v 0.208333224 0 -1.66666651
v 1.04166651 0 -1.66666651
v 1.45833313 0 -1.66666651
v 1.66666651 0 -0.624999881
v 1.66666651 0 -0.208333209
v 1.66666651 0 -1.04166651
v 1.66666651 0 -1.45833325
v 1.66666651 0 0.625000119
v 1.66666651 0 0.208333448
v 1.66666651 0 1.04166675
v 1.66666651 0 1.45833349
v -0.625 0.191698328 -4.55729151
v -0.208333328 0.191698328 -4.55729151
v -1.04166663 0.191698328 -4.55729151
v -1.45833325 0.191698328 -4.55729151
v 0.625 0.191698328 -4.55729151
v 0.208333343 0.191698328 -4.55729151
v 1.04166675 0.191698328 -4.55729151
v 1.45833325 0.191698328 -4.55729151
v 1.66666651 0.0620200448 -3.81510401
v 1.66666651 0.0338291153 -3.46354151
v 1.66666651 0.102614984 -4.13802052
v 1.66666651 0.15786919 -4.42708302
v 1.66666651 0.00563818589 -2.6953125
v 1.66666651 0.0157869197 -3.08854151
v 1.66666651 0.00112763722 -2.2890625
v 1.66666651 0 -1.87499988
v 2.70833325 0 1.66666675
v 3.125 0 1.66666675
v 2.29166651 0 1.66666675
v 1.87499976 0 1.66666675
v 3.95833325 0 1.66666675
v 3.54166651 0 1.66666675
v 4.375 0 1.66666675
v 4.79166651 0 1.66666675
v 5 0 2.70833349
v 5 0 3.125
v 5 0 2.29166675
v 5 0 1.87500012
v 5 0 3.95833349
v 5 0 3.54166698
v 5 0 4.375
v 5 0 4.79166698
v 3.95833325 0 5
v 3.54166651 0 5
v 4.375 0 5
v 4.79166651 0 5
v 2.70833325 0 5
v 3.125 0 5
v 2.29166651 0 5
v 1.87499988 0 5
v 2.70833325 0 -1.66666651
v 3.125 0 -1.66666651
v 2.29166651 0 -1.66666651
v 1.87499976 0 -1.66666651
v 3.95833325 0 -1.66666651
v 3.54166651 0 -1.66666651
v 4.375 0 -1.66666651
v 4.79166651 0 -1.66666651
v 5 0 -0.624999881
v 5 0 -0.208333209
v 5 0 -1.04166651
v 5 0 -1.45833325
v 5 0 0.625000119
v 5 0 0.208333448
v 5 0 1.04166675
v 5 0 1.45833349
v 2.70833325 0.191698328 -4.55729151
v 3.125 0.191698328 -4.55729151
v 2.29166651 0.191698328 -4.55729151
v 1.87499988 0.191698328 -4.55729151
v 3.95833325 0.191698328 -4.55729151
v 3.54166651 0.191698328 -4.55729151
v 4.375 0.191698328 -4.55729151
v 4.79166651 0.191698328 -4.55729151
v 5 0.0620200448 -3.81510401
v 5 0.0338291153 -3.46354151
v 5 0.102614984 -4.13802052
v 5 0.157869205 -4.42708302
v 5 0.00563818589 -2.6953125
v 5 0.0157869197 -3.08854151
v 5 0.00112763722 -2.2890625
v 5 0 -1.87499988
v 1.66666675 0.42286396 -5.06510401
v 1.66666675 0.539010584 -5.21354151
v 1.66666675 0.319121331 -4.88802052
v 1.66666651 0.230037987 -4.67708302
v 1.66666675 0.799494803 -5.4453125
v 1.66666675 0.665305972 -5.33854151
v 1.66666675 0.939321756 -5.5390625
v 1.66666675 1.08253169 -5.62499952
v 2.70833349 1.15470052 -5.66666603
v 3.125 1.15470052 -5.66666603
v 2.29166675 1.15470052 -5.66666603
v 1.87500012 1.15470052 -5.66666603
v 3.95833349 1.15470052 -5.66666698
v 3.54166698 1.15470052 -5.66666698
v 4.375 1.15470052 -5.66666698
v 4.79166698 1.15470052 -5.66666698
v 5 0.799494803 -5.4453125
v 5 0.665305972 -5.33854151
v 5 0.939321816 -5.5390625
v 5 1.08253169 -5.625
v 5 0.42286396 -5.06510401
v 5 0.539010584 -5.21354151
v 5 0.319121331 -4.88802052
v 5 0.230037987 -4.67708302
v -1.66666651 0.42286396 -5.06510401
v -1.66666651 0.539010584 -5.21354151
v -1.66666651 0.319121331 -4.88802052
v -1.66666651 0.230037987 -4.67708302
v -1.66666651 0.799494803 -5.4453125
v -1.66666651 0.665305972 -5.33854151
v -1.66666651 0.939321756 -5.5390625
v -1.66666651 1.08253169 -5.62499952
v -0.624999881 1.15470052 -5.66666603
v -0.208333224 1.15470052 -5.66666603
v -1.04166651 1.15470052 -5.66666603
v -1.45833325 1.15470052 -5.66666603
v 0.62500006 1.15470052 -5.66666603
v 0.208333418 1.15470052 -5.66666603
v 1.04166675 1.15470052 -5.66666603
v 1.45833349 1.15470052 -5.66666603
v -5 0.42286396 -5.06510401
v -5 0.539010584 -5.21354151
v -5 0.319121331 -4.88802052
v -5 0.230037987 -4.67708302
v -5 0.799494803 -5.4453125
v -5 0.665305972 -5.33854151
v -5 0.939321816 -5.5390625
v -5 1.08253169 -5.625
v -3.95833302 1.15470052 -5.66666698
v -3.54166651 1.15470052 -5.66666698
v -4.375 1.15470052 -5.66666698
v -4.79166651 1.15470052 -5.66666698
v -2.70833325 1.15470052 -5.66666603
v -3.12499952 1.15470052 -5.66666603
v -2.29166651 1.15470052 -5.66666603
v -1.87499988 1.15470052 -5.66666603
v 1.66666675 1.51554441 -5.875
v 1.66666675 1.65988207 -5.95833302
v 1.66666675 1.37120676 -5.79166651
v 1.66666675 1.22686923 -5.70833302
v 1.66666675 1.9485569 -6.125
v 1.66666675 1.80421948 -6.04166698
v 1.66666675 2.09289455 -6.20833397
v 1.66666675 2.23723221 -6.29166746
v 2.70833349 2.30940104 -6.33333397
v 3.125 2.30940104 -6.33333397
v 2.29166675 2.30940104 -6.33333397
v 1.87500012 2.30940104 -6.33333397
v 3.95833349 2.30940104 -6.33333397
v 3.54166698 2.30940104 -6.33333397
v 4.375 2.30940104 -6.33333397
v 4.79166698 2.30940104 -6.33333349
v 5 1.94855714 -6.125
v 5 1.80421948 -6.04166651
v 5 2.09289455 -6.20833349
v 5 2.23723221 -6.29166651
v 5 1.51554441 -5.875
v 5 1.65988207 -5.95833349
v 5 1.37120676 -5.79166651
v 5 1.22686934 -5.70833349
v -1.66666651 1.51554441 -5.875
v -1.66666651 1.65988207 -5.95833302
v -1.66666651 1.37120676 -5.79166651
v -1.66666651 1.22686923 -5.70833302
v -1.66666651 1.9485569 -6.125
v -1.66666651 1.80421948 -6.04166698
v -1.66666651 2.09289455 -6.20833397
v -1.66666651 2.23723221 -6.29166746
v -0.624999881 2.30940104 -6.33333397
v -0.208333209 2.30940104 -6.33333397
v -1.04166651 2.30940104 -6.33333397
v -1.45833325 2.30940104 -6.33333397
v 0.625000119 2.30940104 -6.33333397
v 0.208333448 2.30940104 -6.33333397
v 1.04166675 2.30940104 -6.33333397
v 1.45833349 2.30940104 -6.33333397
v -5 1.51554441 -5.875
v -5 1.65988207 -5.95833349
v -5 1.37120676 -5.79166651
v -5 1.22686934 -5.70833349
v -5 1.94855714 -6.125
v -5 1.80421948 -6.04166651
v -5 2.09289455 -6.20833349
v -5 2.23723221 -6.29166651
v -3.95833302 2.30940104 -6.33333397
v -3.54166651 2.30940104 -6.33333397
v -4.375 2.30940104 -6.33333397
v -4.79166651 2.30940104 -6.33333349
v -2.70833325 2.30940104 -6.33333397
v -3.12499952 2.30940104 -6.33333397
v -2.29166651 2.30940104 -6.33333397
v -1.87499988 2.30940104 -6.33333397
v 1.66666675 2.67024469 -6.54166698
v 1.66666675 2.81458235 -6.625
v 1.66666675 2.52590728 -6.45833349
v 1.66666675 2.38156986 -6.37500095
v 1.66666675 3.10325766 -6.79166698
v 1.66666675 2.95892 -6.70833349
v 1.66666675 3.24759531 -6.875
v 1.66666675 3.39193296 -6.95833349
v 2.70833349 3.46410155 -7
v 3.125 3.46410155 -7
v 2.29166675 3.46410155 -7
v 1.87500012 3.46410155 -7
v 3.95833349 3.46410155 -7
v 3.54166698 3.46410155 -7
v 4.375 3.46410155 -7
v 4.79166698 3.46410155 -7
v 5 3.10325766 -6.79166651
v 5 2.95892 -6.70833349
v 5 3.24759531 -6.875
v 5 3.39193296 -6.95833349
v 5 2.67024469 -6.54166651
v 5 2.81458235 -6.625
v 5 2.52590752 -6.45833349
v 5 2.38156986 -6.375
v -1.66666651 2.67024469 -6.54166698
v -1.66666651 2.81458235 -6.625
v -1.66666651 2.52590728 -6.45833349
v -1.66666651 2.38156986 -6.37500095
v -1.66666651 3.10325766 -6.79166698
v -1.66666651 2.95892 -6.70833349
v -1.66666651 3.24759531 -6.875
v -1.66666651 3.39193296 -6.95833349
v -0.624999881 3.46410155 -7
v -0.208333209 3.46410155 -7
v -1.04166651 3.46410155 -7
v -1.45833325 3.46410155 -7
v 0.625000119 3.46410155 -7
v 0.208333448 3.46410155 -7
v 1.04166675 3.46410155 -7
v 1.45833349 3.46410155 -7
v -5 2.67024469 -6.54166651
v -5 2.81458235 -6.625
v -5 2.52590752 -6.45833349
v -5 2.38156986 -6.375
v -5 3.10325766 -6.79166651
v -5 2.95892 -6.70833349
v -5 3.24759531 -6.875
v -5 3.39193296 -6.95833349
v -3.95833325 3.46410155 -7
v -3.54166651 3.46410155 -7
v -4.375 3.46410155 -7
v -4.79166651 3.46410155 -7
v -2.70833325 3.46410155 -7
v -3.125 3.46410155 -7
v -2.29166651 3.46410155 -7
v -1.87499988 3.46410155 -7
vt 0.0295698643 0.970430195 0.5
vt 0.0295698047 0.903225899 0.5
vt 0.0295698643 0.836021543 0.5
vt 0.0295698047 0.768817306 0.5
vt 0.0295698643 0.701612949 0.5
vt 0.0295698047 0.634408653 0.5
vt 0.0295698643 0.567204356 0.5
vt 0.0295698643 0.50000006 0.5
vt 0.0295698643 0.432795733 0.5
vt 0.0295698047 0.365591437 0.5
vt 0.0295698643 0.29838711 0.5
vt 0.0295698047 0.231182814 0.5
vt 0.0295698643 0.163978517 0.5
vt 0.0295698047 0.0967742503 0.5
vt 0.0295698643 0.0295698941 0.5
vt 0.0967741609 0.970430195 0.5
vt 0.163978457 0.970430195 0.5
vt 0.231182754 0.970430195 0.5
vt 0.298387051 0.970430195 0.5
vt 0.365591347 0.970430195 0.5
vt 0.432795674 0.970430195 0.5
vt 0.49999997 0.970430195 0.5
vt 0.567204237 0.970430195 0.5
vt 0.634408593 0.970430195 0.5
vt 0.70161289 0.970430195 0.5
vt 0.768817186 0.970430195 0.5
vt 0.836021483 0.970430195 0.5
vt 0.90322578 0.970430195 0.5
vt 0.970430076 0.970430195 0.5
vt 0.0967741609 0.903225839 0.5
vt 0.0967741609 0.836021543 0.5
vt 0.0967741609 0.768817246 0.5
vt 0.163978457 0.903225899 0.5
vt 0.163978457 0.836021543 0.5
vt 0.163978457 0.768817306 0.5
vt 0.231182754 0.836021543 0.5
vt 0.231182754 0.768817306 0.5
vt 0.231182754 0.903225899 0.5
vt 0.0967741311 0.701612949 0.5
vt 0.0967741609 0.634408653 0.5
vt 0.0967741609 0.567204356 0.5
vt 0.0967741609 0.50000006 0.5
vt 0.163978457 0.634408653 0.5
vt 0.163978457 0.567204356 0.5
vt 0.163978457 0.50000006 0.5
vt 0.231182754 0.567204356 0.5
vt 0.231182754 0.50000006 0.5
vt 0.231182754 0.634408653 0.5
vt 0.163978457 0.701612949 0.5
vt 0.231182754 0.701612949 0.5
vt 0.298387051 0.768817246 0.5
vt 0.298387051 0.701612949 0.5
vt 0.298387051 0.634408653 0.5
vt 0.365591347 0.701612949 0.5
vt 0.365591347 0.634408653 0.5
vt 0.365591347 0.768817306 0.5
vt 0.298387051 0.567204356 0.5
vt 0.298387051 0.50000006 0.5
vt 0.365591347 0.567204356 0.5
vt 0.365591347 0.50000006 0.5
vt 0.432795674 0.634408653 0.5
vt 0.432795674 0.567204356 0.5
vt 0.432795674 0.50000006 0.5
vt 0.49999997 0.567204356 0.5
vt 0.49999997 0.50000006 0.5
vt 0.49999997 0.634408653 0.5
vt 0.432795674 0.768817246 0.5
vt 0.432795674 0.701612949 0.5
vt 0.49999997 0.701612949 0.5
vt 0.49999997 0.768817246 0.5
vt 0.298387051 0.903225899 0.5
vt 0.365591347 0.903225839 0.5
vt 0.298387051 0.836021543 0.5
vt 0.365591347 0.836021543 0.5
vt 0.432795674 0.903225899 0.5
vt 0.432795674 0.836021543 0.5
vt 0.49999997 0.836021543 0.5
vt 0.49999997 0.903225899 0.5
vt 0.0967741609 0.432795733 0.5
vt 0.0967741609 0.365591407 0.5
vt 0.0967741609 0.29838711 0.5
vt 0.0967741609 0.231182814 0.5
vt 0.163978457 0.365591407 0.5
vt 0.163978457 0.29838711 0.5
vt 0.163978457 0.231182814 0.5
vt 0.231182754 0.29838711 0.5
vt 0.231182754 0.231182843 0.5
vt 0.231182754 0.365591437 0.5
vt 0.163978457 0.432795733 0.5
vt 0.231182754 0.432795733 0.5
vt 0.0967741311 0.163978517 0.5
vt 0.0967741609 0.0967742503 0.5
vt 0.0967741609 0.0295698941 0.5
vt 0.163978457 0.0967742503 0.5
vt 0.163978457 0.0295698941 0.5
vt 0.231182754 0.0295698941 0.5
vt 0.231182754 0.0967742503 0.5
vt 0.163978457 0.163978517 0.5
vt 0.231182754 0.163978517 0.5
vt 0.298387051 0.231182814 0.5
vt 0.298387051 0.163978517 0.5
vt 0.298387051 0.0967742503 0.5
vt 0.365591347 0.163978517 0.5
vt 0.365591347 0.0967742503 0.5
vt 0.365591347 0.231182814 0.5
vt 0.298387051 0.0295698941 0.5
vt 0.365591347 0.0295698941 0.5
vt 0.432795674 0.0967742503 0.5
vt 0.432795674 0.0295698941 0.5
vt 0.49999997 0.0295698941 0.5
vt 0.49999997 0.0967742205 0.5
vt 0.432795674 0.231182814 0.5
vt 0.432795674 0.163978517 0.5
vt 0.49999997 0.163978517 0.5
vt 0.49999997 0.231182814 0.5
vt 0.298387051 0.432795733 0.5
vt 0.298387051 0.365591437 0.5
vt 0.365591347 0.432795733 0.5
vt 0.365591347 0.365591407 0.5
vt 0.298387051 0.29838711 0.5
vt 0.365591347 0.29838711 0.5
vt 0.432795674 0.365591407 0.5
vt 0.432795674 0.29838711 0.5
vt 0.49999997 0.29838711 0.5
vt 0.49999997 0.365591407 0.5
vt 0.432795674 0.432795733 0.5
vt 0.49999997 0.432795733 0.5
vt 0.567204237 0.50000006 0.5
vt 0.567204237 0.432795733 0.5
vt 0.567204237 0.365591437 0.5
vt 0.634408593 0.432795733 0.5
vt 0.634408593 0.365591407 0.5
vt 0.634408593 0.50000006 0.5
vt 0.567204237 0.29838711 0.5
vt 0.567204237 0.231182814 0.5
vt 0.634408593 0.29838711 0.5
vt 0.634408593 0.231182814 0.5
vt 0.70161289 0.365591407 0.5
vt 0.70161289 0.29838711 0.5
vt 0.70161289 0.231182814 0.5
vt 0.768817186 0.29838711 0.5
vt 0.768817186 0.231182843 0.5
vt 0.768817186 0.365591437 0.5
vt 0.70161289 0.50000006 0.5
vt 0.70161289 0.432795733 0.5
vt 0.768817186 0.432795733 0.5
vt 0.768817186 0.50000006 0.5
vt 0.567204237 0.163978517 0.5
vt 0.567204237 0.0967742503 0.5
vt 0.634408593 0.163978517 0.5
vt 0.634408593 0.0967742503 0.5
vt 0.567204237 0.0295698941 0.5
vt 0.634408593 0.0295698941 0.5
vt 0.70161289 0.0967742503 0.5
vt 0.70161289 0.0295698941 0.5
vt 0.768817186 0.0295698941 0.5
vt 0.768817186 0.0967742503 0.5
vt 0.70161289 0.163978517 0.5
vt 0.768817186 0.163978517 0.5
vt 0.836021483 0.231182814 0.5
vt 0.836021543 0.163978517 0.5
vt 0.836021483 0.0967742503 0.5
vt 0.90322578 0.163978517 0.5
vt 0.903225839 0.0967742503 0.5
vt 0.90322578 0.231182814 0.5
vt 0.836021543 0.0295698941 0.5
vt 0.90322578 0.0295698941 0.5
vt 0.970430076 0.0967742503 0.5
vt 0.970430076 0.0295698941 0.5
vt 0.970430076 0.231182814 0.5
vt 0.970430076 0.163978517 0.5
vt 0.836021483 0.50000006 0.5
vt 0.836021483 0.432795733 0.5
vt 0.836021483 0.365591437 0.5
vt 0.90322578 0.432795733 0.5
vt 0.90322578 0.365591407 0.5
vt 0.90322578 0.50000006 0.5
vt 0.836021483 0.29838711 0.5
vt 0.90322578 0.29838711 0.5
vt 0.970430076 0.365591407 0.5
vt 0.970430076 0.29838711 0.5
vt 0.970430076 0.50000006 0.5
vt 0.970430076 0.432795733 0.5
vt 0.567204237 0.903225899 0.5
vt 0.634408593 0.903225839 0.5
vt 0.567204237 0.836021543 0.5
vt 0.567204237 0.768817246 0.5
vt 0.634408593 0.836021543 0.5
vt 0.634408593 0.768817246 0.5
vt 0.70161289 0.903225899 0.5
vt 0.70161289 0.836021543 0.5
vt 0.70161289 0.768817306 0.5
vt 0.768817186 0.836021543 0.5
vt 0.768817186 0.768817306 0.5
vt 0.768817186 0.903225899 0.5
vt 0.567204237 0.701612949 0.5
vt 0.567204237 0.634408653 0.5
vt 0.634408593 0.701612949 0.5
vt 0.634408593 0.634408653 0.5
vt 0.567204237 0.567204356 0.5
vt 0.634408593 0.567204356 0.5
vt 0.70161289 0.634408653 0.5
vt 0.70161289 0.567204356 0.5
vt 0.768817186 0.567204356 0.5
vt 0.768817186 0.634408653 0.5
vt 0.70161289 0.701612949 0.5
vt 0.768817186 0.701612949 0.5
vt 0.836021483 0.768817246 0.5
vt 0.836021543 0.701612949 0.5
vt 0.836021483 0.634408653 0.5
vt 0.90322578 0.701612949 0.5
vt 0.903225839 0.634408653 0.5
vt 0.90322578 0.768817306 0.5
vt 0.836021543 0.567204356 0.5
vt 0.90322578 0.567204356 0.5
vt 0.970430076 0.634408653 0.5
vt 0.970430076 0.567204356 0.5
vt 0.970430076 0.768817246 0.5
vt 0.970430076 0.701612949 0.5
vt 0.836021483 0.903225899 0.5
vt 0.90322578 0.903225839 0.5
vt 0.836021483 0.836021543 0.5
vt 0.90322578 0.836021543 0.5
vt 0.970430076 0.903225899 0.5
vt 0.970430076 0.836021543 0.5
vn 0 1 0
vn 0 1 0
vn 0 1 0
vn 0 1 0
vn 0 1 0
vn 0 1 0
vn 0 1 0
vn 0 1 0
vn 0 1 0
vn 0 1 0
vn 0 1 0
vn 0 1 0
vn 0 1 0
vn 0 1 0
vn 0 1 0
vn 0 1 0
vn 0 1 0
vn 0 1 0
vn 0 1 0
vn 0 1 0
vn 0 1 0
vn 0 1 0
vn 0 1 0
vn 0 1 0
vn 0 1 0
vn 0 1 0
vn 0 1 0
vn 0 1 0
vn 0 1 0
vn 0 1 0
vn 0 1 0
vn 0 1 0
vn 0 1 0
vn 0 1 0
vn 0 1 0
vn 0 1 0
vn 0 1 0
vn 0 1 0
vn 0 1 0
vn 0 1 0
vn 0 1 0
vn 0 1 0
vn 0 1 0
vn 0 1 0
vn 0 1 0
vn 0 1 0
vn 0 1 0
vn 0 1 0
vn 0 1 0
vn 0 1 0
vn 0 1 0
vn 0 1 0
vn 0 1 0
vn 0 1 0
vn 0 1 0
vn 0 1 0
vn 0 1 0
vn 0 1 0
vn 0 1 0
vn 0 1 0
vn 0 1 0
vn 0 1 0
vn 0 1 0
vn 0 1 0
vn 0 1 0
vn 0 1 0
vn 0 1 0
vn 0 1 0
vn 0 1 0
vn 0 1 0
vn 0 1 0
vn 0 1 0
vn 0 1 0
vn 0 1 0
vn 0 1 0
vn 0 1 0
vn 0 1 0
vn 0 1 0
vn 0 1 0
vn 0 1 0
vn 0 1 0
vn 0 1 0
vn 0 1 0
vn 0 1 0
vn 0 1 0
vn 0 1 0
vn 0 1 0
vn 0 1 0
vn 0 1 0
vn 0 1 0
vn 0 1 0
vn 0 1 0
vn 0 1 0
vn 0 1 0
vn 0 1 0
vn 0 1 0
vn 0 1 0
vn 0 1 0
vn 0 1 0
vn 0 1 0
vn 0 1 0
vn 0 1 0
vn 0 1 0
vn 0 1 0
vn 0 1 0
vn 0 1 0
vn 0 1 0
vn 0 1 0
vn 0 1 0
vn 0 1 0
vn 0 1 0
vn 0 1 0
vn 0 1 0
vn 0 1 0
vn 0 1 0
vn 0 1 0
vn 0 1 0
vn 0 1 0
vn 0 1 0
vn 0 1 0
vn 0 1 0
vn 0 1 0
vn 0 1 0
vn 0 1 0
vn 0 1 0
vn 0 1 0
vn 0 1 0
vn 0 1 0
vn 0 1 0
vn 0 1 0
vn 0 1 0
vn 0 1 0
vn 0 1 0
vn 0 1 0
vn 0 1 0
vn 0 1 0
vn 0 1 0
vn 0 1 0
vn 0 1 0
vn 0 1 0
vn 0 1 0
vn 0 1 0
vn 0 1 0
vn 0 1 0
vn 0 1 0
vn 0 1 0
vn 0 1 0
vn 0 1 0
vn 0 1 0
vn 0 1 0
vn 0 1 0
vn 0 1 0
vn 0 1 0
vn 0 1 0
vn 0 1 0
vn 0 1 0
vn 0 1 0
vn 0 1 0
vn 0 1 0
vn 0 1 0
vn 0 1 0
vn 0 1 0
vn 0 1 0
vn 0 1 0
vn 0 1 0
vn 0 1 0
vn 0 1 0
vn 0 1 0
vn 0 1 0
vn 0 1 0
vn 0 1 0
vn 0 1 0
vn 0 1 0
vn 0 1 0
vn 0 1 0
vn 0 1 0
vn 0 1 0
vn 0 1 0
vn 0 1 0
vn 0 1 0
vn 0 1 0
vn 0 1 0
vn 0 1 0
vn 0 1 0
vn 0 1 0
vn 0 1 0
vn 0 1 0
vn 0 1 0
vn 0 1 0
vn 0 1 0
vn 0 1 0
vn 0 1 0
vn 0 1 0
vn 0 1 0
vn 0 1 0
vn 0 1 0
vn 0 1 0
vn 0 1 0
vn 0 1 0
vn 0 1 0
vn 0 1 0
vn 0 1 0
vn 0 1 0
vn 0 1 0
vn 0 1 0
vn 0 1 -0
vn 0 1 0
vn 0 1 0
vn 0 1 0
vn 0 1 0
vn 0 1 0
vn 0 1 0
vn 0 1 0
vn 0 1 0
vn 0 1 0
vn 0 1 0
vn 0 1 0
vn 0 1 0
vn 0 1 0
vn 0 1 0
vn 0 1 0
vn 0 1 0
vn 0 1 0
vn 0 1 0
vn 0 1 0
vn 0 1 0
vn 0 1 0
vn 0 1 0
vn 0 1 0
vn 0 1 0
vn 0 1 0
vn 0 1 0
vn 0 1 0
vn 0 1 0
vn 0 1 0
vn 0 1 0
vn 0 1 0
vn 0 1 0
vn 0 1 0
vn 0 1 0
vn 0 1 -0
vn 0 1 0
vn 0 1 0
vn 0 1 0
vn 0 1 0
vn 0 1 0
vn 0 1 0
vn 0 1 0
vn 0 1 0
vn 0 1 0
vn 0 1 0
vn 0 1 0
vn 0 1 0
vn 0 1 0
vn 0 1 0
vn 0 1 0
vn 0 1 0
vn 0 1 0
vn 0 1 0
vn 0 1 0
vn 0 1 0
vn 0 1 0
vn 0 1 0
vn -0 1 0
vn 0 1 0
vn 0 1 0
vn 0 1 0
vn 0 1 0
vn 0 1 0
vn 0 1 0
vn 0 1 0
vn 0 1 0
vn -0 1 0
vn 0 1 0
vn 0 1 0
vn 0 1 0
vn 0 1 0
vn 0 1 0
vn 0 1 0
vn 0 1 0
vn 0 1 0
vn 0 1 0
vn 0 1 0
vn 0 1 0
vn 0 1 0
vn 0 1 0
vn 0 1 0
vn 0 1 0
vn 0 1 0
vn 0 1 0
vn 0 1 0
vn 0 1 0
vn 0 1 0
vn 0 1 0
vn 0 1 0
vn 0 1 0
vn 0 1 0
vn 0 1 0
vn 0 1 0
vn 0 1 0
vn 0 1 0
vn 0 1 0
vn 0 1 0
vn 0 1 0
vn 0 1 0
vn 0 1 0
vn 0 1 0
vn 0 1 0
vn 0 1 0
vn 0 1 0
vn 0 1 0
vn 0 1 0
vn 0 1 0
vn 0 1 0
vn 0 1 0
vn 0 1 0
vn 0 1 0
vn 0 1 0
vn 0 1 0
vn 0 1 0
vn 0 1 0
vn 0 1 0
vn 0 1 0
vn 0 1 0
vn 0 1 0
vn 0 1 0
vn 0 1 0
vn 0 1 0
vn 0 1 0
vn 0 1 0
vn 0 1 0
vn 0 1 0
vn 0 1 0
vn 0 1 0
vn 0 1 0
vn 0 1 0
vn 0 1 0
vn 0 1 0
vn 0 1 0
vn 0 1 0
vn 0 1 0
vn 0 1 0
vn 0 1 0
vn 0 1 0
vn 0 1 0
vn 0 1 0
vn 0 1 0
vn 0 1 0
vn 0 1 0
vn 0 1 0
vn 0 1 0
vn 0 1 0
vn 0 1 0
vn 0 1 0
vn 0 1 0
vn 0 1 0
vn 0 1 0
vn 0 1 0
vn 0 1 0
vn 0 1 0
vn 0 1 0
vn 0 1 0
vn 0 1 0
vn 0 1 0
vn 0 1 0
vn 0 1 0
vn 0 1 0
vn 0 1 0
vn 0 1 0
vn 0 1 0
vn 0 1 0
vn 0 1 0
vn 0 1 0
vn 0 1 0
vn 0 1 0
vn 0 1 0
vn 0 1 0
vn 0 1 0
vn 0 1 0
vn 0 1 0
vn 0 1 0
vn 0 1 0
vn 0 1 0
vn 0 1 0
vn 0 1 0
vn 0 1 0
vn 0 1 0
vn 0 1 0
vn 0 1 0
vn 0 1 0
vn 0 1 0
vn 0 1 0
vn 0 1 0
vn 0 1 0
vn 0 1 0
vn 0 1 0
vn 0 1 0
vn 0 1 0
vn 0 1 0
vn 0 1 0
vn 0 1 0
vn 0 1 0
vn 0 1 0
vn 0 1 0
vn 0 1 0
vn 0 1 0
vn 0 1 0
vn 0 1 0
vn 0 1 0
vn 0 1 0
vn 0 1 0
vn 0 1 0
vn 0 1 0
vn 0 1 0
vn 0 1 0
vn 0 1 0
vn 0 1 0
vn 0 1 0
vn 0 1 0
vn 0 1 0
vn 0 1 0
vn 0 1 0
vn 0 1 0
vn 0 1 0
vn 0 1 0
vn 0 1 0
vn 0 1 0
vn 0 1 0
vn 0 1 0
vn 0 1 0
vn 0 1 0
vn 0 1 0
vn 0 1 0
vn 0 1 0
vn 0 1 0
vn 0 1 0
vn 0 1 0
vn 0 1 0
vn 0 1 0
vn 0 1 0
vn 0 1 0
vn 0 1 0
vn 0 1 0
vn 0 1 0
vn 0 1 0
vn 0 1 0
vn 0 1 0
vn 0 1 0
vn 0 1 0
vn 0 1 0
vn 0 1 0
vn 0 1 0
vn 0 1 0
vn 0 1 0
vn 0 1 0
vn 0 1 0
vn 0 1 0
vn 0 1 0
vn 0 1 0
vn 0 1 0
vn 0 1 0
vn 0 1 0
vn 0 1 0
vn 0 1 0
vn 0 1 0
vn 0 1 0
vn 0 1 0
vn 0 1 0
vn 0 1 0
vn 0 1 0
vn 0 1 0
vn 0 1 0
vn 0 1 0
vn 0 1 0
vn 0 1 0
vn 0 1 0
vn 0 1 0
vn 0 1 0
vn 0 1 0
vn 0 1 0
vn 0 1 0
vn 0 1 0
vn 0 1 0
vn 0 1 0
vn 0 1 0
vn 0 1 0
vn 0 1 0
vn 0 1 0
vn 0 1 0
vn 0 1 0
vn 0 1 0
vn 0 1 0
vn 0 1 0
vn 0 1 0
vn 0 1 0
vn 0 1 0
vn 0 1 0
vn 0 1 0
vn 0 1 0
vn 0 1 0
vn 0 1 0
vn 0 1 0
vn 0 1 0
vn 0 1 0
vn 0 1 0
vn 0 1 0
vn 0 1 0
vn 0 1 0
vn 0 1 0
vn 0 1 0
vn 0 1 0
vn 0 1 0
vn 0 1 0
vn 0 1 0
vn 0 1 0
vn 0 1 0
vn 0 1 0
vn 0 1 0
vn 0 1 0
vn 0 1 0
vn 0 1 0
vn 0 1 0
vn 0 1 0
vn 0 1 0
vn 0 1 0
vn 0 1 0
vn 0 1 0
vn 0 1 0
vn 0 1 0
vn 0 1 0
vn 0 1 0
vn 0 1 0
vn 0 1 0
vn 0 1 0
vn 0 1 0
vn 0 1 0
vn 0 1 0
vn 0 1 0
vn 0 1 0
vn 0 1 0
vn 0 1 0
vn 0 1 0
vn 0 1 0
vn 0 1 0
vn 0 1 0
vn 0 1 0
vn 0 1 0
vn 0 1 0
vn 0 1 0
vn 0 1 0
vn 0 1 0
vn 0 1 0
vn 0 1 0
vn 0 1 0
vn 0 1 0
vn 0 1 0
vn 0 1 0
vn 0 1 0
vn 0 1 0
vn 0 1 0
vn 0 1 0
vn 0 1 0
vn 0 1 0
vn 0 1 0
vn 0 1 0
vn 0 1 0
vn 0 1 0
vn 0 1 0
vn 0 1 0
vn 0 1 0
vn 0 1 0
vn 0 1 0
vn 0 1 0
vn 0 1 0
vn 0 1 0
vn 0 1 0
vn 0 1 0
vn 0 1 0
vn 0 1 0
vn 0 1 0
vn 0 1 0
vn 0 1 0
vn 0 1 0
vn 0 1 0
vn 0 1 0
vn 0 1 0
vn 0 1 0
vn 0 1 0
vn 0 1 0
vn 0 1 0
vn 0 1 0
vn 0 1 0
vn 0 1 0
vn 0 1 0
vn 0 1 0
vn 0 1 0
vn 0 1 0
vn 0 1 0
vn 0 1 0
vn 0 1 0
vn 0 1 0
vn 0 1 0
vn 0 1 0
vn 0 1 0
vn 0 1 0
vn 0 1 0
vn 0 1 0
vn 0 1 0
vn 0 1 0
vn 0 1 0
vn 0 1 0
vn 0 1 0
vn 0 1 0
vn 0 1 0
vn 0 1 0
vn 0 1 0
vn 0 1 0
vn 0 1 0
vn 0 1 0
vn 0 1 0
vn 0 1 0
vn 0 1 0
vn 0 1 0
vn 0 1 0
vn 0 1 0
vn 0 1 0
vn 0 1 0
vn 0 1 0
vn 0 1 0
vn 0 1 0
vn 0 1 0
vn 0 1 0
vn 0 1 0
vn 0 1 0
vn 0 1 0
vn 0 1 0
vn 0 1 0
vn 0 1 0
vn 0 1 0
vn 0 1 0
vn 0 1 0
vn 0 1 0
vn 0 1 0
vn 0 1 0
vn 0 1 0
vn 0 1 0
vn 0 1 0
vn 0 1 0
vn 0 1 0
vn 0 1 0
vn 0 1 0
vn 0 1 0
vn 0 1 0
vn 0 1 0
vn 0 1 0
vn 0 1 0
vn 0 1 0
vn 0 1 0
vn 0 1 0
vn 0 1 0
vn 0 1 0
vn 0 1 0
vn 0 1 0
vn 0 1 0
vn 0 1 0
vn 0 1 0
vn 0 1 0
vn 0 1 0
vn 0 1 0
vn 0 1 0
vn 0 1 0
vn 0 1 0
vn 0 1 0
vn 0 1 0
vn 0 1 0
vn 0 1 0
vn 0 1 0
vn 0 1 0
vn 0 1 0
vn 0 1 0
vn 0 1 0
vn 0 1 0
vn 0 1 0
vn 0 1 0
vn 0 1 0
vn 0 1 0
vn 0 1 0
vn 0 1 0
vn 0 1 0
vn 0 1 0
vn 0 1 0
vn 0 1 0
vn 0 1 0
vn 0 1 0
vn 0 1 0
vn 0 1 0
vn 0 1 0
vn 0 1 0
vn 0 1 0
vn 0 1 0
vn 0 1 0
vn 0 1 0
vn 0 1 0
vn 0 1 0
vn 0 1 0
vn 0 1 0
vn 0 1 0
vn 0 1 0
vn 0 1 0
vn 0 1 0
vn 0 1 0
vn 0 1 0
vn 0 1 0
vn 0 1 0
vn 0 1 0
vn 0 1 0
vn 0 1 0
vn 0 1 0
vn 0 1 0
vn 0 1 0
vn 0 1 0
vn 0 1 0
vn 0 1 0
vn 0 1 0
vn 0 1 0
vn 0 1 0
vn 0 1 0
vn 0 1 0
vn 0 1 0
vn 0 1 0
vn 0 1 0
vn 0 1 0
vn 0 1 0
vn 0 1 0
vn 0 1 0
vn 0 1 0
vn 0 1 0
vn 0 1 0
vn 0 1 0
vn 0 1 0
vn 0 1 0
vn 0 1 0
vn 0 1 0
vn 0 1 0
vn 0 1 0
vn 0 1 0
vn 0 1 0
vn 0 1 0
vn 0 1 0
vn 0 1 0
vn 0 1 0
vn 0 1 0
vn 0 1 0
vn 0 1 0
vn 0 1 0
vn 0 1 0
vn 0 1 0
vn 0 1 0
vn 0 1 0
vn 0 1 0
vn 0 1 0
vn 0 1 0
vn 0 1 0
vn 0 1 0
vn 0 1 0
vn 0 1 0
vn 0 1 0
vn 0 1 0
vn 0 1 0
vn 0 1 -0
vn 0 1 0
vn 0 1 0
vn 0 1 0
vn 0 1 0
vn 0 1 0
vn 0 1 0
vn 0 1 0
vn 0 1 0
vn 0 1 0
vn 0 1 0
vn 0 1 -0
vn 0 1 0
vn 0 1 0
vn 0 1 0
vn 0 1 0
vn 0 1 0
vn 0 1 0
vn 0 1 0
vn 0 1 0
vn 0 1 0
vn 0 1 0
vn 0 1 0
vn 0 1 0
vn 0 1 0
vn 0 1 0
vn 0 1 0
vn 0 1 0
vn 0 1 0
vn 0 1 0
vn 0 1 0
vn 0 1 0
vn 0 1 0
vn 0 1 0
vn 0 1 0
vn 0 1 0
vn 0 1 0
vn 0 1 0
vn 0 1 0
vn 0 1 0
vn 0 1 0
vn 0 1 0
vn 0 1 0
vn 0 1 0
vn 0 1 0
vn 0 1 0
vn 0 1 0
vn 0 1 0
vn 0 1 0
vn 0 1 0
vn 0 1 0
vn 0 1 0
vn 0 1 0
vn 0 1 0
vn 0 1 0
vn 0 1 0
vn 0 1 0
vn 0 1 0
vn 0 1 0
vn 0 1 0
vn 0 1 0
vn 0 1 0
vn 0 1 0
vn 0 1 0
vn 0 1 0
vn 0 1 0
vn 0 1 0
vn 0 1 0
vn 0 1 0
vn 0 1 0
vn 0 1 0
vn 0 1 0
vn 0 1 0
vn 0 1 0
vn 0 1 0
vn 0 1 0
vn 0 1 0
vn 0 1 0
vn 0 1 0
vn 0 1 0
vn 0 1 0
vn 0 1 0
vn 0 1 0
vn 0 1 0
vn 0 1 0
vn 0 1 0
vn 0 1 0
vn 0 1 0
vn 0 1 0
vn 0 1 0
vn 0 1 0
vn 0 1 0
vn 0 1 0
vn 0 1 0
vn 0 1 0
vn 0 1 0
vn 0 1 0
vn 0 1 0
vn 0 1 0
vn 0 1 0
vn 0 1 0
vn 0 1 0
vn 0 1 0
vn 0 1 0
vn 0 1 0
vn 0 1 0
vn 0 1 0
vn 0 1 0
vn 0 1 0
vn 0 1 0
vn 0 1 0
vn 0 1 0
vn 0 1 0
vn 0 1 0
vn 0 1 0
vn 0 1 0
vn 0 1 0
vn 0 1 0
vn 0 1 0
vn 0 1 0
vn 0 1 0
vn 0 1 0
vn 0 1 0
vn 0 1 0
vn 0 1 0
vn 0 1 0
vn 0 1 0
vn 0 1 0
vn 0 1 0
vn 0 1 0
vn 0 1 0
vn 0 1 0
vn 0 1 0
vn 0 1 0
vn 0 1 0
vn 0 1 0
vn 0 1 0
vn 0 1 0
vn 0 1 0
vn 0 1 0
vn 0 1 0
vn 0 1 0
vn 0 1 0
vn 0 1 0
vn 0 1 0
vn 0 1 0
vn 0 1 0
vn 0 1 0
vn 0 1 0
vn 0 1 0
vn 0 1 0
vn 0 1 0
vn 0 1 0
vn 0 1 0
vn 0 1 0
vn 0 1 0
vn 0 1 0
vn 0 1 0
vn 0 1 0
vn 0 1 0
vn 0 1 0
vn 0 1 0
vn 0 1 0
vn 0 1 0
vn 0 1 0
vn 0 1 0
vn 0 1 0
vn 0 1 0
vn 0 1 0
vn 0 1 0
vn 0 1 0
vn 0 1 0
vn 0 1 0
vn 0 1 0
vn 0 1 0
vn 0 1 0
vn 0 1 0
vn 0 1 0
vn 0 1 0
vn 0 1 0
vn 0 1 0
vn 0 1 0
vn 0 1 0
vn 0 1 0
vn 0 1 0
vn 0 1 0
vn 0 1 0
vn 0 1 0
vn 0 1 0
vn 0 1 0
vn 0 1 0
vn 0 1 0
vn 0 1 0
vn 0 1 0
vn 0 1 0
vn 0 1 0
vn 0 1 0
vn 0 1 0
vn 0 1 0
vn 0 1 0
vn 0 1 0
vn 0 1 0
vn 0 1 0
vn 0 1 0
vn 0 1 0
vn 0 1 0
vn 0 1 0
vn 0 1 0
vn 0 1 0
vn 0 1 0
vn 0 1 0
vn 0 1 0
vn 0 1 0
vn 0 1 0
vn 0 1 0
vn 0 1 0
vn 0 1 0
vn 0 1 0
vn 0 1 0
vn 0 1 0
vn 0 1 0
vn 0 1 0
vn 0 1 0
vn 0 1 0
vn 0 1 0
vn 0 1 0
vn 0 1 0
vn 0 1 0
vn 0 1 0
vn 0 1 0
vn 0 1 0
vn 0 1 0
vn 0 1 0
vn 0 1 0
vn 0 1 0
vn 0 1 0
vn 0 1 0
vn 0 1 0
vn 0 1 0
vn 0 1 0
vn 0 1 -0
vn 0 1 0
vn 0 1 0
vn 0 1 0
vn 0 1 0
vn 0 1 0
vn 0 1 0
vn 0 1 0
vn 0 1 0
vn 0 1 0
vn 0 1 0
vn 0 1 -0
vn 0 1 -0
vn 0 1 0
vn 0 1 0
vn 0 1 0
vn 0 1 0
vn 0 1 0
vn 0 1 0
vn 0 1 0
vn 0 1 0
vn 0 1 0
vn 0 1 0
vn 0 1 0
vn 0 1 0
vn 0 1 0
vn 0 1 0
vn 0 1 0
vn 0 1 0
vn 0 1 0
vn 0 1 0
vn 0 1 0
vn 0 1 0
vn 0 1 0
vn 0 1 0
vn 0 1 0
vn 0 1 0
vn 0 1 0
vn 0 1 0
vn 0 1 0
vn 0 1 0
vn 0 1 0
vn 0 1 0
vn 0 1 0
vn 0 1 0
vn 0 1 0
vn 0 1 0
vn 0 1 0
vn 0 1 0
vn 0 1 0
vn 0 1 0
vn 0 1 0
vn 0 1 0
vn 0 1 0
vn 0 1 0
vn 0 1 0
vn 0 1 0
vn 0 1 0
vn 0 1 0
vn 0 1 0
vn 0 1 0
vn 0 1 0
vn 0 1 0
vn 0 1 0
vn 0 1 0
vn 0 1 0
vn 0 1 0
vn 0 1 0
vn 0 1 0
vn 0 1 0
vn 0 1 0
vn 0 1 0
vn 0 1 0
vn 0 1 0
vn 0 1 0
vn 0 1 0
vn 0 1 0
vn 0 1 0
vn 0 1 0
vn 0 1 0
vn 0 1 0
vn 0 1 0
vn 0 1 0
vn 0 1 0
vn 0 1 0
vn 0 1 0
vn -0 1 0
vn 0 1 0
vn 0 1 0
vn 0 1 0
vn 0 1 0
vn 0 1 0
vn 0 1 0
vn 0 1 0
vn 0 1 0
vn -0 1 0
vn 0 1 0
vn 0 1 0
vn 0 1 0
vn 0 1 0
vn 0 1 0
vn 0 1 0
vn 0 1 0
vn 0 1 0
vn 0 1 0
vn 0 1 0
vn 0 1 0
vn 0 1 0
vn 0 1 0
vn 0 1 0
vn 0 1 0
vn 0 1 0
vn 0 1 0
vn 0 1 0
vn 0 1 0
vn 0 1 0
vn 0 1 0
vn 0 1 0
vn 0 1 0
vn 0 1 0
vn 0 1 0
vn 0 1 0
vn 0 1 0
vn 0 1 0
vn 0 1 0
vn 0 1 0
vn 0 1 0
vn 0 1 0
vn 0 1 0
vn 0 1 0
vn 0 1 0
vn 0 1 0
vn 0 1 0
vn 0 1 0
vn 0 1 0
vn 0 1 0
vn 0 1 0
vn 0 1 0
vn 0 1 0
vn 0 1 0
vn 0 1 0
vn 0 1 0
vn 0 1 0
vn 0 1 0
vn 0 1 0
vn 0 1 0
vn 0 1 0
vn 0 1 0
vn 0 1 0
vn 0 1 0
vn 0 1 0
vn 0 1 0
vn 0 1 0
vn 0 1 0
vn 0 1 0
vn 0 1 0
vn 0 1 0
vn 0 1 0
vn 0 1 0
vn 0 1 0
vn 0 1 0
vn 0 1 0
vn 0 1 0
vn 0 1 0
vn 0 1 0
vn 0 1 0
vn 0 1 0
vn 0 1 0
vn 0 1 0
vn 0 1 0
vn 0 1 0
vn 0 1 0
vn 0 1 0
vn 0 1 0
vn 0 1 0
vn 0 1 0
vn 0 1 0
vn 0 1 0
vn 0 1 0
vn 0 1 0
vn 0 1 0
vn 0 1 0
vn 0 1 0
vn 0 1 0
vn 0 1 0
vn 0 1 0
vn 0 1 0
vn 0 1 0
vn 0 1 0
vn 0 1 0
vn 0 1 0
vn 0 1 0
vn 0 1 0
vn 0 1 0
vn 0 1 0
vn 0 1 0
vn 0 1 0
vn 0 1 0
vn 0 1 0
vn 0 1 0
vn 0 1 0
vn 0 1 0
vn 0 1 0
vn 0 1 0
vn 0 1 0
vn 0 1 0
vn 0 1 0
vn 0 1 0
vn 0 1 0
vn 0 1 0
vn 0 1 0
vn 0 1 0
vn 0 1 0
vn 0 1 0
vn 0 1 0
vn 0 1 0
vn 0 1 0
vn 0 0.99999994 0
vn 0 1 0
vn 0 1 0
vn 0 1 0
vn 0 1 0
vn 0 1 0
vn 0 1 0
vn 0 1 0
vn 0 1 0
vn 0 1 0
vn 0 1 0
vn 0 1 0
vn 0 1 0
vn 0 1 0
vn 0 1 0
vn 0 1 0
vn 0 1 0
vn 0 1 0
vn 0 1 0
vn 0 0.99999994 0
vn 0 1 0
vn 0 1 0
vn 0 0.99999994 0
vn 0 1 0
vn 0 1 0
vn 0 1 0
vn 0 1 0
vn 0 1 0
vn 0 1 0
vn 0 1 0
vn 0 1 0
vn 0 1 0
vn 0 1 0
vn 0 1 0
vn 0 1 0
vn 0 1 0
vn 0 1 0
vn 0 1 0
vn 0 1 0
vn 0 1 0
vn 0 1 0
vn 0 1 0
vn 0 1 0
vn 0 1 0
vn 0 1 0
vn 0 0.99999994 0
vn 0 1 0
vn 0 1 0
vn 0 1 0
vn 0 1 0
vn 0 1 0
vn 0 1 0
vn 0 1 0
vn 0 1 0
vn 0 1 0
vn 0 1 0
vn 0 1 0
vn 0 1 0
vn 0 1 0
vn 0 1 0
vn 0 1 0
vn 0 1 0
vn 0 1 0
vn 0 1 0
vn 0 1 0
vn 0 1 0
vn 0 1 0
vn 0 1 0
vn 0 1 0
vn 0 1 0
vn 0 1 0
vn 0 1 0
vn 0 1 0
vn 0 1 0
vn 0 1 0
vn 0 1 0
vn 0 1 0
vn 0 1 0
vn 0 1 0
vn 0 1 0
vn 0 1 0
vn 0 1 0
vn 0 1 0
vn 0 1 0
vn 0 1 0
vn 0 1 0
vn 0 1 0
vn 0 1 0
vn 0 1 0
vn 0 1 0
vn 0 1 0
vn 0 1 0
vn 0 1 0
vn 0 1 0
vn 0 1 0
vn 0 1 0
vn 0 1 0
vn 0 1 0
vn 0 1 0
vn 0 1 0
vn 0 1 0
vn 0 1 0
vn 0 1 0
vn 0 1 0
vn 0 1 0
vn 0 1 0
vn 0 1 0
vn 0 1 0
vn 0 1 0
vn 0 1 0
vn 0 1 0
vn 0 1 0
vn 0 1 0
vn 0 1 0
vn 0 1 0
vn 0 1 0
vn 0 1 0
vn 0 1 0
vn 0 1 0
vn 0 1 0
vn 0 1 0
vn 0 1 0
vn 0 1 0
vn 0 1 0
vn 0 1 0
vn -0 1 0
vn 0 1 0
vn 0 1 0
vn 0 1 0
vn 0 1 0
vn 0 1 0
vn 0 1 0
vn 0 1 0
vn 0 1 0
vn -0 1 0
vn 0 1 0
vn 0 1 0
vn 0 1 0
vn 0 1 0
vn 0 1 0
vn 0 1 0
vn 0 1 0
vn 0 1 0
vn 0 1 0
vn 0 1 0
vn 0 1 0
vn 0 1 0
vn 0 1 0
vn 0 1 0
vn 0 1 0
vn 0 1 0
vn 0 1 0
vn 0 1 0
vn 0 1 0
vn 0 1 0
vn 0 1 0
vn 0 1 0
vn 0 1 0
vn 0 1 0
vn 0 1 0
vn 0 1 0
vn 0 1 0
vn 0 1 0
vn 0 1 0
vn 0 1 0
vn 0 1 0
vn 0 1 0
vn 0 1 0
vn 0 1 0
vn 0 1 0
vn 0 1 0
vn 0 1 0
vn 0 1 0
vn 0 1 0
vn 0 1 0
vn 0 1 0
vn 0 1 0
vn 0 1 0
vn 0 1 0
vn 0 1 0
vn 0 1 0
vn 0 1 0
vn 0 1 0
vn 0 1 0
vn 0 1 0
vn 0 1 0
vn 0 1 0
vn 0 1 0
vn 0 1 0
vn 0 1 0
vn 0 1 0
vn 0 1 0
vn 0 1 0
vn 0 1 0
vn 0 1 0
vn 0 1 0
vn 0 1 0
vn 0 1 0
vn 0 1 0
vn 0 1 0
vn 0 1 0
vn 0 1 0
vn 0 1 0
vn 0 1 0
vn 0 1 0
vn 0 1 0
vn 0 1 0
vn 0 1 0
vn 0 1 0
vn 0 1 0
vn 0 1 0
vn 0 1 0
vn 0 1 0
vn 0 1 0
vn 0 1 0
vn 0 1 0
vn 0 1 0
vn 0 1 0
vn 0 1 0
vn 0 1 0
vn 0 1 0
vn 0 1 0
vn 0 1 0
vn 0 1 0
vn 0 1 0
vn 0 1 0
vn 0 1 0
vn 0 1 0
vn 0 1 0
vn 0 1 0
vn 0 1 0
vn 0 1 0
vn 0 1 0
vn 0 1 0
vn 0 1 0
vn 0 1 0
vn 0 1 0
vn 0 1 0
vn 0 1 0
vn 0 1 0
vn 0 1 0
vn 0 1 0
vn 0 1 0
vn 0 1 0
vn 0 1 0
vn 0 1 0
vn 0 1 0
vn 0 1 0
vn 0 1 0
vn 0 1 0
vn 0 1 0
vn 0 1 0
vn 0 1 0
vn 0 1 0
vn 0 1 0
vn 0 1 0
vn 0 1 0
vn 0 1 0
vn 0 1 0
vn 0 1 0
vn 0 1 0
vn 0 1 0
vn 0 1 0
vn 0 1 0
vn 0 1 0
vn 0 1 0
vn 0 1 0
vn 0 1 0
vn 0 1 0
vn 0 1 0
vn 0 1 0
vn 0 1 0
vn 0 1 0
vn 0 1 0
vn 0 1 0
vn 0 1 0
vn 0 1 0
vn 0 1 0
vn 0 1 0
vn 0 1 0
vn 0 1 0
vn 0 1 0
vn 0 1 0
vn 0 1 0
vn 0 1 0
vn 0 1 0
vn 0 1 0
vn 0 1 0
vn 0 1 0
vn 0 1 0
vn 0 1 0
vn 0 1 0
vn 0 1 0
vn 0 1 0
vn 0 1 0
vn 0 1 0
vn 0 1 0
vn 0 1 0
vn 0 1 0
vn 0 1 0
vn 0 1 0
vn 0 1 0
vn 0 1 0
vn 0 1 0
vn 0 1 0
vn 0 1 0
vn 0 1 0
vn 0 1 0
vn 0 1 0
vn 0 1 0
vn 0 1 0
vn 0 1 0
vn 0 1 0
vn 0 1 0
vn 0 1 0
vn 0 1 0
vn 0 1 0
vn 0 1 0
vn 0 1 0
vn 0 1 0
vn 0 1 0
vn 0 1 0
vn 0 1 0
vn 0 1 0
vn 0 1 0
vn 0 1 0
vn 0 1 0
vn 0 1 0
vn 0 1 0
vn 0 1 0
vn 0 1 0
vn 0 1 0
vn 0 1 0
vn 0 1 0
vn 0 1 0
vn 0 1 0
vn 0 1 0
vn 0 1 0
vn 0 1 0
vn 0 1 0
vn 0 1 0
vn 0 1 0
vn 0 1 0
vn 0 1 0
vn 0 1 0
vn 0 1 0
vn 0 1 0
vn 0 1 0
vn 0 1 0
vn 0 1 0
vn 0 1 0
vn 0 1 0
vn 0 1 0
vn 0 1 0
vn 0 1 0
vn 0 1 0
vn 0 1 0
vn 0 1 0
vn 0 1 0
vn 0 1 0
vn 0 1 0
vn 0 1 0
vn 0 1 0
vn 0 1 0
vn 0 1 0
vn 0 1 0
vn 0 1 0
vn 0 1 0
vn 0 1 0
vn 0 1 0
vn 0 1 0
vn 0 1 0
vn 0 1 0
vn 0 1 0
vn 0 1 0
vn 0 1 0
vn 0 1 0
vn 0 1 0
vn 0 1 0
vn 0 1 0
vn 0 1 0
vn 0 1 0
vn 0 1 0
vn 0 1 0
vn 0 1 0
vn 0 1 0
vn 0 1 0
vn 0 1 0
vn 0 1 0
vn 0 1 0
vn 0 1 0
vn 0 1 0
vn 0 1 0
vn 0 1 0
vn 0 1 0
vn 0 1 0
vn 0 1 0
vn 0 1 0
vn 0 1 0
vn 0 1 0
vn 0 1 0
vn 0 1 0
vn 0 1 0
vn 0 1 0
vn 0 1 0
vn 0 1 0
vn 0 1 0
vn 0 1 0
vn 0 1 0
vn 0 1 0
vn 0 1 0
vn 0 1 0
vn 0 1 0
vn 0 1 0
vn 0 1 0
vn 0 1 0
vn 0 1 0
vn 0 1 0
vn 0 1 0
vn 0 1 0
vn 0 1 0
vn 0 1 0
vn 0 1 0
vn 0 1 0
vn 0 1 0
vn 0 1 0
vn 0 1 0
vn 0 1 0
vn 0 1 0
vn 0 1 0
vn 0 1 0
vn 0 1 0
vn 0 1 0
vn 0 1 0
vn 0 1 0
vn 0 1 0
vn 0 1 0
vn 0 1 0
vn 0 1 0
vn 0 1 0
vn 0 1 0
vn 0 1 0
vn 0 1 0
vn 0 1 0
vn 0 1 0
vn 0 1 0
vn 0 1 0
vn 0 1 0
vn 0 1 0
vn 0 1 0
vn 0 1 0
vn 0 1 0
vn 0 1 0
vn 0 1 0
vn 0 1 0
vn 0 1 0
vn 0 1 0
vn 0 1 0
vn 0 1 0
vn 0 1 0
vn 0 1 0
vn 0 1 0
vn 0 1 0
vn 0 1 0
vn 0 1 0
vn 0 1 0
vn 0 1 0
vn 0 1 0
vn 0 1 0
vn 0 1 0
vn 0 1 0
vn 0 1 0
vn 0 1 0
vn 0 1 0
vn 0 1 0
vn 0 1 0
vn 0 1 0
vn 0 1 0
vn 0 1 0
vn 0 1 0
vn 0 1 0
vn 0 1 0
vn 0 1 0
vn 0 1 0
vn 0 1 0
vn 0 1 0
vn 0 1 0
vn 0 1 0
vn 0 1 0
vn 0 1 0
vn 0 1 0
vn 0 1 0
vn 0 1 0
vn 0 1 0
vn 0 1 0
vn 0 1 0
vn 0 1 0
vn 0 1 0
vn 0 1 0
vn 0 1 0
vn 0 1 0
vn 0 1 0
vn 0 1 0
vn 0 1 0
vn 0 1 0
vn 0 1 0
vn 0 1 0
vn 0 1 0
vn 0 1 0
vn 0 1 0
vn 0 1 0
vn 0 1 0
vn 0 1 0
vn 0 1 0
vn 0 1 0
vn 0 1 0
vn 0 1 0
vn 0 1 0
vn 0 1 0
vn 0 1 0
vn 0 1 0
vn 0 1 0
vn 0 1 0
vn 0 1 0
vn 0 1 0
vn 0 1 0
vn 0 1 0
vn 0 1 0
vn 0 1 0
vn 0 1 0
vn 0 1 0
vn 0 1 0
vn 0 1 0
vn 0 1 0
vn 0 1 0
vn 0 1 0
vn 0 1 0
vn 0 1 0
vn 0 1 0
vn 0 1 0
vn 0 1 0
vn 0 1 0
vn 0 1 0
vn 0 1 0
vn 0 1 0
vn 0 1 0
vn 0 1 0
vn 0 1 0
vn 0 1 0
vn 0 1 0
vn 0 1 0
vn 0 1 0
vn 0 1 0
vn 0 1 0
vn 0 1 0
vn 0 1 0
vn 0 1 0
vn 0 1 0
vn 0 1 0
vn 0 1 0
vn 0 1 0
vn 0 1 0
vn 0 1 0
vn 0 1 0
vn 0 1 0
vn 0 1 0
vn 0 1 0
vn 0 1 0
vn 0 1 0
vn 0 1 0
vn 0 1 0
vn 0 1 0
vn 0 1 0
vn 0 1 0
vn 0 1 0
vn 0 1 0
vn 0 1 0
vn 0 1 0
vn 0 1 0
vn 0 1 0
vn 0 1 0
vn 0 1 0
vn 0 1 0
vn 0 1 0
vn 0 1 0
vn 0 1 0
vn 0 1 0
vn 0 1 0
vn 0 1 0
vn 0 1 0
vn 0 1 0
vn 0 1 0
vn 0 1 0
vn 0 1 0
vn 0 1 0
vn 0 1 0
vn 0 1 0
vn 0 1 0
vn 0 1 0
vn 0 1 0
vn 0 1 0
vn 0 1 0
vn 0 1 0
vn 0 1 0
vn 0 1 0
vn 0 1 0
vn 0 1 0
vn 0 1 0
vn 0 1 0
vn 0 1 0
vn 0 1 0
vn 0 1 0
vn 0 1 0
vn 0 1 0
vn 0 1 0
vn 0 1 0
vn 0 1 0
vn 0 1 0
vn 0 1 0
vn 0 1 0
vn 0 1 0
vn 0 1 0
vn 0 1 0
vn 0 1 0
vn 0 1 0
vn 0 1 0
vn 0 1 0
vn 0 1 0
vn 0 1 0
vn 0 1 0
vn 0 1 0
vn 0 1 0
vn 0 1 0
vn 0 1 0
vn 0 1 0
vn 0 1 0
vn 0 1 0
vn 0 1 0
vn 0 1 0
vn 0 1 0
vn 0 1 0
vn 0 1 0
vn 0 1 0
vn 0 1 0
vn 0 1 0
vn 0 1 0
vn 0 1 0
vn 0 1 0
vn 0 1 0
vn 0 1 0
vn 0 1 0
vn 0 1 0
vn 0 1 0
vn 0 1 0
vn 0 1 0
vn 0 1 0
vn 0 1 0
vn 0 1 0
vn 0 1 0
vn 0 1 0
vn 0 1 0
vn 0 1 0
vn 0 1 0
vn 0 1 0
vn 0 1 0
vn 0 1 0
vn 0 1 0
vn 0 1 0
vn 0 1 0
vn 0 1 0
vn 0 1 0
vn 0 1 0
vn 0 1 0
vn 0 1 0
vn 0 1 0
vn 0 1 0
vn 0 1 0
vn 0 1 0
vn 0 1 0
vn 0 1 0
vn 0 1 0
vn 0 1 0
vn 0 1 0
vn 0 1 0
vn 0 1 0
vn 0 1 0
vn 0 1 0
vn 0 1 0
vn 0 1 0
vn 0 1 0
vn 0 1 0
vn 0 1 0
vn 0 1 0
vn 0 1 0
vn 0 1 0
vn 0 1 0
vn 0 1 0
vn 0 1 0
vn 0 1 0
vn 0 1 0
vn 0 1 0
vn 0 1 0
vn 0 1 0
vn 0 1 0
vn 0 1 0
vn 0 1 0
vn 0 1 0
vn 0 1 0
vn 0 1 0
vn 0 1 0
vn 0 1 0
vn 0 1 0
vn 0 1 0
vn 0 1 0
vn 0 1 0
vn 0 1 0
vn 0 1 0
vn 0 1 0
vn 0 1 0
vn 0 1 0
vn 0 1 0
vn 0 1 0
vn 0 1 0
vn 0 1 0
vn 0 1 0
vn 0 1 0
vn 0 1 0
vn 0 1 0
vn 0 1 0
vn 0 1 0
vn 0 1 0
vn 0 1 0
vn 0 1 0
vn 0 1 0
vn 0 1 0
vn 0 1 0
vn 0 1 0
vn 0 1 0
vn 0 1 0
vn 0 1 0
vn 0 1 0
vn 0 1 0
vn 0 1 0
vn 0 1 0
vn 0 1 0
vn 0 1 0
vn 0 1 0
vn 0 1 0
vn 0 1 0
vn 0 1 0
vn 0 1 0
vn 0 1 0
vn 0 1 0
vn 0 1 0
vn 0 1 0
vn 0 1 0
vn 0 1 0
vn 0 1 0
vn 0 1 0
vn 0 1 0
vn 0 1 0
vn 0 1 0
vn 0 1 0
vn 0 1 0
vn 0 1 0
vn 0 1 0
vn 0 1 0
vn 0 1 0
vn 0 1 0
vn 0 1 0
vn 0 1 0
vn 0 1 0
vn 0 1 0
vn 0 1 0
vn 0 1 0
vn 0 1 0
vn 0 1 0
vn 0 1 0
vn 0 1 0
vn 0 1 0
vn 0 1 0
vn 0 1 0
vn 0 1 0
vn 0 1 0
vn 0 1 0
vn 0 1 0
vn 0 1 0
vn 0 1 0
vn 0 1 0
vn 0 1 0
vn 0 1 0
vn 0 1 0
vn 0 1 0
vn 0 1 0
vn 0 1 0
vn 0 1 0
vn 0 1 0
vn 0 1 0
vn 0 1 0
vn 0 1 0
vn 0 1 0
vn 0 1 0
vn 0 1 0
vn 0 1 0
vn 0 1 0
vn 0 1 0
vn 0 1 0
vn 0 1 0
vn 0 1 0
vn 0 1 0
vn 0 1 0
vn 0 1 0
vn 0 1 0
vn 0 1 0
vn 0 1 0
vn 0 1 0
vn 0 1 0
vn 0 1 0
vn 0 1 0
vn 0 1 0
vn 0 1 0
vn 0 1 0
vn 0 1 0
vn 0 1 0
vn 0 0.999999762 0.000678702956
vn 0 0.999999762 0.000678702956
vn 0 0.999999762 0.000678702956
vn 0 0.999999762 0.000678702956
vn 0 0.999996305 0.00272764266
vn 0 0.999996245 0.00272764219
vn 0 0.999999762 0.000678702956
vn 0 0.999999762 0.000678703014
vn 0 0.999996245 0.00272764289
vn 0 0.999996305 0.00272764266
vn 0 1 0
vn 0 1 0
vn 0 0.999999762 0.000678703014
vn 0 0.999999762 0.000678702956
vn 0 0.999996245 0.00272764219
vn 0 0.999996305 0.00272764266
vn 0 0.999980927 0.00618587481
vn 0 0.999980927 0.00618587481
vn 0 0.999980927 0.00618587481
vn 0 0.999980927 0.00618587481
vn 0 0.99993813 0.0111203594
vn 0 0.99993813 0.0111203603
vn 0 0.999980927 0.00618587481
vn 0 0.999980927 0.00618587527
vn 0 0.99993813 0.0111203594
vn 0 0.99993813 0.0111203594
vn 0 0.999996305 0.00272764266
vn 0 0.999996245 0.00272764289
vn 0 0.999980927 0.00618587527
vn 0 0.999980927 0.00618587481
vn 0 0.999996245 0.00272764289
vn 0 0.999996245 0.00272764266
vn 0 0.999980927 0.00618587481
vn 0 0.999980927 0.00618587527
vn 0 0.999980927 0.00618587527
vn 0 0.999980927 0.00618587481
vn 0 0.99993813 0.0111203603
vn 0 0.99993813 0.0111203594
vn 0 0.999980927 0.00618587481
vn 0 0.999980927 0.00618587527
vn 0 0.99993813 0.0111203603
vn 0 0.99993813 0.0111203603
vn 0 0.999996245 0.00272764266
vn 0 0.999996245 0.00272764219
vn 0 0.999980927 0.00618587527
vn 0 0.999980927 0.00618587481
vn 0 1 0
vn 0 1 0
vn 0 0.999999762 0.000678702956
vn 0 0.999999762 0.000678703014
vn 0 0.999999762 0.000678703014
vn 0 0.999999762 0.000678702956
vn 0 0.999996245 0.00272764266
vn 0 0.999996245 0.00272764289
vn 0 0.999999762 0.000678702956
vn 0 0.999999762 0.000678703014
vn 0 0.999996245 0.00272764219
vn 0 0.999996245 0.00272764266
vn 0 1 0
vn 0 1 0
vn 0 0.999999762 0.000678703014
vn 0 0.999999762 0.000678702956
vn 0 0.99993813 0.0111203603
vn 0 0.99993813 0.0111203594
vn 0 0.999844551 0.0176289659
vn 0 0.99984467 0.0176289547
vn 0 0.99984467 0.0176289547
vn 0 0.999844551 0.0176289659
vn 1.47884291e-08 0.999665916 0.0258448068
vn -2.95770928e-08 0.999665916 0.0258448217
vn 0 0.999844551 0.0176289659
vn 0 0.99984467 0.0176289417
vn 1.47885615e-08 0.999665916 0.025844831
vn 1.47884291e-08 0.999665916 0.0258448068
vn 0 0.99993813 0.0111203594
vn 0 0.99993813 0.0111203594
vn 0 0.99984467 0.0176289417
vn 0 0.999844551 0.0176289659
vn -2.95770928e-08 0.999665916 0.0258448217
vn 1.47884291e-08 0.999665916 0.0258448068
vn 0 0.999353886 0.03594267
vn 0 0.999353826 0.0359426662
vn 0 0.999353826 0.0359426662
vn 0 0.999353886 0.03594267
vn -2.75500796e-08 0.998840213 0.0481472835
vn -5.51001698e-08 0.998840213 0.0481473021
vn 0 0.999353886 0.03594267
vn 0 0.999353886 0.0359427072
vn 0 0.998840153 0.0481472872
vn -2.75500796e-08 0.998840213 0.0481472835
vn 1.47884291e-08 0.999665916 0.0258448068
vn 1.47885615e-08 0.999665916 0.025844831
vn 0 0.999353886 0.0359427072
vn 0 0.999353886 0.03594267
vn 1.47885615e-08 0.999665916 0.025844831
vn 3.39262716e-14 0.999665916 0.025844818
vn 0 0.999353826 0.0359426923
vn 0 0.999353886 0.0359427072
vn 0 0.999353886 0.0359427072
vn 0 0.999353826 0.0359426923
vn 2.75501399e-08 0.998840153 0.0481472835
vn 0 0.998840153 0.0481472872
vn 0 0.999353826 0.0359426923
vn 0 0.999353826 0.0359426849
vn 6.33297871e-14 0.998840213 0.0481472984
vn 2.75501399e-08 0.998840153 0.0481472835
vn 3.39262716e-14 0.999665916 0.025844818
vn -1.47884895e-08 0.999665916 0.025844831
vn 0 0.999353826 0.0359426849
vn 0 0.999353826 0.0359426923
vn 0 0.99993813 0.0111203594
vn 0 0.99993813 0.0111203603
vn 0 0.99984467 0.0176289529
vn 0 0.99984467 0.0176289417
vn 0 0.99984467 0.0176289417
vn 0 0.99984467 0.0176289529
vn 3.39262716e-14 0.999665916 0.025844818
vn 1.47885615e-08 0.999665916 0.025844831
vn 0 0.99984467 0.0176289529
vn 0 0.99984467 0.0176289417
vn -1.47884895e-08 0.999665916 0.025844831
vn 3.39262716e-14 0.999665916 0.025844818
vn 0 0.99993813 0.0111203603
vn 0 0.99993813 0.0111203603
vn 0 0.99984467 0.0176289417
vn 0 0.99984467 0.0176289529
vn 0 0.99993813 0.0111203603
vn 0 0.99993813 0.0111203603
vn 0 0.99984467 0.0176289659
vn 0 0.99984467 0.0176289417
vn 0 0.99984467 0.0176289417
vn 0 0.99984467 0.0176289659
vn 6.55907823e-14 0.999665916 0.0258448068
vn -1.47884895e-08 0.999665916 0.025844831
vn 0 0.99984467 0.0176289659
vn 0 0.99984467 0.0176289417
vn 1.47886068e-08 0.999665916 0.0258448329
vn 6.55907823e-14 0.999665916 0.0258448068
vn 0 0.99993813 0.0111203603
vn 0 0.99993813 0.0111203594
vn 0 0.99984467 0.0176289417
vn 0 0.99984467 0.0176289659
vn -1.47884895e-08 0.999665916 0.025844831
vn 6.55907823e-14 0.999665916 0.0258448068
vn 0 0.999353826 0.03594267
vn 0 0.999353826 0.0359426849
vn 0 0.999353826 0.0359426849
vn 0 0.999353826 0.03594267
vn -2.75500796e-08 0.998840153 0.0481472835
vn 6.33297871e-14 0.998840213 0.0481472984
vn 0 0.999353826 0.03594267
vn 0 0.999353826 0.0359427072
vn 0 0.998840153 0.0481472872
vn -2.75500796e-08 0.998840153 0.0481472835
vn 6.55907823e-14 0.999665916 0.0258448068
vn 1.47886068e-08 0.999665916 0.0258448329
vn 0 0.999353826 0.0359427072
vn 0 0.999353826 0.03594267
vn 1.47886068e-08 0.999665916 0.0258448329
vn -1.478851e-08 0.999665916 0.0258448161
vn 0 0.999353826 0.0359426886
vn 0 0.999353826 0.0359427072
vn 0 0.999353826 0.0359427072
vn 0 0.999353826 0.0359426886
vn 0 0.998840213 0.0481472835
vn 0 0.998840153 0.0481472872
vn 0 0.999353826 0.0359426886
vn 0 0.999353826 0.0359426886
vn 0 0.998840213 0.0481472835
vn 0 0.998840213 0.0481472835
vn -1.478851e-08 0.999665916 0.0258448161
vn -1.47885144e-08 0.999665916 0.025844818
vn 0 0.999353826 0.0359426886
vn 0 0.999353826 0.0359426886
vn 0 0.99993813 0.0111203594
vn 0 0.99993813 0.0111203603
vn 0 0.999844551 0.017628951
vn 0 0.99984467 0.0176289417
vn 0 0.99984467 0.0176289417
vn 0 0.999844551 0.017628951
vn -1.478851e-08 0.999665916 0.0258448161
vn 1.47886068e-08 0.999665916 0.0258448329
vn 0 0.999844551 0.017628951
vn 0 0.99984467 0.0176289529
vn -1.47885144e-08 0.999665916 0.025844818
vn -1.478851e-08 0.999665916 0.0258448161
vn 0 0.99993813 0.0111203603
vn 0 0.99993819 0.0111203603
vn 0 0.99984467 0.0176289529
vn 0 0.999844551 0.017628951
vn 0 1 0
vn 0 1 0
vn 0 0.999999762 0.000678702956
vn 0 0.999999762 0.000678703014
vn 0 0.999999762 0.000678703014
vn 0 0.999999762 0.000678702956
vn 0 0.999996305 0.00272764266
vn 0 0.999996245 0.00272764219
vn 0 0.999999762 0.000678702956
vn 0 0.999999762 0.000678702956
vn 0 0.999996245 0.00272764266
vn 0 0.999996305 0.00272764266
vn 0 1 0
vn 0 1 0
vn 0 0.999999762 0.000678702956
vn 0 0.999999762 0.000678702956
vn 0 0.999996245 0.00272764219
vn 0 0.999996305 0.00272764266
vn 0 0.999980807 0.00618587481
vn 0 0.999980927 0.00618587527
vn 0 0.999980927 0.00618587527
vn 0 0.999980807 0.00618587481
vn 0 0.99993813 0.0111203603
vn 0 0.99993813 0.0111203603
vn 0 0.999980807 0.00618587481
vn 0 0.999980927 0.00618587481
vn 0 0.99993813 0.0111203594
vn 0 0.99993813 0.0111203603
vn 0 0.999996305 0.00272764266
vn 0 0.999996245 0.00272764266
vn 0 0.999980927 0.00618587481
vn 0 0.999980807 0.00618587481
vn 0 0.999996245 0.00272764266
vn 0 0.999996245 0.00272764266
vn 0 0.999980807 0.00618587481
vn 0 0.999980927 0.00618587481
vn 0 0.999980927 0.00618587481
vn 0 0.999980807 0.00618587481
vn 0 0.99993813 0.0111203603
vn 0 0.99993813 0.0111203594
vn 0 0.999980807 0.00618587481
vn 0 0.999980927 0.00618587481
vn 0 0.99993819 0.0111203603
vn 0 0.99993813 0.0111203603
vn 0 0.999996245 0.00272764266
vn 0 0.999996245 0.00272764289
vn 0 0.999980927 0.00618587481
vn 0 0.999980807 0.00618587481
vn 0 1 0
vn 0 1 0
vn 0 0.999999762 0.000678702956
vn 0 0.999999762 0.000678702956
vn 0 0.999999762 0.000678702956
vn 0 0.999999762 0.000678702956
vn 0 0.999996245 0.00272764266
vn 0 0.999996245 0.00272764266
vn 0 0.999999762 0.000678702956
vn 0 0.999999762 0.000678703014
vn 0 0.999996245 0.00272764289
vn 0 0.999996245 0.00272764266
vn 0 1 0
vn 0 1 0
vn 0 0.999999762 0.000678703014
vn 0 0.999999762 0.000678702956
vn -5.51001698e-08 0.998840213 0.0481473021
vn -2.75500796e-08 0.998840213 0.0481472835
vn 0 0.99802953 0.0627449304
vn 0 0.99802959 0.0627448857
vn 0 0.99802959 0.0627448857
vn 0 0.99802953 0.0627449304
vn -4.58325005e-08 0.996787071 0.0800981671
vn -1.8333013e-07 0.996786952 0.0800982118
vn 0 0.99802953 0.0627449304
vn 0 0.99802959 0.0627448931
vn -1.08567777e-13 0.996787012 0.080098182
vn -4.58325005e-08 0.996787071 0.0800981671
vn -2.75500796e-08 0.998840213 0.0481472835
vn 0 0.998840153 0.0481472872
vn 0 0.99802959 0.0627448931
vn 0 0.99802953 0.0627449304
vn -1.8333013e-07 0.996786952 0.0800982118
vn -4.58325005e-08 0.996787071 0.0800981671
vn 0 0.994920313 0.100665979
vn 0 0.994920313 0.100666016
vn 0 0.994920313 0.100666016
vn 0 0.994920313 0.100665979
vn 0 0.992153108 0.125029117
vn -1.43084392e-07 0.992153108 0.125029132
vn 0 0.994920313 0.100665979
vn 0 0.994920254 0.100665949
vn -1.62858835e-13 0.992153108 0.125029132
vn 0 0.992153108 0.125029117
vn -4.58325005e-08 0.996787071 0.0800981671
vn -1.08567777e-13 0.996787012 0.080098182
vn 0 0.994920254 0.100665949
vn 0 0.994920313 0.100665979
vn -1.08567777e-13 0.996787012 0.080098182
vn 0 0.996786952 0.0800981671
vn 0 0.994920313 0.100665964
vn 0 0.994920254 0.100665949
vn 0 0.994920254 0.100665949
vn 0 0.994920313 0.100665964
vn -4.84052631e-13 0.992153108 0.125029087
vn -1.62858835e-13 0.992153108 0.125029132
vn 0 0.994920313 0.100665964
vn 0 0.994920254 0.100665942
vn 7.15418409e-08 0.992153108 0.125029132
vn -4.84052631e-13 0.992153108 0.125029087
vn 0 0.996786952 0.0800981671
vn 1.06305948e-13 0.996787012 0.080098182
vn 0 0.994920254 0.100665942
vn 0 0.994920313 0.100665964
vn 0 0.998840153 0.0481472872
vn 2.75501399e-08 0.998840153 0.0481472835
vn 0 0.99802959 0.0627449378
vn 0 0.99802959 0.0627448931
vn 0 0.99802959 0.0627448931
vn 0 0.99802959 0.0627449378
vn 0 0.996786952 0.0800981671
vn -1.08567777e-13 0.996787012 0.080098182
vn 0 0.99802959 0.0627449378
vn 0 0.99802959 0.0627449304
vn 1.06305948e-13 0.996787012 0.080098182
vn 0 0.996786952 0.0800981671
vn 2.75501399e-08 0.998840153 0.0481472835
vn 6.33297871e-14 0.998840213 0.0481472984
vn 0 0.99802959 0.0627449304
vn 0 0.99802959 0.0627449378
vn -1.43084392e-07 0.992153108 0.125029132
vn 0 0.992153108 0.125029117
vn 0 0.988083124 0.153921574
vn 0 0.988083124 0.153921664
vn 0 0.988083124 0.153921664
vn 0 0.988083124 0.153921574
vn 0 0.982117116 0.188271031
vn 0 0.982117116 0.188271061
vn 0 0.988083124 0.153921574
vn 0 0.988083124 0.153921664
vn 0 0.982117116 0.188271031
vn 0 0.982117116 0.188271031
vn 0 0.992153108 0.125029117
vn -1.62858835e-13 0.992153108 0.125029132
vn 0 0.988083124 0.153921664
vn 0 0.988083124 0.153921574
vn 0 0.982117116 0.188271061
vn 0 0.982117116 0.188271031
vn 3.48104159e-08 0.973370492 0.229237795
vn 6.96208247e-08 0.973370492 0.229237765
vn 6.96208247e-08 0.973370492 0.229237765
vn 3.48104159e-08 0.973370492 0.229237795
vn -3.18429215e-07 0.9605093 0.278247923
vn 0 0.9605093 0.278247833
vn 3.48104159e-08 0.973370492 0.229237795
vn 0 0.973370314 0.229238227
vn 7.60233836e-13 0.96050936 0.278247714
vn -3.18429215e-07 0.9605093 0.278247923
vn 0 0.982117116 0.188271031
vn 0 0.982117116 0.188271031
vn 0 0.973370314 0.229238227
vn 3.48104159e-08 0.973370492 0.229237795
vn 0 0.982117116 0.188271031
vn 0 0.982117176 0.188271031
vn 0 0.973370433 0.22923778
vn 0 0.973370314 0.229238227
vn 0 0.973370314 0.229238227
vn 0 0.973370433 0.22923778
vn 3.18430295e-07 0.9605093 0.278247923
vn 7.60233836e-13 0.96050936 0.278247714
vn 0 0.973370433 0.22923778
vn 0 0.973370492 0.229237795
vn 0 0.9605093 0.278247923
vn 3.18430295e-07 0.9605093 0.278247923
vn 0 0.982117176 0.188271031
vn 0 0.982117116 0.188271046
vn 0 0.973370492 0.229237795
vn 0 0.973370433 0.22923778
vn -1.62858835e-13 0.992153108 0.125029132
vn -4.84052631e-13 0.992153108 0.125029087
vn 0 0.988083065 0.153921574
vn 0 0.988083124 0.153921664
vn 0 0.988083124 0.153921664
vn 0 0.988083065 0.153921574
vn 0 0.982117176 0.188271031
vn 0 0.982117116 0.188271031
vn 0 0.988083065 0.153921574
vn 0 0.988083124 0.153921679
vn 0 0.982117116 0.188271046
vn 0 0.982117176 0.188271031
vn -4.84052631e-13 0.992153108 0.125029087
vn 7.15418409e-08 0.992153108 0.125029132
vn 0 0.988083124 0.153921679
vn 0 0.988083065 0.153921574
vn 7.15418409e-08 0.992153108 0.125029132
vn -1.43084321e-07 0.992153108 0.125029147
vn 0 0.988083124 0.153921679
vn 0 0.988083124 0.153921679
vn 0 0.988083124 0.153921679
vn 0 0.988083124 0.153921679
vn 0 0.982117176 0.188271031
vn 0 0.982117116 0.188271046
vn 0 0.988083124 0.153921679
vn 0 0.988083124 0.153921455
vn 0 0.982117116 0.188271031
vn 0 0.982117176 0.188271031
vn -1.43084321e-07 0.992153108 0.125029147
vn 2.80479118e-13 0.992153108 0.125029057
vn 0 0.988083124 0.153921455
vn 0 0.988083124 0.153921679
vn 0 0.982117116 0.188271046
vn 0 0.982117176 0.188271031
vn 0 0.973370492 0.229237795
vn 0 0.973370492 0.229237795
vn 0 0.973370492 0.229237795
vn 0 0.973370492 0.229237795
vn -3.1842967e-07 0.9605093 0.278247923
vn 0 0.9605093 0.278247923
vn 0 0.973370492 0.229237795
vn 0 0.973370314 0.229238212
vn -8.14536372e-13 0.96050936 0.278247714
vn -3.1842967e-07 0.9605093 0.278247923
vn 0 0.982117176 0.188271031
vn 0 0.982117116 0.188271031
vn 0 0.973370314 0.229238212
vn 0 0.973370492 0.229237795
vn 0 0.982117116 0.188271031
vn 0 0.982117116 0.188271031
vn 0 0.973370433 0.229237795
vn 0 0.973370314 0.229238212
vn 0 0.973370314 0.229238212
vn 0 0.973370433 0.229237795
vn 3.18428903e-07 0.9605093 0.278247893
vn -8.14536372e-13 0.96050936 0.278247714
vn 0 0.973370433 0.229237795
vn 0 0.973370492 0.229237795
vn 0 0.960509241 0.278247863
vn 3.18428903e-07 0.9605093 0.278247893
vn 0 0.982117116 0.188271031
vn 0 0.982117116 0.188271031
vn 0 0.973370492 0.229237795
vn 0 0.973370433 0.229237795
vn 2.80479118e-13 0.992153108 0.125029057
vn 1.43084421e-07 0.992153108 0.125029117
vn 0 0.988083124 0.153921679
vn 0 0.988083124 0.153921455
vn 0 0.988083124 0.153921455
vn 0 0.988083124 0.153921679
vn 0 0.982117116 0.188271031
vn 0 0.982117116 0.188271031
vn 0 0.988083124 0.153921679
vn 0 0.988083124 0.153921664
vn 0 0.982117116 0.188271031
vn 0 0.982117116 0.188271031
vn 1.43084421e-07 0.992153108 0.125029117
vn -7.15422814e-08 0.992153108 0.125029147
vn 0 0.988083124 0.153921664
vn 0 0.988083124 0.153921679
vn 6.33297871e-14 0.998840213 0.0481472984
vn -2.75500796e-08 0.998840153 0.0481472835
vn 0 0.99802959 0.0627449378
vn 0 0.99802959 0.0627449304
vn 0 0.99802959 0.0627449304
vn 0 0.99802959 0.0627449378
vn 1.04044127e-13 0.996787071 0.0800981671
vn 1.06305948e-13 0.996787012 0.080098182
vn 0 0.99802959 0.0627449378
vn 0 0.99802959 0.0627448857
vn 1.49280694e-13 0.996787012 0.080098182
vn 1.04044127e-13 0.996787071 0.0800981671
vn -2.75500796e-08 0.998840153 0.0481472835
vn 0 0.998840153 0.0481472872
vn 0 0.99802959 0.0627448857
vn 0 0.99802959 0.0627449378
vn 1.06305948e-13 0.996787012 0.080098182
vn 1.04044127e-13 0.996787071 0.0800981671
vn 0 0.994920313 0.10066589
vn 0 0.994920254 0.100665942
vn 0 0.994920254 0.100665942
vn 0 0.994920313 0.10066589
vn -1.43084321e-07 0.992153108 0.125029147
vn 7.15418409e-08 0.992153108 0.125029132
vn 0 0.994920313 0.10066589
vn 0 0.994920313 0.100666121
vn 2.80479118e-13 0.992153108 0.125029057
vn -1.43084321e-07 0.992153108 0.125029147
vn 1.04044127e-13 0.996787071 0.0800981671
vn 1.49280694e-13 0.996787012 0.080098182
vn 0 0.994920313 0.100666121
vn 0 0.994920313 0.10066589
vn 1.49280694e-13 0.996787012 0.080098182
vn 0 0.996786952 0.0800981671
vn 0 0.994920313 0.100665882
vn 0 0.994920313 0.100666121
vn 0 0.994920313 0.100666121
vn 0 0.994920313 0.100665882
vn 1.43084421e-07 0.992153108 0.125029117
vn 2.80479118e-13 0.992153108 0.125029057
vn 0 0.994920313 0.100665882
vn -5.76015502e-08 0.994920313 0.100665957
vn -7.15422814e-08 0.992153108 0.125029147
vn 1.43084421e-07 0.992153108 0.125029117
vn 0 0.996786952 0.0800981671
vn -5.65457173e-14 0.996787012 0.080098182
vn -5.76015502e-08 0.994920313 0.100665957
vn 0 0.994920313 0.100665882
vn 0 0.998840153 0.0481472872
vn 0 0.998840213 0.0481472835
vn 0 0.99802953 0.0627449304
vn 0 0.99802959 0.0627448857
vn 0 0.99802959 0.0627448857
vn 0 0.99802953 0.0627449304
vn 0 0.996786952 0.0800981671
vn 1.49280694e-13 0.996787012 0.080098182
vn 0 0.99802953 0.0627449304
vn 0 0.99802959 0.0627448931
vn -5.65457173e-14 0.996787012 0.080098182
vn 0 0.996786952 0.0800981671
vn 0 0.998840213 0.0481472835
vn 0 0.998840213 0.0481472835
vn 0 0.99802959 0.0627448931
vn 0 0.99802953 0.0627449304
vn 0 0.998840213 0.0481472835
vn 2.75501293e-08 0.998840213 0.0481472835
vn 0 0.99802959 0.0627449378
vn 0 0.99802959 0.0627448931
vn 0 0.99802959 0.0627448931
vn 0 0.99802959 0.0627449378
vn 0 0.996786952 0.0800982267
vn -5.65457173e-14 0.996787012 0.080098182
vn 0 0.99802959 0.0627449378
vn 0 0.99802959 0.0627449229
vn 8.82113189e-14 0.996786952 0.080098249
vn 0 0.996786952 0.0800982267
vn 2.75501293e-08 0.998840213 0.0481472835
vn -1.92251136e-14 0.998840213 0.0481473021
vn 0 0.99802959 0.0627449229
vn 0 0.99802959 0.0627449378
vn -5.65457173e-14 0.996787012 0.080098182
vn 0 0.996786952 0.0800982267
vn -5.76015431e-08 0.994920313 0.100665949
vn -5.76015502e-08 0.994920313 0.100665957
vn -5.76015502e-08 0.994920313 0.100665957
vn -5.76015431e-08 0.994920313 0.100665949
vn -1.43084421e-07 0.992153108 0.125029027
vn -7.15422814e-08 0.992153108 0.125029147
vn -5.76015431e-08 0.994920313 0.100665949
vn 0 0.994920313 0.100666091
vn -7.69055568e-14 0.992153108 0.125028983
vn -1.43084421e-07 0.992153108 0.125029027
vn 0 0.996786952 0.0800982267
vn 8.82113189e-14 0.996786952 0.080098249
vn 0 0.994920313 0.100666091
vn -5.76015431e-08 0.994920313 0.100665949
vn 8.82113189e-14 0.996786952 0.080098249
vn 0 0.996786952 0.0800982416
vn 5.76014685e-08 0.994920313 0.100665957
vn 0 0.994920313 0.100666091
vn 0 0.994920313 0.100666091
vn 5.76014685e-08 0.994920313 0.100665957
vn 1.43084236e-07 0.992153108 0.125029027
vn -7.69055568e-14 0.992153108 0.125028983
vn 5.76014685e-08 0.994920313 0.100665957
vn 5.76014791e-08 0.994920313 0.100665957
vn 7.15421962e-08 0.992153108 0.125029132
vn 1.43084236e-07 0.992153108 0.125029027
vn 0 0.996786952 0.0800982416
vn -5.65457173e-14 0.996787012 0.080098182
vn 5.76014791e-08 0.994920313 0.100665957
vn 5.76014685e-08 0.994920313 0.100665957
vn -1.92251136e-14 0.998840213 0.0481473021
vn -2.94031157e-14 0.998840213 0.0481472835
vn 0 0.99802959 0.0627449378
vn 0 0.99802959 0.0627449229
vn 0 0.99802959 0.0627449229
vn 0 0.99802959 0.0627449378
vn 0 0.996786952 0.0800982416
vn 8.82113189e-14 0.996786952 0.080098249
vn 0 0.99802959 0.0627449378
vn 0 0.99802959 0.0627449304
vn -5.65457173e-14 0.996787012 0.080098182
vn 0 0.996786952 0.0800982416
vn -2.94031157e-14 0.998840213 0.0481472835
vn -3.16648936e-14 0.998840213 0.0481473021
vn 0 0.99802959 0.0627449304
vn 0 0.99802959 0.0627449378
vn -7.15422814e-08 0.992153108 0.125029147
vn -1.43084421e-07 0.992153108 0.125029027
vn 0 0.988083124 0.153921574
vn 0 0.988083124 0.153921664
vn 0 0.988083124 0.153921664
vn 0 0.988083124 0.153921574
vn 0 0.982117116 0.188271046
vn 0 0.982117116 0.188271031
vn 0 0.988083124 0.153921574
vn 0 0.988083124 0.15392147
vn 0 0.982117116 0.188271031
vn 0 0.982117116 0.188271046
vn -1.43084421e-07 0.992153108 0.125029027
vn -7.69055568e-14 0.992153108 0.125028983
vn 0 0.988083124 0.15392147
vn 0 0.988083124 0.153921574
vn 0 0.982117116 0.188271031
vn 0 0.982117116 0.188271046
vn 0 0.973370492 0.229237765
vn 0 0.973370492 0.229237795
vn 0 0.973370492 0.229237795
vn 0 0.973370492 0.229237765
vn -3.18429414e-07 0.9605093 0.278247923
vn 0 0.960509241 0.278247863
vn 0 0.973370492 0.229237765
vn 0 0.973370373 0.229238212
vn 3.80116918e-13 0.96050936 0.278247714
vn -3.18429414e-07 0.9605093 0.278247923
vn 0 0.982117116 0.188271046
vn 0 0.982117116 0.188271031
vn 0 0.973370373 0.229238212
vn 0 0.973370492 0.229237765
vn 0 0.982117116 0.188271031
vn 0 0.982117116 0.188271046
vn 0 0.973370492 0.229237795
vn 0 0.973370373 0.229238212
vn 0 0.973370373 0.229238212
vn 0 0.973370492 0.229237795
vn 3.18429642e-07 0.9605093 0.278247893
vn 3.80116918e-13 0.96050936 0.278247714
vn 0 0.973370492 0.229237795
vn 0 0.973370492 0.229237795
vn 0 0.9605093 0.278247923
vn 3.18429642e-07 0.9605093 0.278247893
vn 0 0.982117116 0.188271046
vn 0 0.982117116 0.188271046
vn 0 0.973370492 0.229237795
vn 0 0.973370492 0.229237795
vn -7.69055568e-14 0.992153108 0.125028983
vn 1.43084236e-07 0.992153108 0.125029027
vn 0 0.988083124 0.153921574
vn 0 0.988083124 0.15392147
vn 0 0.988083124 0.15392147
vn 0 0.988083124 0.153921574
vn 0 0.982117116 0.188271046
vn 0 0.982117116 0.188271031
vn 0 0.988083124 0.153921574
vn 0 0.988083124 0.153921664
vn 0 0.982117116 0.188271046
vn 0 0.982117116 0.188271046
vn 1.43084236e-07 0.992153108 0.125029027
vn 7.15421962e-08 0.992153108 0.125029132
vn 0 0.988083124 0.153921664
vn 0 0.988083124 0.153921574
vn 7.15421962e-08 0.992153108 0.125029132
vn -1.43084492e-07 0.992153108 0.125029147
vn 0 0.988083124 0.153921679
vn 0 0.988083124 0.153921664
vn 0 0.988083124 0.153921664
vn 0 0.988083124 0.153921679
vn 0 0.982117116 0.188271031
vn 0 0.982117116 0.188271046
vn 0 0.988083124 0.153921679
vn 0 0.988083124 0.153921455
vn 0 0.982117116 0.188271031
vn 0 0.982117116 0.188271031
vn -1.43084492e-07 0.992153108 0.125029147
vn 0 0.992153108 0.125029057
vn 0 0.988083124 0.153921455
vn 0 0.988083124 0.153921679
vn 0 0.982117116 0.188271046
vn 0 0.982117116 0.188271031
vn 0 0.973370492 0.229237795
vn 0 0.973370492 0.229237795
vn 0 0.973370492 0.229237795
vn 0 0.973370492 0.229237795
vn -3.1842967e-07 0.9605093 0.278247923
vn 0 0.9605093 0.278247923
vn 0 0.973370492 0.229237795
vn 0 0.973370314 0.229238182
vn 0 0.96050936 0.278247714
vn -3.1842967e-07 0.9605093 0.278247923
vn 0 0.982117116 0.188271031
vn 0 0.982117116 0.188271031
vn 0 0.973370314 0.229238182
vn 0 0.973370492 0.229237795
vn 0 0.982117116 0.188271031
vn 0 0.982117116 0.188271031
vn 0 0.973370492 0.229237795
vn 0 0.973370314 0.229238182
vn 0 0.973370314 0.229238182
vn 0 0.973370492 0.229237795
vn 3.18429699e-07 0.9605093 0.278247893
vn 0 0.96050936 0.278247714
vn 0 0.973370492 0.229237795
vn 0 0.973370492 0.229237795
vn 0 0.9605093 0.278247923
vn 3.18429699e-07 0.9605093 0.278247893
vn 0 0.982117116 0.188271031
vn 0 0.982117116 0.188271031
vn 0 0.973370492 0.229237795
vn 0 0.973370492 0.229237795
vn 0 0.992153108 0.125029057
vn 1.43084549e-07 0.992153108 0.125029132
vn 0 0.988083124 0.153921664
vn 0 0.988083124 0.153921455
vn 0 0.988083124 0.153921455
vn 0 0.988083124 0.153921664
vn 0 0.982117116 0.188271031
vn 0 0.982117116 0.188271031
vn 0 0.988083124 0.153921664
vn 0 0.988083124 0.153921694
vn 0 0.982117116 0.188271031
vn 0 0.982117116 0.188271031
vn 1.43084549e-07 0.992153108 0.125029132
vn -7.15423027e-08 0.992153108 0.125029132
vn 0 0.988083124 0.153921694
vn 0 0.988083124 0.153921664
vn -3.16648936e-14 0.998840213 0.0481473021
vn 0 0.998840213 0.0481472835
vn 0 0.99802959 0.0627449378
vn 0 0.99802959 0.0627449304
vn 0 0.99802959 0.0627449304
vn 0 0.99802959 0.0627449378
vn 4.58325431e-08 0.996786952 0.0800981522
vn -5.65457173e-14 0.996787012 0.080098182
vn 0 0.99802959 0.0627449378
vn 0 0.99802959 0.0627448782
vn -4.52365738e-15 0.996786952 0.0800982043
vn 4.58325431e-08 0.996786952 0.0800981522
vn 0 0.998840213 0.0481472835
vn 0 0.998840213 0.0481473021
vn 0 0.99802959 0.0627448782
vn 0 0.99802959 0.0627449378
vn -5.65457173e-14 0.996787012 0.080098182
vn 4.58325431e-08 0.996786952 0.0800981522
vn 0 0.994920313 0.10066589
vn 5.76014791e-08 0.994920313 0.100665957
vn 5.76014791e-08 0.994920313 0.100665957
vn 0 0.994920313 0.10066589
vn -1.43084492e-07 0.992153108 0.125029147
vn 7.15421962e-08 0.992153108 0.125029132
vn 0 0.994920313 0.10066589
vn 0 0.994920194 0.100666158
vn 0 0.992153108 0.125029057
vn -1.43084492e-07 0.992153108 0.125029147
vn 4.58325431e-08 0.996786952 0.0800981522
vn -4.52365738e-15 0.996786952 0.0800982043
vn 0 0.994920194 0.100666158
vn 0 0.994920313 0.10066589
vn -4.52365738e-15 0.996786952 0.0800982043
vn -9.49968118e-14 0.996787071 0.0800981522
vn 0 0.994920313 0.10066589
vn 0 0.994920194 0.100666158
vn 0 0.994920194 0.100666158
vn 0 0.994920313 0.10066589
vn 1.43084549e-07 0.992153108 0.125029132
vn 0 0.992153108 0.125029057
vn 0 0.994920313 0.10066589
vn 0 0.994920313 0.100666001
vn -7.15423027e-08 0.992153108 0.125029132
vn 1.43084549e-07 0.992153108 0.125029132
vn -9.49968118e-14 0.996787071 0.0800981522
vn -1.76422638e-13 0.996787012 0.0800982043
vn 0 0.994920313 0.100666001
vn 0 0.994920313 0.10066589
vn 0 0.998840213 0.0481473021
vn -2.7550108e-08 0.998840153 0.0481472835
vn 0 0.99802959 0.0627449378
vn 0 0.99802959 0.0627448782
vn 0 0.99802959 0.0627448782
vn 0 0.99802959 0.0627449378
vn -9.49968118e-14 0.996787071 0.0800981522
vn -4.52365738e-15 0.996786952 0.0800982043
vn 0 0.99802959 0.0627449378
vn 0 0.99802959 0.0627448484
vn -1.76422638e-13 0.996787012 0.0800982043
vn -9.49968118e-14 0.996787071 0.0800981522
vn -2.7550108e-08 0.998840153 0.0481472835
vn 0 0.998840213 0.0481472872
vn 0 0.99802959 0.0627448484
vn 0 0.99802959 0.0627449378
vn 0 1 0
vn 0 1 0
vn 0 0.999999762 0.000678703014
vn 0 0.999999762 0.000678703014
vn 0 0.999999762 0.000678703014
vn 0 0.999999762 0.000678703014
vn 0 0.999996245 0.00272764266
vn 0 0.999996245 0.00272764289
vn 0 0.999999762 0.000678703014
vn 0 0.999999762 0.000678703014
vn 0 0.999996305 0.00272764266
vn 0 0.999996245 0.00272764266
vn 0 1 0
vn 0 1 0
vn 0 0.999999762 0.000678703014
vn 0 0.999999762 0.000678703014
vn 0 0.999996245 0.00272764289
vn 0 0.999996245 0.00272764266
vn 0 0.999980867 0.00618587527
vn 0 0.999980927 0.00618587481
vn 0 0.999980927 0.00618587481
vn 0 0.999980867 0.00618587527
vn 0 0.99993819 0.0111203613
vn 0 0.99993819 0.0111203603
vn 0 0.999980867 0.00618587527
vn 0 0.999980807 0.00618587527
vn 0 0.99993819 0.0111203603
vn 0 0.99993819 0.0111203613
vn 0 0.999996245 0.00272764266
vn 0 0.999996305 0.00272764266
vn 0 0.999980807 0.00618587527
vn 0 0.999980867 0.00618587527
vn 0 0.999996305 0.00272764266
vn 0 0.999996245 0.00272764266
vn 0 0.999980927 0.00618587481
vn 0 0.999980807 0.00618587527
vn 0 0.999980807 0.00618587527
vn 0 0.999980927 0.00618587481
vn 0 0.99993813 0.0111203594
vn 0 0.99993819 0.0111203603
vn 0 0.999980927 0.00618587481
vn 0 0.999980927 0.00618587481
vn 0 0.99993813 0.0111203603
vn 0 0.99993813 0.0111203594
vn 0 0.999996245 0.00272764266
vn 0 0.999996245 0.00272764266
vn 0 0.999980927 0.00618587481
vn 0 0.999980927 0.00618587481
vn 0 1 0
vn 0 1 0
vn 0 0.999999762 0.000678702956
vn 0 0.999999762 0.000678703014
vn 0 0.999999762 0.000678703014
vn 0 0.999999762 0.000678702956
vn 0 0.999996245 0.00272764266
vn 0 0.999996305 0.00272764266
vn 0 0.999999762 0.000678702956
vn 0 0.999999762 0.000678703014
vn 0 0.999996245 0.00272764266
vn 0 0.999996245 0.00272764266
vn 0 1 0
vn 0 1 0
vn 0 0.999999762 0.000678703014
vn 0 0.999999762 0.000678702956
vn 0 0.99993819 0.0111203603
vn 0 0.99993819 0.0111203613
vn 0 0.999844551 0.0176289659
vn 0 0.99984467 0.0176289529
vn 0 0.99984467 0.0176289529
vn 0 0.999844551 0.0176289659
vn 1.47885686e-08 0.999665916 0.0258448068
vn -1.47885144e-08 0.999665916 0.025844818
vn 0 0.999844551 0.0176289659
vn 0 0.999844551 0.0176289398
vn 1.47885055e-08 0.999665916 0.0258448292
vn 1.47885686e-08 0.999665916 0.0258448068
vn 0 0.99993819 0.0111203613
vn 0 0.99993819 0.0111203603
vn 0 0.999844551 0.0176289398
vn 0 0.999844551 0.0176289659
vn -1.47885144e-08 0.999665916 0.025844818
vn 1.47885686e-08 0.999665916 0.0258448068
vn 0 0.999353886 0.03594267
vn 0 0.999353826 0.0359426886
vn 0 0.999353826 0.0359426886
vn 0 0.999353886 0.03594267
vn 2.75501293e-08 0.998840213 0.0481472835
vn 0 0.998840213 0.0481472835
vn 0 0.999353886 0.03594267
vn 0 0.999353886 0.0359426849
vn -1.92251136e-14 0.998840213 0.0481473021
vn 2.75501293e-08 0.998840213 0.0481472835
vn 1.47885686e-08 0.999665916 0.0258448068
vn 1.47885055e-08 0.999665916 0.0258448292
vn 0 0.999353886 0.0359426849
vn 0 0.999353886 0.03594267
vn 1.47885055e-08 0.999665916 0.0258448292
vn -1.8659448e-14 0.999665916 0.0258448161
vn 0 0.999353826 0.0359426886
vn 0 0.999353886 0.0359426849
vn 0 0.999353886 0.0359426849
vn 0 0.999353826 0.0359426886
vn -2.94031157e-14 0.998840213 0.0481472835
vn -1.92251136e-14 0.998840213 0.0481473021
vn 0 0.999353826 0.0359426886
vn 0 0.999353826 0.0359426849
vn -3.16648936e-14 0.998840213 0.0481473021
vn -2.94031157e-14 0.998840213 0.0481472835
vn -1.8659448e-14 0.999665916 0.0258448161
vn -1.47885544e-08 0.999665916 0.025844831
vn 0 0.999353826 0.0359426849
vn 0 0.999353826 0.0359426886
vn 0 0.99993819 0.0111203603
vn 0 0.99993813 0.0111203594
vn 0 0.999844551 0.017628951
vn 0 0.999844551 0.0176289398
vn 0 0.999844551 0.0176289398
vn 0 0.999844551 0.017628951
vn -1.8659448e-14 0.999665916 0.0258448161
vn 1.47885055e-08 0.999665916 0.0258448292
vn 0 0.999844551 0.017628951
vn 0 0.99984467 0.0176289398
vn -1.47885544e-08 0.999665916 0.025844831
vn -1.8659448e-14 0.999665916 0.0258448161
vn 0 0.99993813 0.0111203594
vn 0 0.99993813 0.0111203603
vn 0 0.99984467 0.0176289398
vn 0 0.999844551 0.017628951
vn 0 0.99993813 0.0111203603
vn 0 0.99993813 0.0111203603
vn 0 0.999844551 0.0176289659
vn 0 0.99984467 0.0176289398
vn 0 0.99984467 0.0176289398
vn 0 0.999844551 0.0176289659
vn 0 0.999665916 0.0258448068
vn -1.47885544e-08 0.999665916 0.025844831
vn 0 0.999844551 0.0176289659
vn 0 0.99984467 0.0176289398
vn 1.47885393e-08 0.999665916 0.025844831
vn 0 0.999665916 0.0258448068
vn 0 0.99993813 0.0111203603
vn 0 0.99993813 0.0111203603
vn 0 0.99984467 0.0176289398
vn 0 0.999844551 0.0176289659
vn -1.47885544e-08 0.999665916 0.025844831
vn 0 0.999665916 0.0258448068
vn 0 0.999353826 0.03594267
vn 0 0.999353826 0.0359426849
vn 0 0.999353826 0.0359426849
vn 0 0.999353826 0.03594267
vn 0 0.998840213 0.0481472835
vn -3.16648936e-14 0.998840213 0.0481473021
vn 0 0.999353826 0.03594267
vn 0 0.999353826 0.0359426849
vn 0 0.998840213 0.0481473021
vn 0 0.998840213 0.0481472835
vn 0 0.999665916 0.0258448068
vn 1.47885393e-08 0.999665916 0.025844831
vn 0 0.999353826 0.0359426849
vn 0 0.999353826 0.03594267
vn 1.47885393e-08 0.999665916 0.025844831
vn -1.8659448e-14 0.999665916 0.0258448161
vn 0 0.999353826 0.0359426886
vn 0 0.999353826 0.0359426849
vn 0 0.999353826 0.0359426849
vn 0 0.999353826 0.0359426886
vn -2.7550108e-08 0.998840153 0.0481472835
vn 0 0.998840213 0.0481473021
vn 0 0.999353826 0.0359426886
vn 0 0.999353886 0.0359427109
vn 0 0.998840213 0.0481472872
vn -2.7550108e-08 0.998840153 0.0481472835
vn -1.8659448e-14 0.999665916 0.0258448161
vn -1.47885704e-08 0.999665916 0.025844831
vn 0 0.999353886 0.0359427109
vn 0 0.999353826 0.0359426886
vn 0 0.99993813 0.0111203603
vn 0 0.99993813 0.0111203594
vn 0 0.999844551 0.0176289547
vn 0 0.99984467 0.0176289398
vn 0 0.99984467 0.0176289398
vn 0 0.999844551 0.0176289547
vn -1.8659448e-14 0.999665916 0.0258448161
vn 1.47885393e-08 0.999665916 0.025844831
vn 0 0.999844551 0.0176289547
vn 0 0.99984467 0.0176289417
vn -1.47885704e-08 0.999665916 0.025844831
vn -1.8659448e-14 0.999665916 0.0258448161
vn 0 0.99993813 0.0111203594
vn 0 0.99993819 0.0111203613
vn 0 0.99984467 0.0176289417
vn 0 0.999844551 0.0176289547
vn 0 1 0
vn 0 1 0
vn 0 0.999999762 0.000678702956
vn 0 0.999999762 0.000678703014
vn 0 0.999999762 0.000678703014
vn 0 0.999999762 0.000678702956
vn 0 0.999996245 0.00272764266
vn 0 0.999996245 0.00272764266
vn 0 0.999999762 0.000678702956
vn 0 0.999999762 0.000678703014
vn 0 0.999996245 0.00272764266
vn 0 0.999996245 0.00272764266
vn 0 1 0
vn 0 1 0
vn 0 0.999999762 0.000678703014
vn 0 0.999999762 0.000678702956
vn 0 0.999996245 0.00272764266
vn 0 0.999996245 0.00272764266
vn 0 0.999980807 0.00618587481
vn 0 0.999980927 0.00618587481
vn 0 0.999980927 0.00618587481
vn 0 0.999980807 0.00618587481
vn 0 0.99993813 0.0111203603
vn 0 0.99993813 0.0111203603
vn 0 0.999980807 0.00618587481
vn 0 0.999980867 0.00618587527
vn 0 0.99993813 0.0111203603
vn 0 0.99993813 0.0111203603
vn 0 0.999996245 0.00272764266
vn 0 0.999996245 0.00272764266
vn 0 0.999980867 0.00618587527
vn 0 0.999980807 0.00618587481
vn 0 0.999996245 0.00272764266
vn 0 0.999996245 0.00272764266
vn 0 0.999980807 0.00618587388
vn 0 0.999980867 0.00618587527
vn 0 0.999980867 0.00618587527
vn 0 0.999980807 0.00618587388
vn 0 0.99993813 0.0111203594
vn 0 0.99993813 0.0111203603
vn 0 0.999980807 0.00618587388
vn 0 0.999980867 0.00618587527
vn 0 0.99993819 0.0111203613
vn 0 0.99993813 0.0111203594
vn 0 0.999996245 0.00272764266
vn 0 0.999996245 0.00272764289
vn 0 0.999980867 0.00618587527
vn 0 0.999980807 0.00618587388
vn 0 1 0
vn 0 1 0
vn 0 0.999999762 0.000678702956
vn 0 0.999999762 0.000678703014
vn 0 0.999999762 0.000678703014
vn 0 0.999999762 0.000678702956
vn 0 0.999996245 0.00272764266
vn 0 0.999996245 0.00272764266
vn 0 0.999999762 0.000678702956
vn 0 0.999999762 0.000678702956
vn 0 0.999996245 0.00272764289
vn 0 0.999996245 0.00272764266
vn 0 1 0
vn 0 1 0
vn 0 0.999999762 0.000678702956
vn 0 0.999999762 0.000678702956
vn 0 1 -0
vn 0 1 0
vn 0 1 0
vn 0 1 0
vn 0 1 0
vn 0 1 0
vn 0 1 0
vn 0 1 0
vn 0 1 0
vn 0 1 0
vn 0 1 0
vn 0 1 0
vn 0 1 0
vn 0 1 0
vn 0 1 0
vn 0 1 0
vn 0 1 0
vn 0 1 0
vn 0 1 0
vn 0 1 0
vn 0 1 0
vn 0 1 0
vn 0 1 0
vn 0 1 0
vn 0 1 0
vn 0 1 0
vn 0 1 0
vn 0 1 0
vn 0 1 0
vn 0 1 0
vn 0 1 0
vn 0 1 0
vn 0 1 0
vn 0 1 0
vn 0 1 0
vn 0 1 0
vn 0 1 0
vn 0 1 0
vn 0 1 0
vn 0 1 0
vn 0 1 0
vn 0 1 0
vn 0 1 0
vn 0 1 0
vn 0 1 0
vn 0 1 0
vn 0 1 0
vn 0 1 0
vn 0 1 0
vn 0 1 0
vn 0 1 0
vn 0 1 0
vn 0 1 0
vn 0 1 0
vn 0 1 0
vn 0 1 0
vn 0 1 0
vn 0 1 0
vn 0 1 0
vn 0 1 0
vn 0 1 0
vn 0 1 0
vn 0 1 0
vn 0 1 0
vn 0 1 0
vn 0 1 0
vn 0 1 0
vn 0 1 0
vn 0 1 0
vn 0 1 0
vn 0 1 0
vn 0 1 0
vn 0 1 0
vn 0 1 0
vn 0 1 0
vn 0 1 0
vn 0 1 0
vn 0 1 0
vn 0 1 0
vn 0 1 0
vn 0 1 0
vn 0 1 0
vn 0 1 0
vn 0 1 0
vn 0 1 0
vn 0 1 0
vn 0 1 0
vn 0 1 0
vn 0 1 0
vn 0 1 0
vn 0 1 0
vn 0 1 0
vn 0 1 0
vn 0 1 0
vn 0 1 0
vn 0 1 0
vn 0 1 0
vn 0 1 0
vn 0 1 0
vn 0 1 0
vn 0 1 0
vn 0 1 0
vn 0 1 0
vn 0 1 0
vn 0 1 0
vn 0 1 0
vn 0 1 0
vn 0 1 0
vn 0 1 0
vn 0 1 0
vn 0 1 0
vn 0 1 0
vn 0 1 0
vn 0 1 0
vn 0 1 0
vn 0 1 0
vn 0 1 0
vn 0 1 0
vn 0 1 0
vn 0 1 0
vn 0 1 0
vn 0 1 0
vn 0 1 0
vn 0 1 0
vn 0 1 0
vn 0 1 0
vn 0 1 0
vn 0 1 0
vn 0 1 0
vn 0 1 0
vn 0 1 0
vn 0 1 0
vn 0 1 0
vn 0 1 0
vn 0 1 0
vn 0 1 0
vn 0 1 0
vn 0 1 0
vn 0 1 0
vn 0 1 0
vn 0 1 0
vn 0 1 0
vn 0 1 0
vn 0 1 0
vn 0 1 0
vn 0 1 0
vn 0 1 0
vn 0 1 0
vn 0 1 0
vn 0 1 0
vn 0 1 0
vn 0 1 0
vn 0 1 0
vn 0 1 0
vn 0 1 0
vn 0 1 0
vn 0 1 0
vn 0 1 0
vn 0 1 0
vn 0 1 0
vn 0 1 0
vn 0 1 0
vn 0 1 0
vn 0 1 0
vn 0 1 0
vn 0 1 0
vn 0 1 0
vn 0 1 0
vn 0 1 0
vn 0 1 0
vn 0 1 0
vn 0 1 0
vn 0 1 0
vn 0 1 0
vn 0 1 0
vn 0 1 0
vn 0 1 0
vn 0 1 0
vn 0 1 0
vn 0 1 0
vn 0 1 0
vn 0 1 0
vn 0 1 0
vn 0 1 0
vn 0 1 0
vn 0 1 0
vn 0 1 0
vn 0 1 0
vn 0 1 0
vn 0 1 0
vn 0 1 0
vn 0 1 0
vn 0 1 0
vn 0 1 0
vn 0 1 0
vn 0 1 0
vn 0 1 0
vn 0 1 0
vn 0 1 0
vn 0 1 0
vn 0 1 0
vn 0 1 0
vn 0 1 0
vn 0 1 0
vn 0 1 0
vn 0 1 0
vn 0 1 0
vn 0 1 0
vn 0 1 0
vn 0 1 0
vn 0 1 0
vn 0 1 0
vn 0 1 0
vn 0 1 0
vn 0 1 0
vn 0 1 0
vn 0 1 0
vn 0 1 0
vn 0 1 0
vn 0 1 0
vn 0 1 0
vn 0 1 0
vn 0 1 0
vn 0 1 0
vn 0 1 0
vn 0 1 0
vn 0 1 0
vn 0 1 0
vn 0 1 0
vn 0 1 0
vn 0 1 0
vn 0 1 0
vn 0 1 0
vn 0 1 0
vn 0 1 0
vn 0 1 0
vn 0 1 0
vn 0 1 0
vn 0 1 0
vn 0 1 0
vn 0 1 0
vn 0 1 0
vn 0 1 0
vn 0 1 0
vn 0 1 0
vn 0 1 0
vn 0 1 0
vn 0 1 0
vn 0 1 0
vn 0 1 0
vn 0 1 0
vn 0 1 0
vn 0 1 0
vn 0 1 0
vn 0 1 0
vn 0 1 0
vn 0 1 0
vn 0 1 0
vn 0 1 0
vn 0 1 0
vn 0 1 0
vn 0 1 0
vn 0 1 0
vn 0 1 0
vn 0 1 0
vn 0 1 0
vn 0 1 0
vn 0 1 0
vn 0 1 0
vn 0 1 0
vn 0 1 0
vn 0 1 0
vn 0 1 0
vn 0 1 0
vn 0 1 0
vn 0 1 0
vn 0 1 0
vn 0 1 0
vn 0 1 0
vn 0 1 0
vn 0 1 0
vn 0 1 0
vn 0 1 0
vn 0 1 0
vn 0 1 0
vn 0 1 0
vn 0 1 0
vn 0 1 0
vn 0 1 0
vn 0 1 0
vn 0 1 0
vn 0 1 0
vn 0 1 0
vn 0 1 0
vn 0 1 0
vn 0 1 0
vn 0 1 0
vn 0 1 0
vn 0 1 0
vn 0 1 0
vn 0 1 0
vn 0 1 0
vn 0 1 0
vn 0 1 0
vn 0 1 0
vn 0 1 0
vn 0 1 0
vn 0 1 0
vn 0 1 0
vn 0 1 0
vn 0 1 0
vn 0 1 0
vn 0 1 0
vn 0 1 0
vn 0 1 0
vn 0 1 0
vn 0 1 0
vn 0 1 0
vn 0 1 0
vn 0 1 0
vn 0 1 0
vn 0 1 0
vn 0 1 0
vn 0 1 0
vn 0 1 0
vn 0 1 0
vn 0 1 0
vn 0 1 0
vn 0 1 0
vn 0 1 0
vn 0 1 0
vn 0 1 0
vn 0 1 0
vn 0 1 0
vn 0 1 0
vn 0 1 0
vn 0 1 0
vn 0 1 0
vn 0 1 0
vn 0 1 0
vn 0 1 0
vn 0 1 0
vn 0 1 0
vn 0 1 0
vn 0 1 0
vn 0 1 0
vn 0 1 0
vn 0 1 0
vn 0 1 0
vn 0 1 0
vn 0 1 0
vn 0 1 0
vn 0 1 0
vn 0 1 0
vn 0 1 0
vn 0 1 0
vn 0 1 0
vn 0 1 0
vn 0 1 0
vn 0 1 0
vn 0 1 0
vn 0 1 0
vn 0 1 0
vn 0 1 0
vn 0 1 0
vn 0 1 0
vn 0 1 0
vn 0 1 0
vn 0 1 0
vn 0 1 0
vn 0 1 0
vn 0 1 0
vn 0 1 0
vn 0 1 0
vn 0 1 0
vn 0 1 0
vn 0 1 0
vn 0 1 0
vn 0 1 0
vn 0 1 0
vn 0 1 0
vn 0 1 0
vn 0 1 0
vn 0 1 0
vn 0 1 0
vn 0 1 0
vn 0 1 0
vn 0 1 0
vn 0 1 0
vn 0 1 0
vn 0 1 0
vn 0 1 0
vn 0 1 0
vn 0 1 0
vn 0 1 0
vn 0 1 0
vn 0 1 0
vn 0 1 0
vn 0 1 0
vn 0 1 0
vn 0 1 0
vn 0 1 0
vn 0 1 0
vn 0 1 0
vn 0 1 0
vn 0 1 0
vn 0 1 0
vn 0 1 0
vn 0 1 0
vn 0 1 0
vn 0 1 0
vn 0 1 0
vn 0 1 0
vn 0 1 0
vn 0 1 0
vn 0 1 0
vn 0 1 0
vn 0 1 0
vn 0 1 0
vn 0 1 0
vn 0 1 0
vn 0 1 0
vn 0 1 0
vn 0 1 0
vn 0 1 0
vn 0 1 0
vn 0 1 0
vn 0 1 0
vn 0 1 0
vn 0 1 0
vn 0 1 0
vn 0 1 0
vn 0 1 0
vn 0 1 0
vn 0 1 0
vn 0 1 0
vn 0 1 0
vn 0 1 0
vn 0 1 0
vn 0 1 0
vn 0 1 0
vn 0 1 0
vn 0 1 0
vn 0 1 0
vn 0 1 0
vn 0 1 0
vn 0 1 0
vn 0 1 0
vn 0 1 0
vn 0 1 0
vn 0 1 0
vn 0 1 0
vn 0 1 0
vn 0 1 0
vn 0 1 0
vn 0 1 0
vn 0 1 0
vn 0 1 0
vn 0 1 0
vn 0 1 0
vn 0 1 0
vn 0 1 0
vn 0 1 0
vn 0 1 0
vn 0 1 0
vn 0 1 0
vn 0 1 0
vn 0 1 0
vn 0 1 0
vn 0 1 0
vn 0 1 0
vn 0 1 0
vn 0 1 0
vn 0 1 0
vn 0 1 0
vn 0 1 0
vn 0 1 0
vn 0 1 0
vn 0 1 0
vn 0 1 0
vn 0 1 0
vn 0 1 0
vn 0 1 0
vn 0 1 0
vn 0 1 0
vn 0 1 0
vn 0 1 0
vn 0 1 0
vn 0 1 0
vn 0 1 0
vn 0 1 0
vn 0 1 0
vn 0 1 0
vn 0 1 0
vn 0 1 0
vn 0 1 0
vn 0 1 0
vn 0 1 0
vn 0 1 0
vn 0 1 0
vn 0 1 0
vn 0 1 0
vn 0 1 0
vn 0 1 0
vn 0 1 0
vn 0 1 0
vn 0 1 0
vn 0 1 0
vn 0 1 0
vn 0 1 0
vn 0 1 0
vn 0 1 0
vn 0 1 0
vn 0 1 0
vn 0 1 0
vn 0 1 0
vn 0 1 0
vn 0 1 0
vn 0 1 0
vn 0 1 0
vn 0 1 0
vn 0 1 0
vn 0 1 0
vn 0 1 0
vn 0 1 0
vn 0 1 0
vn 0 1 0
vn 0 1 0
vn 0 1 0
vn 0 1 0
vn 0 1 0
vn 0 1 0
vn 0 1 0
vn 0 1 0
vn 0 1 0
vn 0 1 0
vn 0 1 0
vn 0 1 0
vn 0 1 0
vn 0 1 0
vn 0 1 0
vn 0 1 0
vn 0 1 0
vn 0 1 0
vn 0 1 0
vn 0 1 0
vn 0 1 0
vn 0 1 0
vn 0 1 0
vn 0 1 0
vn 0 1 0
vn 0 1 0
vn 0 1 0
vn 0 1 0
vn 0 1 0
vn 0 1 0
vn 0 1 0
vn 0 1 0
vn 0 1 0
vn 0 1 0
vn 0 1 0
vn 0 1 0
vn 0 1 0
vn 0 1 0
vn 0 1 0
vn 0 1 0
vn 0 1 0
vn 0 1 0
vn 0 1 0
vn 0 1 0
vn 0 1 0
vn 0 1 0
vn 0 1 0
vn 0 1 0
vn 0 1 0
vn 0 1 0
vn 0 1 0
vn 0 1 0
vn 0 1 0
vn 0 1 0
vn 0 1 0
vn 0 1 0
vn 0 1 0
vn 0 1 0
vn 0 1 0
vn 0 1 0
vn 0 1 0
vn 0 1 0
vn 0 1 0
vn 0 1 0
vn 0 1 0
vn 0 1 0
vn 0 1 0
vn 0 1 0
vn 0 1 0
vn 0 1 0
vn 0 1 0
vn 0 1 0
vn 0 1 0
vn 0 1 0
vn 0 1 0
vn 0 1 0
vn 0 1 0
vn 0 1 0
vn 0 1 0
vn 0 1 0
vn 0 1 0
vn 0 1 0
vn 0 1 0
vn 0 1 0
vn 0 1 0
vn 0 1 0
vn 0 1 0
vn 0 1 0
vn 0 1 0
vn 0 1 0
vn 0 1 0
vn 0 1 0
vn 0 1 0
vn 0 1 0
vn 0 1 0
vn 0 1 0
vn 0 1 0
vn 0 1 0
vn 0 1 0
vn 0 1 0
vn 0 1 0
vn 0 1 0
vn 0 1 0
vn 0 1 0
vn 0 1 0
vn 0 1 0
vn 0 1 0
vn 0 1 0
vn 0 1 0
vn 0 1 0
vn 0 1 0
vn 0 1 0
vn 0 1 0
vn 0 1 0
vn 0 1 0
vn 0 1 0
vn 0 1 0
vn 0 1 0
vn 0 1 0
vn 0 1 0
vn 0 1 0
vn 0 1 0
vn 0 1 0
vn 0 1 0
vn 0 1 0
vn 0 1 0
vn 0 1 0
vn 0 1 0
vn 0 1 0
vn 0 1 0
vn 0 1 0
vn 0 1 0
vn 0 1 0
vn 0 1 0
vn 0 1 0
vn 0 1 0
vn 0 1 0
vn 0 1 0
vn 0 1 0
vn 0 1 0
vn 0 1 0
vn 0 1 0
vn 0 1 0
vn 0 1 0
vn 0 1 0
vn 0 1 0
vn 0 1 0
vn 0 1 0
vn 0 1 0
vn 0 1 0
vn 0 1 0
vn 0 1 0
vn 0 1 0
vn 0 1 0
vn 0 1 0
vn 0 1 0
vn 0 1 0
vn 0 1 0
vn 0 1 0
vn 0 1 0
vn 0 1 0
vn 0 1 0
vn 0 1 0
vn 0 1 0
vn 0 1 0
vn 0 1 0
vn 0 1 0
vn 0 1 0
vn 0 1 0
vn 0 1 0
vn 0 1 0
vn 0 1 0
vn 0 1 0
vn 0 1 0
vn 0 1 0
vn 0 1 0
vn 0 1 0
vn 0 1 0
vn 0 1 0
vn 0 1 0
vn 0 1 0
vn 0 1 0
vn 0 1 0
vn 0 1 0
vn 0 1 0
vn 0 1 0
vn 0 1 0
vn 0 1 0
vn 0 1 0
vn 0 1 0
vn 0 1 0
vn 0 1 0
vn 0 1 0
vn 0 1 0
vn 0 1 0
vn 0 1 0
vn 0 1 0
vn 0 1 0
vn 0 1 0
vn 0 1 0
vn 0 1 0
vn 0 1 0
vn 0 1 0
vn 0 1 0
vn 0 1 0
vn 0 1 0
vn 0 1 0
vn 0 1 0
vn 0 1 0
vn 0 1 0
vn 0 1 0
vn 0 1 0
vn 0 1 0
vn 0 1 0
vn 0 1 0
vn 0 1 0
vn 0 1 0
vn 0 1 0
vn 0 1 0
vn 0 1 0
vn 0 1 0
vn 0 1 0
vn 0 1 0
vn 0 1 0
vn 0 1 0
vn 0 1 0
vn 0 1 0
vn 0 1 0
vn 0 1 0
vn 0 1 0
vn 0 1 0
vn 0 1 0
vn 0 1 0
vn 0 1 0
vn 0 1 0
vn 0 1 0
vn 0 1 0
vn 0 1 0
vn 0 1 0
vn 0 1 0
vn 0 1 0
vn 0 1 0
vn 0 1 0
vn 0 1 0
vn 0 1 0
vn 0 1 0
vn 0 1 0
vn 0 1 0
vn 0 1 0
vn 0 1 0
vn 0 1 0
vn 0 1 0
vn 0 1 0
vn 0 1 0
vn 0 1 0
vn 0 1 0
vn 0 1 0
vn 0 1 0
vn 0 1 0
vn 0 1 0
vn 0 1 0
vn 0 1 0
vn 0 1 0
vn 0 1 0
vn 0 1 0
vn 0 1 0
vn 0 1 0
vn 0 1 0
vn 0 1 0
vn 0 1 0
vn 0 1 0
vn 0 1 0
vn 0 1 0
vn 0 1 0
vn 0 1 0
vn 0 1 0
vn 0 1 0
vn 0 1 0
vn 0 1 0
vn 0 1 0
vn 0 1 0
vn 0 1 0
vn 0 1 0
vn 0 1 0
vn 0 1 0
vn 0 1 0
vn 0 1 0
vn 0 1 0
vn 0 1 0
vn 0 1 0
vn 0 1 0
vn 0 1 0
vn 0 1 0
vn 0 1 0
vn 0 1 0
vn 0 1 0
vn 0 1 0
vn 0 1 0
vn 0 1 0
vn 0 1 0
vn 0 1 0
vn 0 1 0
vn 0 1 0
vn 0 1 0
vn 0 1 0
vn 0 1 0
vn 0 1 0
vn 0 1 0
vn 0 1 0
vn 0 1 0
vn 0 1 0
vn 0 1 0
vn 0 1 0
vn 0 1 0
vn 0 1 0
vn 0 1 0
vn 0 1 0
vn 0 1 0
vn 0 1 0
vn 0 1 0
vn 0 1 0
vn 0 1 0
vn 0 1 0
vn 0 1 0
vn 0 1 0
vn 0 1 0
vn 0 1 0
vn 0 1 0
vn 0 1 0
vn 0 1 0
vn 0 1 0
vn 0 1 0
vn 0 1 0
vn 0 1 0
vn 0 1 0
vn 0 1 0
vn 0 1 0
vn 0 1 0
vn 0 1 0
vn 0 1 0
vn 0 1 0
vn 0 1 0
vn 0 1 0
vn 0 1 0
vn 0 1 0
vn 0 1 0
vn 0 1 0
vn 0 1 0
vn 0 1 0
vn 0 1 0
vn 0 1 0
vn 0 1 0
vn 0 1 0
vn 0 1 0
vn 0 1 0
vn 0 1 0
vn 0 1 0
vn 0 1 0
vn 0 1 0
vn 0 1 0
vn 0 1 0
vn 0 1 0
vn 0 1 0
vn 0 1 0
vn 0 1 0
vn 0 1 0
vn 0 1 0
vn 0 1 0
vn 0 1 0
vn 0 1 0
vn 0 1 0
vn 0 1 0
vn 0 1 0
vn 0 1 0
vn 0 1 0
vn 0 1 0
vn 0 1 0
vn 0 1 0
vn 0 1 0
vn 0 1 0
vn 0 1 0
vn 0 1 0
vn 0 1 0
vn 0 1 0
vn 0 1 0
vn 0 1 0
vn 0 1 0
vn 0 1 0
vn 0 1 0
vn 0 1 0
vn 0 1 0
vn 0 1 0
vn 0 1 0
vn 0 1 0
vn 0 1 0
vn 0 1 0
vn 0 1 0
vn 0 1 0
vn 0 1 0
vn 0 1 0
vn 0 1 0
vn 0 1 0
vn 0 1 0
vn 0 1 0
vn 0 1 0
vn 0 1 0
vn 0 1 0
vn 0 1 0
vn 0 1 0
vn 0 1 0
vn 0 1 0
vn 0 1 0
vn 0 1 0
vn 0 1 0
vn 0 1 0
vn 0 1 0
vn 0 1 0
vn 0 1 0
vn 0 1 0
vn 0 1 0
vn 0 1 0
vn 0 1 0
vn 0 1 0
vn 0 1 0
vn 0 1 0
vn 0 1 0
vn 0 1 0
vn 0 1 0
vn 0 1 0
vn 0 1 0
vn 0 1 0
vn 0 1 0
vn 0 1 0
vn 0 1 0
vn 0 1 0
vn 0 1 0
vn 0 1 0
vn 0 1 0
vn 0 1 0
vn 0 1 0
vn 0 1 0
vn 0 1 0
vn 0 1 0
vn 0 1 0
vn 0 1 0
vn 0 1 0
vn 0 1 0
vn 0 1 0
vn 0 1 0
vn 0 1 0
vn 0 1 0
vn 0 1 0
vn 0 1 0
vn 0 1 0
vn 0 1 0
vn 0 1 0
vn 0 1 0
vn 0 1 0
vn 0 1 0
vn 0 1 0
vn 0 1 0
vn 0 1 0
vn 0 1 0
vn 0 1 0
vn 0 1 0
vn 0 1 0
vn 0 1 0
vn 0 1 0
vn 0 1 0
vn 0 1 0
vn 0 1 0
vn 0 1 0
vn 0 1 0
vn 0 1 0
vn 0 1 0
vn 0 1 0
vn 0 1 0
vn 0 1 0
vn 0 1 0
vn 0 1 0
vn 0 1 0
vn 0 1 0
vn 0 1 0
vn 0 1 -0
vn 0 1 0
vn 0 1 0
vn 0 1 0
vn 0 1 0
vn 0 1 0
vn 0 1 0
vn 0 1 0
vn 0 1 0
vn 0 1 0
vn 0 1 0
vn 0 1 -0
vn 0 1 0
vn 0 1 0
vn 0 1 0
vn 0 1 0
vn 0 1 0
vn 0 1 0
vn 0 1 0
vn 0 1 0
vn 0 1 0
vn 0 1 0
vn 0 1 0
vn 0 1 0
vn 0 1 0
vn 0 1 0
vn 0 1 0
vn 0 1 0
vn 0 1 0
vn 0 1 0
vn 0 1 0
vn 0 1 0
vn 0 1 0
vn 0 1 0
vn 0 1 0
vn 0 1 0
vn 0 1 0
vn 0 1 0
vn 0 1 0
vn 0 1 0
vn 0 1 0
vn 0 1 0
vn 0 1 0
vn 0 1 0
vn 0 1 0
vn 0 1 0
vn 0 1 0
vn 0 1 0
vn 0 1 0
vn 0 1 0
vn 0 1 0
vn 0 1 0
vn 0 1 0
vn 0 1 0
vn 0 1 0
vn 0 1 0
vn 0 1 0
vn 0 1 0
vn 0 1 0
vn 0 1 0
vn 0 1 0
vn 0 1 0
vn 0 1 0
vn 0 1 0
vn 0 1 0
vn 0 1 0
vn 0 1 0
vn 0 1 0
vn 0 1 0
vn 0 1 0
vn 0 1 0
vn 0 1 0
vn 0 1 0
vn 0 1 0
vn 0 1 0
vn 0 1 0
vn 0 1 0
vn 0 1 0
vn 0 1 0
vn 0 1 0
vn 0 1 0
vn 0 1 0
vn 0 1 0
vn 0 1 0
vn 0 1 0
vn 0 1 0
vn 0 1 0
vn 0 1 0
vn 0 1 0
vn 0 1 0
vn 0 1 0
vn 0 1 0
vn 0 1 0
vn 0 1 0
vn 0 1 0
vn 0 1 0
vn 0 1 0
vn 0 1 0
vn 0 1 0
vn 0 1 0
vn 0 1 0
vn 0 1 0
vn 0 1 0
vn 0 1 0
vn 0 1 0
vn 0 1 0
vn 0 1 0
vn 0 1 0
vn 0 1 0
vn 0 1 0
vn 0 1 0
vn 0 1 0
vn 0 1 0
vn 0 1 0
vn 0 1 0
vn 0 1 0
vn 0 1 0
vn 0 1 0
vn 0 1 0
vn 0 1 0
vn 0 1 0
vn 0 1 0
vn 0 1 0
vn 0 1 0
vn 0 1 0
vn 0 1 0
vn 0 1 0
vn 0 1 0
vn 0 1 0
vn 0 1 0
vn 0 1 0
vn 0 1 0
vn 0 1 0
vn 0 1 0
vn 0 1 0
vn 0 1 0
vn 0 1 0
vn 0 1 0
vn 0 1 0
vn 0 1 0
vn 0 1 0
vn 0 1 0
vn 0 1 0
vn 0 1 0
vn 0 1 0
vn 0 1 0
vn 0 1 0
vn 0 1 0
vn 0 1 0
vn 0 1 0
vn 0 1 0
vn 0 1 0
vn 0 1 0
vn 0 1 0
vn 0 1 0
vn 0 1 0
vn 0 1 0
vn 0 1 0
vn 0 1 0
vn 0 1 0
vn 0 1 0
vn 0 1 0
vn 0 1 0
vn 0 1 0
vn 0 1 0
vn 0 1 0
vn 0 1 0
vn 0 1 0
vn 0 1 0
vn 0 1 0
vn 0 1 0
vn 0 1 0
vn 0 1 0
vn 0 1 0
vn 0 1 0
vn 0 1 0
vn 0 1 0
vn 0 1 0
vn 0 1 0
vn 0 1 0
vn 0 1 0
vn 0 1 0
vn 0 1 0
vn 0 1 0
vn 0 1 0
vn 0 1 0
vn 0 1 0
vn 0 1 0
vn 0 1 0
vn 0 1 0
vn 0 1 0
vn 0 1 0
vn 0 1 0
vn 0 1 0
vn 0 1 0
vn 0 1 0
vn 0 1 0
vn 0 1 0
vn 0 1 0
vn 0 1 0
vn 0 1 0
vn 0 1 0
vn 0 1 0
vn 0 1 0
vn 0 1 0
vn 0 1 0
vn 0 1 0
vn 0 1 0
vn 0 1 0
vn 0 1 0
vn 0 1 0
vn 0 1 0
vn 0 1 0
vn 0 1 0
vn 0 1 0
vn 0 1 0
vn 0 1 0
vn 0 1 0
vn 0 1 0
vn 0 1 0
vn 0 1 0
vn 0 1 0
vn 0 1 0
vn 0 1 0
vn 0 1 0
vn 0 1 0
vn 0 1 0
vn 0 1 0
vn 0 1 0
vn 0 1 0
vn 0 1 0
vn 0 1 0
vn 0 1 0
vn 0 1 0
vn 0 1 0
vn 0 1 0
vn 0 1 0
vn 0 1 0
vn 0 1 0
vn 0 1 0
vn 0 1 0
vn 0 1 0
vn 0 1 0
vn 0 1 0
vn 0 1 0
vn 0 1 0
vn 0 1 0
vn 0 1 0
vn 0 1 0
vn 0 1 0
vn 0 1 0
vn 0 1 0
vn 0 1 0
vn 0 1 0
vn 0 1 0
vn 0 1 0
vn 0 1 0
vn 0 1 0
vn 0 1 0
vn 0 1 0
vn 0 1 0
vn 0 1 0
vn 0 1 0
vn 0 1 0
vn 0 1 0
vn 0 1 0
vn 0 1 0
vn 0 1 0
vn 0 1 0
vn 0 1 0
vn 0 1 0
vn 0 1 0
vn 0 1 0
vn 0 1 0
vn 0 1 0
vn 0 1 0
vn 0 1 0
vn 0 1 0
vn 0 1 0
vn 0 1 0
vn 0 1 0
vn 0 1 0
vn 0 1 0
vn 0 1 0
vn 0 1 0
vn 0 1 0
vn 0 1 0
vn 0 1 0
vn 0 1 0
vn 0 1 0
vn 0 1 0
vn 0 1 0
vn 0 1 0
vn 0 1 0
vn 0 1 0
vn 0 1 0
vn 0 1 0
vn 0 1 0
vn 0 1 0
vn 0 1 0
vn 0 1 0
vn 0 1 0
vn 0 1 0
vn 0 1 0
vn 0 1 0
vn 0 1 0
vn 0 1 0
vn 0 1 0
vn 0 1 0
vn 0 1 0
vn 0 1 0
vn 0 1 0
vn 0 1 0
vn 0 1 0
vn 0 1 0
vn 0 1 0
vn 0 1 0
vn 0 1 0
vn 0 1 0
vn 0 1 0
vn 0 1 0
vn 0 1 0
vn 0 1 0
vn 0 1 0
vn 0 1 0
vn 0 1 0
vn 0 1 0
vn 0 1 0
vn 0 1 0
vn 0 1 0
vn 0 1 0
vn 0 1 0
vn 0 1 0
vn 0 1 0
vn 0 1 0
vn 0 1 0
vn 0 1 0
vn 0 1 0
vn 0 1 0
vn 0 1 0
vn 0 1 0
vn 0 1 0
vn 0 1 0
vn 0 1 0
vn 0 1 0
vn 0 1 0
vn 0 1 0
vn 0 1 0
vn 0 1 0
vn 0 1 0
vn 0 1 0
vn 0 1 0
vn 0 1 0
vn 0 1 0
vn 0 1 0
vn 0 1 0
vn 0 1 0
vn 0 1 0
vn 0 1 0
vn 0 1 0
vn 0 1 0
vn 0 1 0
vn 0 1 0
vn 0 1 0
vn 0 1 0
vn 0 1 0
vn 0 1 0
vn 0 1 0
vn 0 1 0
vn 0 1 0
vn 0 1 0
vn 0 1 0
vn 0 1 0
vn 0 1 0
vn 0 1 0
vn 0 1 0
vn 0 1 0
vn 0 1 0
vn 0 1 0
vn 0 1 0
vn 0 1 0
vn 0 1 0
vn 0 1 0
vn 0 1 0
vn 0 1 0
vn 0 1 0
vn 0 1 0
vn 0 1 0
vn 0 1 0
vn 0 1 0
vn 0 1 0
vn 0 1 0
vn 0 1 0
vn 0 1 0
vn 0 1 0
vn 0 1 0
vn 0 1 0
vn 0 1 0
vn 0 1 0
vn 0 1 0
vn 0 1 0
vn 0 1 0
vn 0 1 0
vn 0 1 0
vn 0 1 0
vn 0 1 0
vn 0 1 0
vn 0 1 0
vn 0 1 0
vn 0 1 0
vn 0 1 0
vn 0 1 0
vn 0 1 0
vn 0 1 0
vn 0 1 0
vn 0 1 0
vn 0 1 0
vn 0 1 0
vn 0 1 0
vn 0 1 0
vn 0 1 0
vn 0 1 0
vn 0 1 0
vn 0 1 0
vn 0 1 0
vn 0 1 0
vn 0 1 0
vn 0 1 0
vn 0 1 0
vn 0 1 0
vn 0 1 0
vn 0 1 0
vn 0 1 0
vn 0 1 0
vn 0 1 0
vn 0 1 0
vn 0 1 0
vn 0 1 0
vn 0 1 0
vn 0 1 0
vn 0 1 0
vn 0 1 0
vn 0 1 0
vn 0 1 0
vn 0 1 0
vn 0 1 0
vn 0 1 0
vn 0 1 0
vn 0 1 0
vn 0 1 0
vn 0 1 0
vn 0 1 0
vn 0 1 0
vn 0 1 0
vn 0 1 0
vn 0 1 0
vn 0 1 0
vn 0 1 0
vn 0 1 0
vn 0 1 0
vn 0 1 0
vn 0 1 0
vn 0 1 0
vn 0 1 0
vn 0 1 0
vn 0 1 0
vn 0 1 0
vn 0 1 0
vn 0 1 0
vn 0 1 0
vn 0 1 0
vn 0 1 0
vn 0 1 0
vn 0 1 0
vn 0 1 0
vn 0 1 0
vn 0 1 0
vn 0 1 0
vn 0 1 0
vn 0 1 0
vn 0 1 0
vn 0 1 0
vn 0 1 0
vn 0 1 0
vn 0 1 0
vn 0 1 0
vn 0 1 0
vn 0 1 0
vn 0 1 0
vn 0 1 0
vn 0 1 0
vn 0 1 0
vn 0 1 0
vn 0 1 0
vn 0 1 0
vn 0 1 0
vn 0 1 0
vn 0 1 0
vn 0 1 0
vn 0 1 0
vn 0 1 0
vn 0 1 0
vn 0 1 0
vn 0 1 0
vn 0 1 0
vn 0 1 0
vn 0 1 0
vn 0 1 0
vn 0 1 0
vn 0 1 0
vn 0 1 0
vn 0 1 0
vn 0 1 0
vn 0 1 0
vn 0 1 0
vn 0 1 0
vn 0 1 0
vn 0 1 0
vn 0 1 0
vn 0 1 0
vn 0 1 0
vn 0 1 0
vn 0 1 0
vn 0 1 0
vn 0 1 0
vn 0 1 0
vn 0 1 0
vn 0 1 0
vn 0 1 0
vn 0 1 0
vn 0 1 0
vn 0 1 0
vn 0 1 0
vn 0 1 0
vn 0 1 0
vn 0 1 0
vn 0 1 0
vn 0 1 0
vn 0 1 0
vn 0 1 0
vn 0 1 0
vn 0 1 0
vn 0 1 0
vn 0 1 0
vn 0 1 0
vn 0 1 0
vn 0 1 0
vn 0 1 0
vn 0 1 0
vn 0 1 0
vn 0 1 0
vn 0 1 0
vn 0 1 0
vn 0 1 0
vn 0 1 0
vn 0 1 0
vn 0 1 0
vn 0 1 0
vn 0 1 0
vn 0 1 0
vn 0 1 0
vn 0 1 0
vn 0 1 0
vn 0 1 0
vn 0 1 0
vn 0 1 0
vn 0 1 0
vn 0 1 0
vn 0 1 0
vn 0 1 0
vn 0 1 0
vn 0 1 0
vn 0 1 0
vn 0 1 0
vn 0 1 0
vn 0 1 0
vn 0 1 0
vn 0 1 0
vn 0 1 0
vn 0 1 0
vn 0 1 0
vn 0 1 0
vn 0 1 0
vn 0 1 0
vn 0 1 0
vn 0 1 0
vn 0 1 0
vn 0 1 0
vn 0 1 0
vn 0 1 0
vn 0 1 0
vn 0 1 0
vn 0 1 0
vn 0 1 0
vn 0 1 0
vn 0 1 0
vn 0 1 0
vn 0 1 0
vn 0 1 0
vn 0 1 0
vn 0 1 0
vn 0 1 0
vn 0 1 0
vn 0 1 0
vn 0 1 0
vn 0 1 0
vn 0 1 0
vn 0 1 0
vn 0 1 0
vn 0 1 0
vn 0 1 0
vn 0 1 0
vn 0 1 0
vn 0 1 0
vn 0 1 0
vn 0 1 0
vn 0 1 0
vn 0 1 0
vn 0 1 0
vn 0 1 0
vn 0 1 0
vn 0 1 0
vn 0 1 0
vn 0 1 0
vn 0 1 0
vn 0 1 0
vn 0 1 0
vn 0 1 0
vn 0 1 0
vn 0 1 0
vn 0 1 0
vn 0 1 0
vn 0 1 0
vn 0 1 0
vn 0 1 0
vn 0 1 0
vn 0 1 0
vn 0 1 0
vn 0 1 0
vn 0 1 0
vn 0 1 0
vn 0 1 0
vn 0 1 0
vn 0 1 0
vn 0 1 0
vn 0 1 0
vn 0 1 0
vn 0 1 0
vn 0 1 0
vn 0 1 0
vn 0 1 0
vn 0 1 0
vn 0 1 0
vn 0 1 0
vn 0 1 0
vn 0 1 0
vn 0 1 0
vn 0 1 0
vn 0 1 0
vn 0 1 0
vn 0 1 0
vn 0 1 0
vn 0 1 0
vn 0 1 0
vn 0 1 0
vn 0 1 0
vn 0 1 0
vn 0 1 0
vn 0 1 0
vn 0 1 0
vn 0 1 0
vn 0 1 0
vn 0 1 0
vn 0 1 0
vn 0 1 0
vn 0 1 0
vn 0 1 0
vn 0 1 0
vn 0 1 0
vn 0 1 0
vn 0 1 0
vn 0 1 0
vn 0 1 0
vn 0 1 0
vn 0 1 0
vn 0 1 0
vn 0 1 0
vn 0 1 0
vn 0 1 0
vn 0 1 0
vn 0 1 0
vn 0 1 0
vn 0 1 0
vn 0 1 0
vn 0 1 0
vn 0 1 0
vn 0 1 0
vn 0 1 0
vn 0 1 0
vn 0 1 0
vn 0 1 0
vn 0 1 0
vn 0 1 0
vn 0 1 0
vn 0 1 0
vn 0 1 0
vn 0 1 0
vn 0 1 0
vn 0 1 0
vn 0 1 0
vn 0 1 0
vn 0 1 0
vn 0 1 0
vn 0 1 0
vn 0 1 0
vn 0 1 0
vn 0 1 0
vn 0 1 0
vn 0 1 0
vn 0 1 0
vn 0 1 0
vn 0 1 0
vn 0 1 0
vn 0 1 0
vn 0 1 0
vn 0 1 0
vn 0 1 0
vn 0 1 0
vn 0 1 0
vn 0 1 0
vn 0 1 0
vn 0 1 0
vn 0 1 0
vn 0 1 0
vn 0 1 0
vn 0 1 0
vn 0 1 0
vn 0 1 0
vn 0 1 0
vn 0 1 0
vn 0 1 0
vn 0 1 0
vn 0 1 0
vn 0 1 0
vn 0 1 0
vn 0 1 0
vn 0 1 0
vn 0 1 0
vn 0 1 0
vn 0 1 0
vn 0 1 0
vn 0 1 0
vn 0 1 0
vn 0 1 0
vn 0 1 0
vn 0 1 0
vn 0 1 0
vn 0 1 0
vn 0 1 0
vn 0 1 0
vn 0 1 0
vn 0 1 0
vn 0 1 0
vn 0 1 0
vn 0 1 0
vn 0 1 0
vn 0 1 0
vn 0 1 0
vn 0 1 0
vn 0 1 0
vn 0 1 0
vn 0 1 0
vn 0 1 0
vn 0 1 0
vn 0 1 0
vn 0 1 0
vn 0 1 0
vn 0 1 0
vn 0 1 0
vn 0 1 0
vn 0 1 0
vn 0 1 0
vn 0 1 0
vn 0 1 0
vn 0 1 0
vn 0 1 0
vn 0 1 0
vn 0 1 0
vn 0 1 0
vn 0 1 0
vn 0 1 0
vn 0 1 0
vn 0 1 0
vn 0 1 0
vn 0 1 0
vn 0 1 0
vn 0 1 0
vn 0 1 0
vn 0 1 0
vn 0 1 0
vn 0 1 0
vn 0 1 0
vn 0 1 0
vn 0 1 0
vn 0 1 0
vn 0 1 0
vn 0 1 0
vn 0 1 0
vn 0 1 0
vn 0 1 0
vn 0 1 0
vn 0 1 0
vn 0 1 0
vn 0 1 0
vn 0 1 0
vn 0 1 0
vn 0 1 0
vn 0 1 0
vn 0 1 0
vn 0 1 0
vn 0 1 0
vn 0 1 0
vn 0 1 0
vn 0 1 0
vn 0 1 0
vn 0 1 0
vn 0 1 0
vn 0 1 0
vn 0 1 0
vn 0 1 0
vn 0 1 0
vn 0 1 0
vn 0 1 0
vn 0 1 0
vn 0 1 0
vn 0 1 0
vn 0 1 0
vn 0 1 0
vn 0 1 0
vn 0 1 0
vn 0 1 0
vn 0 1 0
vn 0 1 0
vn 0 1 0
vn 0 1 0
vn 0 1 0
vn 0 1 0
vn 0 1 0
vn 0 1 0
vn 0 1 0
vn 0 1 0
vn 0 1 0
vn 0 1 0
vn 0 1 0
vn 0 1 0
vn 0 1 0
vn 0 1 0
vn 0 1 0
vn 0 1 0
vn 0 1 0
vn 0 1 0
vn 0 1 0
vn 0 1 0
vn 0 1 0
vn 0 1 0
vn 0 1 0
vn 0 1 0
vn 0 1 0
vn 0 1 0
vn 0 1 0
vn 0 1 0
vn 0 1 0
vn 0 1 0
vn 0 1 0
vn 0 1 0
vn 0 1 0
vn 0 1 0
vn 0 1 0
vn 0 1 0
vn 0 1 0
vn 0 1 0
vn 0 1 0
vn 0 1 0
vn 0 1 0
vn 0 1 0
vn 0 1 0
vn 0 1 0
vn 0 1 0
vn 0 1 0
vn 0 1 0
vn 0 1 0
vn 0 1 0
vn 0 1 0
vn 0 1 0
vn 0 1 0
vn 0 1 0
vn 0 1 0
vn 0 1 0
vn 0 1 0
vn 0 1 0
vn 0 1 0
vn 0 1 0
vn 0 1 0
vn 0 1 0
vn 0 1 0
vn 0 1 0
vn 0 1 0
vn 0 1 0
vn 0 1 0
vn 0 1 0
vn 0 1 0
vn 0 1 0
vn 0 1 0
vn 0 1 0
vn 0 1 0
vn 0 1 0
vn 0 1 0
vn 0 1 0
vn 0 1 0
vn 0 1 0
vn 0 1 0
vn 0 1 0
vn 0 1 0
vn 0 1 0
vn 0 1 0
vn 0 1 0
vn 0 1 0
vn 0 1 0
vn 0 1 0
vn 0 1 0
vn 0 1 0
vn 0 1 0
vn 0 1 0
vn 0 1 0
vn 0 1 0
vn 0 1 0
vn 0 1 0
vn 0 1 0
vn 0 1 0
vn 0 1 0
vn 0 1 0
vn 0 1 0
vn 0 1 0
vn 0 1 0
vn 0 1 0
vn 0 1 0
vn 0 1 0
vn 0 1 0
vn 0 1 0
vn 0 1 0
vn 0 1 0
vn 0 1 0
vn 0 1 0
vn 0 1 0
vn 0 1 0
vn 0 1 0
vn 0 1 0
vn 0 1 0
vn 0 1 0
vn 0 1 0
vn 0 1 0
vn 0 1 0
vn 0 1 0
vn 0 1 0
vn 0 1 0
vn 0 1 0
vn 0 1 0
vn 0 1 0
vn 0 1 0
vn 0 1 0
vn 0 1 0
vn 0 1 0
vn 0 1 0
vn 0 1 0
vn 0 1 0
vn 0 1 0
vn 0 1 0
vn 0 1 0
vn 0 1 0
vn 0 1 0
vn 0 1 0
vn 0 1 0
vn 0 1 0
vn 0 1 0
vn 0 1 0
vn 0 1 0
vn 0 1 0
vn 0 1 0
vn 0 1 0
vn 0 1 0
vn 0 1 0
vn 0 1 0
vn 0 1 0
vn 0 1 0
vn 0 1 0
vn 0 1 0
vn 0 1 0
vn 0 1 0
vn 0 1 0
vn 0 1 0
vn 0 1 0
vn 0 1 0
vn 0 1 0
vn 0 1 0
vn 0 1 0
vn 0 1 0
vn 0 1 0
vn 0 1 0
vn 0 1 0
vn 0 1 0
vn 0 1 0
vn 0 1 0
vn 0 1 0
vn 0 1 0
vn 0 1 0
vn 0 1 0
vn 0 1 0
vn 0 1 0
vn 0 1 0
vn 0 1 0
vn 0 1 0
vn 0 1 0
vn 0 1 0
vn 0 1 0
vn 0 1 0
vn 0 1 0
vn 0 1 0
vn 0 1 0
vn 0 1 0
vn 0 1 0
vn 0 1 0
vn 0 1 0
vn 0 1 0
vn 0 1 0
vn 0 1 0
vn 0 1 0
vn 0 1 0
vn 0 1 0
vn 0 1 0
vn 0 1 0
vn 0 1 0
vn 0 0.999999762 0.000678702956
vn 0 0.999999762 0.000678702956
vn 0 0.999999762 0.000678702956
vn 0 0.999999762 0.000678702956
vn 0 0.999996245 0.00272764289
vn 0 0.999996245 0.00272764289
vn 0 0.999999762 0.000678702956
vn 0 0.999999762 0.000678703014
vn 0 0.999996245 0.00272764266
vn 0 0.999996245 0.00272764289
vn 0 1 0
vn 0 1 0
vn 0 0.999999762 0.000678703014
vn 0 0.999999762 0.000678702956
vn 0 0.999996245 0.00272764289
vn 0 0.999996245 0.00272764289
vn 0 0.999980807 0.00618587481
vn 0 0.999980867 0.00618587527
vn 0 0.999980867 0.00618587527
vn 0 0.999980807 0.00618587481
vn 0 0.99993819 0.0111203603
vn 0 0.99993819 0.0111203613
vn 0 0.999980807 0.00618587481
vn 0 0.999980867 0.00618587481
vn 0 0.99993813 0.0111203603
vn 0 0.99993819 0.0111203603
vn 0 0.999996245 0.00272764289
vn 0 0.999996245 0.00272764266
vn 0 0.999980867 0.00618587481
vn 0 0.999980807 0.00618587481
vn 0 0.999996245 0.00272764266
vn 0 0.999996245 0.00272764219
vn 0 0.999980807 0.00618587388
vn 0 0.999980867 0.00618587481
vn 0 0.999980867 0.00618587481
vn 0 0.999980807 0.00618587388
vn 0 0.99993819 0.0111203613
vn 0 0.99993813 0.0111203603
vn 0 0.999980807 0.00618587388
vn 0 0.999980867 0.00618587481
vn 0 0.99993813 0.0111203594
vn 0 0.99993819 0.0111203613
vn 0 0.999996245 0.00272764219
vn 0 0.999996245 0.00272764219
vn 0 0.999980867 0.00618587481
vn 0 0.999980807 0.00618587388
vn 0 1 0
vn 0 1 0
vn 0 0.999999762 0.000678702956
vn 0 0.999999762 0.000678703014
vn 0 0.999999762 0.000678703014
vn 0 0.999999762 0.000678702956
vn 0 0.999996245 0.00272764219
vn 0 0.999996245 0.00272764266
vn 0 0.999999762 0.000678702956
vn 0 0.999999762 0.000678703014
vn 0 0.999996245 0.00272764219
vn 0 0.999996245 0.00272764219
vn 0 1 0
vn 0 1 0
vn 0 0.999999762 0.000678703014
vn 0 0.999999762 0.000678702956
vn 0 0.99993819 0.0111203613
vn 0 0.99993819 0.0111203603
vn 0 0.999844551 0.0176289659
vn 0 0.99984467 0.0176289417
vn 0 0.99984467 0.0176289417
vn 0 0.999844551 0.0176289659
vn -5.31511514e-14 0.999665916 0.0258448068
vn -1.47885704e-08 0.999665916 0.025844831
vn 0 0.999844551 0.0176289659
vn 0 0.99984467 0.0176289417
vn 1.47885011e-08 0.999665916 0.025844831
vn -5.31511514e-14 0.999665916 0.0258448068
vn 0 0.99993819 0.0111203603
vn 0 0.99993813 0.0111203603
vn 0 0.99984467 0.0176289417
vn 0 0.999844551 0.0176289659
vn -1.47885704e-08 0.999665916 0.025844831
vn -5.31511514e-14 0.999665916 0.0258448068
vn 0 0.999353886 0.03594267
vn 0 0.999353886 0.0359427109
vn 0 0.999353886 0.0359427109
vn 0 0.999353886 0.03594267
vn 0 0.998840153 0.0481472872
vn 0 0.998840213 0.0481472872
vn 0 0.999353886 0.03594267
vn 0 0.999353826 0.0359427072
vn 0 0.998840153 0.0481472872
vn 0 0.998840153 0.0481472872
vn -5.31511514e-14 0.999665916 0.0258448068
vn 1.47885011e-08 0.999665916 0.025844831
vn 0 0.999353826 0.0359427072
vn 0 0.999353886 0.03594267
vn 1.47885011e-08 0.999665916 0.025844831
vn -9.04700475e-15 0.999665916 0.0258448161
vn 0 0.999353826 0.0359426886
vn 0 0.999353826 0.0359427072
vn 0 0.999353826 0.0359427072
vn 0 0.999353826 0.0359426886
vn 2.7550092e-08 0.998840153 0.0481472835
vn 0 0.998840153 0.0481472872
vn 0 0.999353826 0.0359426886
vn 0 0.999353826 0.0359426849
vn -5.6544451e-15 0.998840213 0.0481473021
vn 2.7550092e-08 0.998840153 0.0481472835
vn -9.04700475e-15 0.999665916 0.0258448161
vn -1.47885402e-08 0.999665916 0.025844831
vn 0 0.999353826 0.0359426849
vn 0 0.999353826 0.0359426886
vn 0 0.99993813 0.0111203603
vn 0 0.99993819 0.0111203613
vn 0 0.999844551 0.0176289547
vn 0 0.99984467 0.0176289417
vn 0 0.99984467 0.0176289417
vn 0 0.999844551 0.0176289547
vn -9.04700475e-15 0.999665916 0.0258448161
vn 1.47885011e-08 0.999665916 0.025844831
vn 0 0.999844551 0.0176289547
vn 0 0.99984467 0.0176289398
vn -1.47885402e-08 0.999665916 0.025844831
vn -9.04700475e-15 0.999665916 0.0258448161
vn 0 0.99993819 0.0111203613
vn 0 0.99993813 0.0111203594
vn 0 0.99984467 0.0176289398
vn 0 0.999844551 0.0176289547
vn 0 0.99993813 0.0111203594
vn 0 0.99993813 0.0111203594
vn 0 0.99984467 0.0176289678
vn 0 0.99984467 0.0176289398
vn 0 0.99984467 0.0176289398
vn 0 0.99984467 0.0176289678
vn 0 0.999665916 0.0258448068
vn -1.47885402e-08 0.999665916 0.025844831
vn 0 0.99984467 0.0176289678
vn 0 0.99984467 0.0176289398
vn 1.47885393e-08 0.999665916 0.0258448292
vn 0 0.999665916 0.0258448068
vn 0 0.99993813 0.0111203594
vn 0 0.99993813 0.0111203594
vn 0 0.99984467 0.0176289398
vn 0 0.99984467 0.0176289678
vn -1.47885402e-08 0.999665916 0.025844831
vn 0 0.999665916 0.0258448068
vn 0 0.999353826 0.03594267
vn 0 0.999353826 0.0359426849
vn 0 0.999353826 0.0359426849
vn 0 0.999353826 0.03594267
vn -2.75500991e-08 0.998840153 0.0481472872
vn -5.6544451e-15 0.998840213 0.0481473021
vn 0 0.999353826 0.03594267
vn 0 0.999353886 0.0359427072
vn 0 0.998840153 0.0481472872
vn -2.75500991e-08 0.998840153 0.0481472872
vn 0 0.999665916 0.0258448068
vn 1.47885393e-08 0.999665916 0.0258448292
vn 0 0.999353886 0.0359427072
vn 0 0.999353826 0.03594267
vn 1.47885393e-08 0.999665916 0.0258448292
vn -1.47885215e-08 0.999665916 0.0258448143
vn 0 0.999353886 0.0359426923
vn 0 0.999353886 0.0359427072
vn 0 0.999353886 0.0359427072
vn 0 0.999353886 0.0359426923
vn 0 0.998840153 0.0481472872
vn 0 0.998840153 0.0481472872
vn 0 0.999353886 0.0359426923
vn 0 0.999353886 0.0359426923
vn 0 0.998840153 0.0481472872
vn 0 0.998840153 0.0481472872
vn -1.47885215e-08 0.999665916 0.0258448143
vn -1.4788526e-08 0.999665916 0.025844818
vn 0 0.999353886 0.0359426923
vn 0 0.999353886 0.0359426923
vn 0 0.99993813 0.0111203594
vn 0 0.99993813 0.0111203594
vn 0 0.99984467 0.0176289547
vn 0 0.99984467 0.0176289398
vn 0 0.99984467 0.0176289398
vn 0 0.99984467 0.0176289547
vn -1.47885215e-08 0.999665916 0.0258448143
vn 1.47885393e-08 0.999665916 0.0258448292
vn 0 0.99984467 0.0176289547
vn 0 0.99984467 0.0176289547
vn -1.4788526e-08 0.999665916 0.025844818
vn -1.47885215e-08 0.999665916 0.0258448143
vn 0 0.99993813 0.0111203594
vn 0 0.99993813 0.0111203594
vn 0 0.99984467 0.0176289547
vn 0 0.99984467 0.0176289547
vn 0 1 0
vn 0 1 0
vn 0 0.999999762 0.000678702956
vn 0 0.999999762 0.000678703014
vn 0 0.999999762 0.000678703014
vn 0 0.999999762 0.000678702956
vn 0 0.999996245 0.00272764219
vn 0 0.999996245 0.00272764219
vn 0 0.999999762 0.000678702956
vn 0 0.999999762 0.000678703014
vn 0 0.999996245 0.00272764219
vn 0 0.999996245 0.00272764219
vn 0 1 0
vn 0 1 0
vn 0 0.999999762 0.000678703014
vn 0 0.999999762 0.000678702956
vn 0 0.999996245 0.00272764219
vn 0 0.999996245 0.00272764219
vn 0 0.999980807 0.00618587341
vn 0 0.999980867 0.00618587481
vn 0 0.999980867 0.00618587481
vn 0 0.999980807 0.00618587341
vn 0 0.99993813 0.0111203594
vn 0 0.99993813 0.0111203594
vn 0 0.999980807 0.00618587341
vn 0 0.999980867 0.00618587388
vn 0 0.99993813 0.0111203594
vn 0 0.99993813 0.0111203594
vn 0 0.999996245 0.00272764219
vn 0 0.999996245 0.00272764219
vn 0 0.999980867 0.00618587388
vn 0 0.999980807 0.00618587341
vn 0 0.999996245 0.00272764219
vn 0 0.999996245 0.00272764219
vn 0 0.999980807 0.00618587388
vn 0 0.999980867 0.00618587388
vn 0 0.999980867 0.00618587388
vn 0 0.999980807 0.00618587388
vn 0 0.99993813 0.0111203594
vn 0 0.99993813 0.0111203594
vn 0 0.999980807 0.00618587388
vn 0 0.999980927 0.00618587388
vn 0 0.99993813 0.0111203594
vn 0 0.99993813 0.0111203594
vn 0 0.999996245 0.00272764219
vn 0 0.999996305 0.00272764219
vn 0 0.999980927 0.00618587388
vn 0 0.999980807 0.00618587388
vn 0 1 0
vn 0 1 0
vn 0 0.999999762 0.000678702956
vn 0 0.999999762 0.000678703014
vn 0 0.999999762 0.000678703014
vn 0 0.999999762 0.000678702956
vn 0 0.999996245 0.00272764219
vn 0 0.999996245 0.00272764219
vn 0 0.999999762 0.000678702956
vn 0 0.999999762 0.000678703014
vn 0 0.999996305 0.00272764219
vn 0 0.999996245 0.00272764219
vn 0 1 0
vn 0 1 0
vn 0 0.999999762 0.000678703014
vn 0 0.999999762 0.000678702956
vn 0 0.998840213 0.0481472872
vn 0 0.998840153 0.0481472872
vn 0 0.99802959 0.0627449378
vn 0 0.99802959 0.0627448484
vn 0 0.99802959 0.0627448484
vn 0 0.99802959 0.0627449378
vn -4.58326603e-08 0.996787071 0.0800981671
vn -1.76422638e-13 0.996787012 0.0800982043
vn 0 0.99802959 0.0627449378
vn 0 0.99802959 0.0627448931
vn -5.65457173e-14 0.996787012 0.080098182
vn -4.58326603e-08 0.996787071 0.0800981671
vn 0 0.998840153 0.0481472872
vn 0 0.998840153 0.0481472872
vn 0 0.99802959 0.0627448931
vn 0 0.99802959 0.0627449378
vn -1.76422638e-13 0.996787012 0.0800982043
vn -4.58326603e-08 0.996787071 0.0800981671
vn 0 0.994920254 0.100665957
vn 0 0.994920313 0.100666001
vn 0 0.994920313 0.100666001
vn 0 0.994920254 0.100665957
vn -1.49287253e-13 0.992153049 0.125029087
vn -7.15423027e-08 0.992153108 0.125029132
vn 0 0.994920254 0.100665957
vn 0 0.994920313 0.100665957
vn -1.13096422e-13 0.992153108 0.125029147
vn -1.49287253e-13 0.992153049 0.125029087
vn -4.58326603e-08 0.996787071 0.0800981671
vn -5.65457173e-14 0.996787012 0.080098182
vn 0 0.994920313 0.100665957
vn 0 0.994920254 0.100665957
vn -5.65457173e-14 0.996787012 0.080098182
vn -2.48801173e-14 0.996786952 0.0800981671
vn 0 0.994920313 0.100665964
vn 0 0.994920313 0.100665957
vn 0 0.994920313 0.100665957
vn 0 0.994920313 0.100665964
vn -3.61908549e-14 0.992153108 0.125029117
vn -1.13096422e-13 0.992153108 0.125029147
vn 0 0.994920313 0.100665964
vn 0 0.994920254 0.100665949
vn 7.15422317e-08 0.992153108 0.125029147
vn -3.61908549e-14 0.992153108 0.125029117
vn -2.48801173e-14 0.996786952 0.0800981671
vn -1.80946295e-14 0.996786952 0.080098182
vn 0 0.994920254 0.100665949
vn 0 0.994920313 0.100665964
vn 0 0.998840153 0.0481472872
vn 2.7550092e-08 0.998840153 0.0481472835
vn 0 0.99802959 0.0627449378
vn 0 0.99802959 0.0627448931
vn 0 0.99802959 0.0627448931
vn 0 0.99802959 0.0627449378
vn -2.48801173e-14 0.996786952 0.0800981671
vn -5.65457173e-14 0.996787012 0.080098182
vn 0 0.99802959 0.0627449378
vn 0 0.99802959 0.0627449229
vn -1.80946295e-14 0.996786952 0.080098182
vn -2.48801173e-14 0.996786952 0.0800981671
vn 2.7550092e-08 0.998840153 0.0481472835
vn -5.6544451e-15 0.998840213 0.0481473021
vn 0 0.99802959 0.0627449229
vn 0 0.99802959 0.0627449378
vn -7.15423027e-08 0.992153108 0.125029132
vn -1.49287253e-13 0.992153049 0.125029087
vn 0 0.988083124 0.153921574
vn 0 0.988083124 0.153921694
vn 0 0.988083124 0.153921694
vn 0 0.988083124 0.153921574
vn 0 0.982117116 0.188271046
vn 0 0.982117116 0.188271031
vn 0 0.988083124 0.153921574
vn 0 0.988083124 0.153921664
vn 0 0.982117176 0.188271031
vn 0 0.982117116 0.188271046
vn -1.49287253e-13 0.992153049 0.125029087
vn -1.13096422e-13 0.992153108 0.125029147
vn 0 0.988083124 0.153921664
vn 0 0.988083124 0.153921574
vn 0 0.982117116 0.188271031
vn 0 0.982117116 0.188271046
vn 0 0.973370492 0.229237795
vn 0 0.973370492 0.229237795
vn 0 0.973370492 0.229237795
vn 0 0.973370492 0.229237795
vn -3.1842967e-07 0.9605093 0.278247923
vn 0 0.9605093 0.278247923
vn 0 0.973370492 0.229237795
vn 0 0.973370314 0.229238212
vn -3.80116972e-13 0.96050936 0.278247744
vn -3.1842967e-07 0.9605093 0.278247923
vn 0 0.982117116 0.188271046
vn 0 0.982117176 0.188271031
vn 0 0.973370314 0.229238212
vn 0 0.973370492 0.229237795
vn 0 0.982117176 0.188271031
vn 0 0.982117176 0.188271031
vn 0 0.973370492 0.22923781
vn 0 0.973370314 0.229238212
vn 0 0.973370314 0.229238212
vn 0 0.973370492 0.22923781
vn 3.18429471e-07 0.9605093 0.278247893
vn -3.80116972e-13 0.96050936 0.278247744
vn 0 0.973370492 0.22923781
vn 0 0.973370492 0.22923781
vn 0 0.960509241 0.278247833
vn 3.18429471e-07 0.9605093 0.278247893
vn 0 0.982117176 0.188271031
vn 0 0.982117176 0.188271046
vn 0 0.973370492 0.22923781
vn 0 0.973370492 0.22923781
vn -1.13096422e-13 0.992153108 0.125029147
vn -3.61908549e-14 0.992153108 0.125029117
vn 0 0.988083124 0.153921559
vn 0 0.988083124 0.153921664
vn 0 0.988083124 0.153921664
vn 0 0.988083124 0.153921559
vn 0 0.982117176 0.188271031
vn 0 0.982117176 0.188271031
vn 0 0.988083124 0.153921559
vn 0 0.988083124 0.153921694
vn 0 0.982117176 0.188271046
vn 0 0.982117176 0.188271031
vn -3.61908549e-14 0.992153108 0.125029117
vn 7.15422317e-08 0.992153108 0.125029147
vn 0 0.988083124 0.153921694
vn 0 0.988083124 0.153921559
vn 7.15422317e-08 0.992153108 0.125029147
vn -1.4308452e-07 0.992153108 0.125029147
vn 0 0.988083124 0.153921694
vn 0 0.988083124 0.153921694
vn 0 0.988083124 0.153921694
vn 0 0.988083124 0.153921694
vn 0 0.982117176 0.188271046
vn 0 0.982117176 0.188271046
vn 0 0.988083124 0.153921694
vn 0 0.988083065 0.15392144
vn 0 0.982117116 0.188271031
vn 0 0.982117176 0.188271046
vn -1.4308452e-07 0.992153108 0.125029147
vn -9.04771321e-14 0.992153108 0.125029057
vn 0 0.988083065 0.15392144
vn 0 0.988083124 0.153921694
vn 0 0.982117176 0.188271046
vn 0 0.982117176 0.188271046
vn 0 0.973370492 0.229237765
vn 0 0.973370492 0.22923781
vn 0 0.973370492 0.22923781
vn 0 0.973370492 0.229237765
vn -3.18429358e-07 0.9605093 0.278247923
vn 0 0.960509241 0.278247833
vn 0 0.973370492 0.229237765
vn 0 0.973370433 0.229238227
vn 1.81008068e-13 0.96050936 0.278247714
vn -3.18429358e-07 0.9605093 0.278247923
vn 0 0.982117176 0.188271046
vn 0 0.982117116 0.188271031
vn 0 0.973370433 0.229238227
vn 0 0.973370492 0.229237765
vn 0 0.982117116 0.188271031
vn 0 0.982117116 0.188271031
vn 0 0.973370492 0.229237795
vn 0 0.973370433 0.229238227
vn 0 0.973370433 0.229238227
vn 0 0.973370492 0.229237795
vn 3.18429585e-07 0.9605093 0.278247923
vn 1.81008068e-13 0.96050936 0.278247714
vn 0 0.973370492 0.229237795
vn 0 0.973370492 0.229237765
vn 0 0.960509241 0.278247863
vn 3.18429585e-07 0.9605093 0.278247923
vn 0 0.982117116 0.188271031
vn 0 0.982117176 0.188271031
vn 0 0.973370492 0.229237765
vn 0 0.973370492 0.229237795
vn -9.04771321e-14 0.992153108 0.125029057
vn 1.43084478e-07 0.992153108 0.125029147
vn 0 0.988083065 0.153921679
vn 0 0.988083065 0.15392144
vn 0 0.988083065 0.15392144
vn 0 0.988083065 0.153921679
vn 0 0.982117116 0.188271031
vn 0 0.982117116 0.188271031
vn 0 0.988083065 0.153921679
vn 0 0.988083065 0.153921679
vn 0 0.982117176 0.188271031
vn 0 0.982117116 0.188271031
vn 1.43084478e-07 0.992153108 0.125029147
vn -7.1542253e-08 0.992153108 0.125029132
vn 0 0.988083065 0.153921679
vn 0 0.988083065 0.153921679
vn -5.6544451e-15 0.998840213 0.0481473021
vn -2.75500991e-08 0.998840153 0.0481472872
vn 0 0.99802959 0.0627449378
vn 0 0.99802959 0.0627449229
vn 0 0.99802959 0.0627449229
vn 0 0.99802959 0.0627449378
vn -6.78548692e-15 0.996787071 0.0800981671
vn -1.80946295e-14 0.996786952 0.080098182
vn 0 0.99802959 0.0627449378
vn 0 0.99802959 0.0627449006
vn -9.04731476e-15 0.996786952 0.080098182
vn -6.78548692e-15 0.996787071 0.0800981671
vn -2.75500991e-08 0.998840153 0.0481472872
vn 0 0.998840153 0.0481472872
vn 0 0.99802959 0.0627449006
vn 0 0.99802959 0.0627449378
vn -1.80946295e-14 0.996786952 0.080098182
vn -6.78548692e-15 0.996787071 0.0800981671
vn 0 0.994920313 0.100665897
vn 0 0.994920254 0.100665949
vn 0 0.994920254 0.100665949
vn 0 0.994920313 0.100665897
vn -1.4308452e-07 0.992153108 0.125029147
vn 7.15422317e-08 0.992153108 0.125029147
vn 0 0.994920313 0.100665897
vn 0 0.994920313 0.100666106
vn -9.04771321e-14 0.992153108 0.125029057
vn -1.4308452e-07 0.992153108 0.125029147
vn -6.78548692e-15 0.996787071 0.0800981671
vn -9.04731476e-15 0.996786952 0.080098182
vn 0 0.994920313 0.100666106
vn 0 0.994920313 0.100665897
vn -9.04731476e-15 0.996786952 0.080098182
vn -6.78548692e-15 0.996786952 0.0800981745
vn 0 0.994920313 0.100665897
vn 0 0.994920313 0.100666106
vn 0 0.994920313 0.100666106
vn 0 0.994920313 0.100665897
vn 1.43084478e-07 0.992153108 0.125029147
vn -9.04771321e-14 0.992153108 0.125029057
vn 0 0.994920313 0.100665897
vn -5.76015218e-08 0.994920254 0.100665949
vn -7.1542253e-08 0.992153108 0.125029132
vn 1.43084478e-07 0.992153108 0.125029147
vn -6.78548692e-15 0.996786952 0.0800981745
vn 2.26182869e-15 0.996786952 0.080098182
vn -5.76015218e-08 0.994920254 0.100665949
vn 0 0.994920313 0.100665897
vn 0 0.998840153 0.0481472872
vn 0 0.998840153 0.0481472872
vn 0 0.99802959 0.0627449378
vn 0 0.99802959 0.0627449006
vn 0 0.99802959 0.0627449006
vn 0 0.99802959 0.0627449378
vn -6.78548692e-15 0.996786952 0.0800981745
vn -9.04731476e-15 0.996786952 0.080098182
vn 0 0.99802959 0.0627449378
vn 0 0.99802959 0.0627448931
vn 2.26182869e-15 0.996786952 0.080098182
vn -6.78548692e-15 0.996786952 0.0800981745
vn 0 0.998840153 0.0481472872
vn 0 0.998840153 0.0481472872
vn 0 0.99802959 0.0627448931
vn 0 0.99802959 0.0627449378
vn 0 0.998840153 0.0481472872
vn 2.75500991e-08 0.998840153 0.0481472872
vn 0 0.99802959 0.0627449378
vn 0 0.99802959 0.0627448931
vn 0 0.99802959 0.0627448931
vn 0 0.99802959 0.0627449378
vn 2.26182869e-15 0.996786952 0.0800982267
vn 2.26182869e-15 0.996786952 0.080098182
vn 0 0.99802959 0.0627449378
vn 0 0.99802959 0.0627449304
vn 0 0.996786952 0.080098249
vn 2.26182869e-15 0.996786952 0.0800982267
vn 2.75500991e-08 0.998840153 0.0481472872
vn 0 0.998840213 0.0481473021
vn 0 0.99802959 0.0627449304
vn 0 0.99802959 0.0627449378
vn 2.26182869e-15 0.996786952 0.080098182
vn 2.26182869e-15 0.996786952 0.0800982267
vn -5.76015218e-08 0.994920313 0.100665949
vn -5.76015218e-08 0.994920254 0.100665949
vn -5.76015218e-08 0.994920254 0.100665949
vn -5.76015218e-08 0.994920313 0.100665949
vn -1.43084378e-07 0.992153049 0.125029013
vn -7.1542253e-08 0.992153108 0.125029132
vn -5.76015218e-08 0.994920313 0.100665949
vn 0 0.994920313 0.100666091
vn -3.61908481e-14 0.992153049 0.125028983
vn -1.43084378e-07 0.992153049 0.125029013
vn 2.26182869e-15 0.996786952 0.0800982267
vn 0 0.996786952 0.080098249
vn 0 0.994920313 0.100666091
vn -5.76015218e-08 0.994920313 0.100665949
vn 0 0.996786952 0.080098249
vn -1.35709738e-14 0.996786952 0.0800982341
vn 5.76014969e-08 0.994920313 0.100665942
vn 0 0.994920313 0.100666091
vn 0 0.994920313 0.100666091
vn 5.76014969e-08 0.994920313 0.100665942
vn 1.43084364e-07 0.992153108 0.125029027
vn -3.61908481e-14 0.992153049 0.125028983
vn 5.76014969e-08 0.994920313 0.100665942
vn 5.76015147e-08 0.994920313 0.100665957
vn 7.15422601e-08 0.992153108 0.125029132
vn 1.43084364e-07 0.992153108 0.125029027
vn -1.35709738e-14 0.996786952 0.0800982341
vn -2.9403773e-14 0.996786952 0.080098182
vn 5.76015147e-08 0.994920313 0.100665957
vn 5.76014969e-08 0.994920313 0.100665942
vn 0 0.998840213 0.0481473021
vn -6.78533445e-15 0.998840213 0.0481472872
vn 0 0.99802959 0.0627449378
vn 0 0.99802959 0.0627449304
vn 0 0.99802959 0.0627449304
vn 0 0.99802959 0.0627449378
vn -1.35709738e-14 0.996786952 0.0800982341
vn 0 0.996786952 0.080098249
vn 0 0.99802959 0.0627449378
vn 0 0.99802959 0.0627449229
vn -2.9403773e-14 0.996786952 0.080098182
vn -1.35709738e-14 0.996786952 0.0800982341
vn -6.78533445e-15 0.998840213 0.0481472872
vn -1.47015578e-14 0.998840213 0.0481473058
vn 0 0.99802959 0.0627449229
vn 0 0.99802959 0.0627449378
vn -7.1542253e-08 0.992153108 0.125029132
vn -1.43084378e-07 0.992153049 0.125029013
vn 0 0.988083065 0.153921574
vn 0 0.988083065 0.153921679
vn 0 0.988083065 0.153921679
vn 0 0.988083065 0.153921574
vn 0 0.982117176 0.188271046
vn 0 0.982117176 0.188271031
vn 0 0.988083065 0.153921574
vn 0 0.988083065 0.153921455
vn 0 0.982117176 0.188271031
vn 0 0.982117176 0.188271046
vn -1.43084378e-07 0.992153049 0.125029013
vn -3.61908481e-14 0.992153049 0.125028983
vn 0 0.988083065 0.153921455
vn 0 0.988083065 0.153921574
vn 0 0.982117176 0.188271031
vn 0 0.982117176 0.188271046
vn 0 0.973370492 0.229237795
vn 0 0.973370492 0.229237765
vn 0 0.973370492 0.229237765
vn 0 0.973370492 0.229237795
vn -3.18429443e-07 0.960509241 0.278247893
vn 0 0.960509241 0.278247863
vn 0 0.973370492 0.229237795
vn 0 0.973370314 0.229238227
vn 9.05040338e-14 0.96050936 0.278247714
vn -3.18429443e-07 0.960509241 0.278247893
vn 0 0.982117176 0.188271046
vn 0 0.982117176 0.188271031
vn 0 0.973370314 0.229238227
vn 0 0.973370492 0.229237795
vn 0 0.982117176 0.188271031
vn 0 0.982117176 0.188271046
vn 0 0.973370492 0.22923781
vn 0 0.973370314 0.229238227
vn 0 0.973370314 0.229238227
vn 0 0.973370492 0.22923781
vn 3.184295e-07 0.960509241 0.278247893
vn 9.05040338e-14 0.96050936 0.278247714
vn 0 0.973370492 0.22923781
vn 0 0.973370492 0.229237795
vn 0 0.9605093 0.278247923
vn 3.184295e-07 0.960509241 0.278247893
vn 0 0.982117176 0.188271046
vn 0 0.982117176 0.188271046
vn 0 0.973370492 0.229237795
vn 0 0.973370492 0.22923781
vn -3.61908481e-14 0.992153049 0.125028983
vn 1.43084364e-07 0.992153108 0.125029027
vn 0 0.988083124 0.153921589
vn 0 0.988083065 0.153921455
vn 0 0.988083065 0.153921455
vn 0 0.988083124 0.153921589
vn 0 0.982117176 0.188271046
vn 0 0.982117176 0.188271031
vn 0 0.988083124 0.153921589
vn 0 0.988083065 0.153921679
vn 0 0.982117176 0.188271046
vn 0 0.982117176 0.188271046
vn 1.43084364e-07 0.992153108 0.125029027
vn 7.15422601e-08 0.992153108 0.125029132
vn 0 0.988083065 0.153921679
vn 0 0.988083124 0.153921589
vn 7.15422601e-08 0.992153108 0.125029132
vn -1.43084335e-07 0.992153108 0.125029132
vn 0 0.988083124 0.153921664
vn 0 0.988083065 0.153921679
vn 0 0.988083065 0.153921679
vn 0 0.988083124 0.153921664
vn 0 0.982117176 0.188271046
vn 0 0.982117176 0.188271046
vn 0 0.988083124 0.153921664
vn 0 0.988083065 0.153921425
vn 0 0.982117176 0.188271031
vn 0 0.982117176 0.188271046
vn -1.43084335e-07 0.992153108 0.125029132
vn 3.89051665e-13 0.992153108 0.125029057
vn 0 0.988083065 0.153921425
vn 0 0.988083124 0.153921664
vn 0 0.982117176 0.188271046
vn 0 0.982117176 0.188271046
vn 0 0.973370492 0.22923778
vn 0 0.973370492 0.229237795
vn 0 0.973370492 0.229237795
vn 0 0.973370492 0.22923778
vn -3.18429699e-07 0.9605093 0.278247923
vn 0 0.9605093 0.278247923
vn 0 0.973370492 0.22923778
vn 0 0.973370314 0.229238182
vn 0 0.96050936 0.278247714
vn -3.18429699e-07 0.9605093 0.278247923
vn 0 0.982117176 0.188271046
vn 0 0.982117176 0.188271031
vn 0 0.973370314 0.229238182
vn 0 0.973370492 0.22923778
vn 0 0.982117176 0.188271031
vn 0 0.982117176 0.188271031
vn 0 0.973370492 0.229237795
vn 0 0.973370314 0.229238182
vn 0 0.973370314 0.229238182
vn 0 0.973370492 0.229237795
vn 3.18429642e-07 0.9605093 0.278247893
vn 0 0.96050936 0.278247714
vn 0 0.973370492 0.229237795
vn 0 0.973370492 0.229237795
vn 0 0.9605093 0.278247923
vn 3.18429642e-07 0.9605093 0.278247893
vn 0 0.982117176 0.188271031
vn 0 0.982117116 0.188271031
vn 0 0.973370492 0.229237795
vn 0 0.973370492 0.229237795
vn 3.89051665e-13 0.992153108 0.125029057
vn 1.43084648e-07 0.992153108 0.125029132
vn 0 0.988083124 0.153921664
vn 0 0.988083065 0.153921425
vn 0 0.988083065 0.153921425
vn 0 0.988083124 0.153921664
vn 0 0.982117176 0.188271031
vn 0 0.982117176 0.188271031
vn 0 0.988083124 0.153921664
vn 0 0.988083124 0.153921664
vn 0 0.982117116 0.188271031
vn 0 0.982117176 0.188271031
vn 1.43084648e-07 0.992153108 0.125029132
vn -7.15422814e-08 0.992153108 0.125029147
vn 0 0.988083124 0.153921664
vn 0 0.988083124 0.153921664
vn -1.47015578e-14 0.998840213 0.0481473058
vn -3.73193399e-14 0.998840213 0.0481472835
vn 0 0.99802959 0.0627449378
vn 0 0.99802959 0.0627449229
vn 0 0.99802959 0.0627449229
vn 0 0.99802959 0.0627449378
vn 4.58323903e-08 0.996786952 0.0800981671
vn -2.9403773e-14 0.996786952 0.080098182
vn 0 0.99802959 0.0627449378
vn 0 0.99802959 0.0627448782
vn -2.30706513e-13 0.996787012 0.0800982043
vn 4.58323903e-08 0.996786952 0.0800981671
vn -3.73193399e-14 0.998840213 0.0481472835
vn -1.47015578e-14 0.998840213 0.0481473058
vn 0 0.99802959 0.0627448782
vn 0 0.99802959 0.0627449378
vn -2.9403773e-14 0.996786952 0.080098182
vn 4.58323903e-08 0.996786952 0.0800981671
vn 0 0.994920254 0.100665875
vn 5.76015147e-08 0.994920313 0.100665957
vn 5.76015147e-08 0.994920313 0.100665957
vn 0 0.994920254 0.100665875
vn -1.43084335e-07 0.992153108 0.125029132
vn 7.15422601e-08 0.992153108 0.125029132
vn 0 0.994920254 0.100665875
vn 0 0.994920194 0.100666165
vn 3.89051665e-13 0.992153108 0.125029057
vn -1.43084335e-07 0.992153108 0.125029132
vn 4.58323903e-08 0.996786952 0.0800981671
vn -2.30706513e-13 0.996787012 0.0800982043
vn 0 0.994920194 0.100666165
vn 0 0.994920254 0.100665875
vn -2.30706513e-13 0.996787012 0.0800982043
vn -1.08567791e-13 0.996787071 0.0800981522
vn 0 0.994920313 0.10066589
vn 0 0.994920194 0.100666165
vn 0 0.994920194 0.100666165
vn 0 0.994920313 0.10066589
vn 1.43084648e-07 0.992153108 0.125029132
vn 3.89051665e-13 0.992153108 0.125029057
vn 0 0.994920313 0.10066589
vn 0 0.994920313 0.100666016
vn -7.15422814e-08 0.992153108 0.125029147
vn 1.43084648e-07 0.992153108 0.125029132
vn -1.08567791e-13 0.996787071 0.0800981522
vn -5.8807546e-14 0.996786952 0.0800982043
vn 0 0.994920313 0.100666016
vn 0 0.994920313 0.10066589
vn -1.47015578e-14 0.998840213 0.0481473058
vn -2.7550108e-08 0.998840213 0.0481472835
vn 0 0.99802959 0.0627449378
vn 0 0.99802959 0.0627448782
vn 0 0.99802959 0.0627448782
vn 0 0.99802959 0.0627449378
vn -1.08567791e-13 0.996787071 0.0800981522
vn -2.30706513e-13 0.996787012 0.0800982043
vn 0 0.99802959 0.0627449378
vn 0 0.99802959 0.0627448484
vn -5.8807546e-14 0.996786952 0.0800982043
vn -1.08567791e-13 0.996787071 0.0800981522
vn -2.7550108e-08 0.998840213 0.0481472835
vn 0 0.998840153 0.0481472835
vn 0 0.99802959 0.0627448484
vn 0 0.99802959 0.0627449378
vn 0 1 0
vn 0 1 0
vn 0 0.999999762 0.000678702956
vn 0 0.999999762 0.000678703014
vn 0 0.999999762 0.000678703014
vn 0 0.999999762 0.000678702956
vn 0 0.999996305 0.00272764219
vn 0 0.999996305 0.00272764219
vn 0 0.999999762 0.000678702956
vn 0 0.999999762 0.000678703014
vn 0 0.999996245 0.00272764219
vn 0 0.999996305 0.00272764219
vn 0 1 0
vn 0 1 0
vn 0 0.999999762 0.000678703014
vn 0 0.999999762 0.000678702956
vn 0 0.999996305 0.00272764219
vn 0 0.999996305 0.00272764219
vn 0 0.999980807 0.00618587388
vn 0 0.999980927 0.00618587388
vn 0 0.999980927 0.00618587388
vn 0 0.999980807 0.00618587388
vn 0 0.99993819 0.0111203603
vn 0 0.99993813 0.0111203594
vn 0 0.999980807 0.00618587388
vn 0 0.999980867 0.00618587481
vn 0 0.99993819 0.0111203603
vn 0 0.99993819 0.0111203603
vn 0 0.999996305 0.00272764219
vn 0 0.999996245 0.00272764219
vn 0 0.999980867 0.00618587481
vn 0 0.999980807 0.00618587388
vn 0 0.999996245 0.00272764219
vn 0 0.999996245 0.00272764219
vn 0 0.999980807 0.00618587341
vn 0 0.999980867 0.00618587481
vn 0 0.999980867 0.00618587481
vn 0 0.999980807 0.00618587341
vn 0 0.99993819 0.0111203603
vn 0 0.99993819 0.0111203603
vn 0 0.999980807 0.00618587341
vn 0 0.999980927 0.00618587388
vn 0 0.99993813 0.0111203603
vn 0 0.99993819 0.0111203603
vn 0 0.999996245 0.00272764219
vn 0 0.999996245 0.00272764219
vn 0 0.999980927 0.00618587388
vn 0 0.999980807 0.00618587341
vn 0 1 0
vn 0 1 0
vn 0 0.999999762 0.000678702956
vn 0 0.999999762 0.000678703014
vn 0 0.999999762 0.000678703014
vn 0 0.999999762 0.000678702956
vn 0 0.999996245 0.00272764219
vn 0 0.999996245 0.00272764219
vn 0 0.999999762 0.000678702956
vn 0 0.999999762 0.000678702956
vn 0 0.999996245 0.00272764219
vn 0 0.999996245 0.00272764219
vn 0 1 0
vn 0 1 0
vn 0 0.999999762 0.000678702956
vn 0 0.999999762 0.000678702956
vn 0 0.99993813 0.0111203594
vn 0 0.99993819 0.0111203603
vn 0 0.99984467 0.0176289659
vn 0 0.99984467 0.0176289547
vn 0 0.99984467 0.0176289547
vn 0 0.99984467 0.0176289659
vn 1.47885171e-08 0.999665916 0.0258448087
vn -1.4788526e-08 0.999665916 0.025844818
vn 0 0.99984467 0.0176289659
vn 0 0.99984467 0.0176289398
vn 1.47885322e-08 0.999665916 0.0258448292
vn 1.47885171e-08 0.999665916 0.0258448087
vn 0 0.99993819 0.0111203603
vn 0 0.99993819 0.0111203603
vn 0 0.99984467 0.0176289398
vn 0 0.99984467 0.0176289659
vn -1.4788526e-08 0.999665916 0.025844818
vn 1.47885171e-08 0.999665916 0.0258448087
vn 0 0.999353886 0.0359426737
vn 0 0.999353886 0.0359426923
vn 0 0.999353886 0.0359426923
vn 0 0.999353886 0.0359426737
vn 2.75500991e-08 0.998840153 0.0481472872
vn 0 0.998840153 0.0481472872
vn 0 0.999353886 0.0359426737
vn 0 0.999353826 0.0359426849
vn 0 0.998840213 0.0481473021
vn 2.75500991e-08 0.998840153 0.0481472872
vn 1.47885171e-08 0.999665916 0.0258448087
vn 1.47885322e-08 0.999665916 0.0258448292
vn 0 0.999353826 0.0359426849
vn 0 0.999353886 0.0359426737
vn 1.47885322e-08 0.999665916 0.0258448292
vn -4.52350237e-15 0.999665916 0.0258448161
vn 0 0.999353886 0.0359426886
vn 0 0.999353826 0.0359426849
vn 0 0.999353826 0.0359426849
vn 0 0.999353886 0.0359426886
vn -6.78533445e-15 0.998840213 0.0481472872
vn 0 0.998840213 0.0481473021
vn 0 0.999353886 0.0359426886
vn 0 0.999353886 0.0359426849
vn -1.47015578e-14 0.998840213 0.0481473058
vn -6.78533445e-15 0.998840213 0.0481472872
vn -4.52350237e-15 0.999665916 0.0258448161
vn -1.47885473e-08 0.999665916 0.025844831
vn 0 0.999353886 0.0359426849
vn 0 0.999353886 0.0359426886
vn 0 0.99993819 0.0111203603
vn 0 0.99993819 0.0111203603
vn 0 0.999844551 0.0176289547
vn 0 0.99984467 0.0176289398
vn 0 0.99984467 0.0176289398
vn 0 0.999844551 0.0176289547
vn -4.52350237e-15 0.999665916 0.0258448161
vn 1.47885322e-08 0.999665916 0.0258448292
vn 0 0.999844551 0.0176289547
vn 0 0.99984467 0.0176289398
vn -1.47885473e-08 0.999665916 0.025844831
vn -4.52350237e-15 0.999665916 0.0258448161
vn 0 0.99993819 0.0111203603
vn 0 0.99993813 0.0111203603
vn 0 0.99984467 0.0176289398
vn 0 0.999844551 0.0176289547
vn 0 0.99993813 0.0111203603
vn 0 0.99993813 0.0111203594
vn 0 0.999844551 0.0176289678
vn 0 0.99984467 0.0176289398
vn 0 0.99984467 0.0176289398
vn 0 0.999844551 0.0176289678
vn -5.31511514e-14 0.999665916 0.0258448068
vn -1.47885473e-08 0.999665916 0.025844831
vn 0 0.999844551 0.0176289678
vn 0 0.99984467 0.0176289398
vn 1.47884816e-08 0.999665916 0.025844831
vn -5.31511514e-14 0.999665916 0.0258448068
vn 0 0.99993813 0.0111203594
vn 0 0.99993813 0.0111203603
vn 0 0.99984467 0.0176289398
vn 0 0.999844551 0.0176289678
vn -1.47885473e-08 0.999665916 0.025844831
vn -5.31511514e-14 0.999665916 0.0258448068
vn 0 0.999353886 0.03594267
vn 0 0.999353886 0.0359426849
vn 0 0.999353886 0.0359426849
vn 0 0.999353886 0.03594267
vn -3.73193399e-14 0.998840213 0.0481472835
vn -1.47015578e-14 0.998840213 0.0481473058
vn 0 0.999353886 0.03594267
vn 0 0.999353826 0.0359426849
vn -1.47015578e-14 0.998840213 0.0481473058
vn -3.73193399e-14 0.998840213 0.0481472835
vn -5.31511514e-14 0.999665916 0.0258448068
vn 1.47884816e-08 0.999665916 0.025844831
vn 0 0.999353826 0.0359426849
vn 0 0.999353886 0.03594267
vn 1.47884816e-08 0.999665916 0.025844831
vn -1.63976956e-14 0.999665916 0.0258448161
vn 0 0.999353826 0.0359426886
vn 0 0.999353826 0.0359426849
vn 0 0.999353826 0.0359426849
vn 0 0.999353826 0.0359426886
vn -2.7550108e-08 0.998840213 0.0481472835
vn -1.47015578e-14 0.998840213 0.0481473058
vn 0 0.999353826 0.0359426886
vn 0 0.999353826 0.0359427072
vn 0 0.998840153 0.0481472835
vn -2.7550108e-08 0.998840213 0.0481472835
vn -1.63976956e-14 0.999665916 0.0258448161
vn -1.47885473e-08 0.999665916 0.025844831
vn 0 0.999353826 0.0359427072
vn 0 0.999353826 0.0359426886
vn 0 0.99993813 0.0111203603
vn 0 0.99993813 0.0111203603
vn 0 0.999844551 0.0176289547
vn 0 0.99984467 0.0176289398
vn 0 0.99984467 0.0176289398
vn 0 0.999844551 0.0176289547
vn -1.63976956e-14 0.999665916 0.0258448161
vn 1.47884816e-08 0.999665916 0.025844831
vn 0 0.999844551 0.0176289547
vn 0 0.99984467 0.0176289398
vn -1.47885473e-08 0.999665916 0.025844831
vn -1.63976956e-14 0.999665916 0.0258448161
vn 0 0.99993813 0.0111203603
vn 0 0.99993819 0.0111203613
vn 0 0.99984467 0.0176289398
vn 0 0.999844551 0.0176289547
vn 0 1 0
vn 0 1 0
vn 0 0.999999762 0.000678702956
vn 0 0.999999762 0.000678702956
vn 0 0.999999762 0.000678702956
vn 0 0.999999762 0.000678702956
vn 0 0.999996245 0.00272764219
vn 0 0.999996245 0.00272764219
vn 0 0.999999762 0.000678702956
vn 0 0.999999762 0.000678702956
vn 0 0.999996245 0.00272764266
vn 0 0.999996245 0.00272764219
vn 0 1 0
vn 0 1 0
vn 0 0.999999762 0.000678702956
vn 0 0.999999762 0.000678702956
vn 0 0.999996245 0.00272764219
vn 0 0.999996245 0.00272764219
vn 0 0.999980807 0.00618587388
vn 0 0.999980927 0.00618587388
vn 0 0.999980927 0.00618587388
vn 0 0.999980807 0.00618587388
vn 0 0.99993813 0.0111203594
vn 0 0.99993813 0.0111203603
vn 0 0.999980807 0.00618587388
vn 0 0.999980867 0.00618587481
vn 0 0.99993813 0.0111203603
vn 0 0.99993813 0.0111203594
vn 0 0.999996245 0.00272764219
vn 0 0.999996245 0.00272764266
vn 0 0.999980867 0.00618587481
vn 0 0.999980807 0.00618587388
vn 0 0.999996245 0.00272764266
vn 0 0.999996245 0.00272764219
vn 0 0.999980807 0.00618587388
vn 0 0.999980867 0.00618587481
vn 0 0.999980867 0.00618587481
vn 0 0.999980807 0.00618587388
vn 0 0.99993813 0.0111203603
vn 0 0.99993813 0.0111203603
vn 0 0.999980807 0.00618587388
vn 0 0.999980867 0.00618587481
vn 0 0.99993819 0.0111203613
vn 0 0.99993813 0.0111203603
vn 0 0.999996245 0.00272764219
vn 0 0.999996245 0.00272764219
vn 0 0.999980867 0.00618587481
vn 0 0.999980807 0.00618587388
vn 0 1 0
vn 0 1 0
vn 0 0.999999762 0.000678702956
vn 0 0.999999762 0.000678702956
vn 0 0.999999762 0.000678702956
vn 0 0.999999762 0.000678702956
vn 0 0.999996245 0.00272764219
vn 0 0.999996245 0.00272764266
vn 0 0.999999762 0.000678702956
vn 0 0.999999762 0.000678703014
vn 0 0.999996245 0.00272764219
vn 0 0.999996245 0.00272764219
vn 0 1 0
vn 0 1 0
vn 0 0.999999762 0.000678703014
vn 0 0.999999762 0.000678702956
vn 0 1 0
vn 0 1 -0
vn 0 1 0
vn 0 1 0
vn 0 1 0
vn 0 1 0
vn 0 1 0
vn 0 1 0
vn 0 1 0
vn 0 1 0
vn 0 1 0
vn 0 1 0
vn 0 1 -0
vn 0 1 0
vn 0 1 0
vn 0 1 0
vn 0 1 0
vn 0 1 0
vn 0 1 0
vn 0 1 0
vn 0 1 0
vn 0 1 0
vn 0 1 0
vn 0 1 0
vn 0 1 0
vn 0 1 0
vn 0 1 0
vn 0 1 0
vn 0 1 0
vn 0 1 0
vn 0 1 0
vn 0 1 0
vn 0 1 0
vn 0 1 0
vn 0 1 0
vn 0 1 0
vn 0 1 0
vn 0 1 0
vn 0 1 0
vn 0 1 0
vn 0 1 0
vn 0 1 0
vn 0 1 0
vn 0 1 0
vn 0 1 0
vn 0 1 0
vn 0 1 0
vn 0 1 0
vn 0 1 0
vn 0 1 0
vn 0 1 0
vn 0 1 0
vn 0 1 0
vn 0 1 0
vn 0 1 0
vn 0 1 0
vn 0 1 0
vn 0 1 0
vn 0 1 0
vn 0 1 0
vn 0 1 0
vn 0 1 0
vn 0 1 0
vn 0 1 0
vn 0 1 0
vn 0 1 0
vn 0 1 0
vn 0 1 0
vn 0 1 0
vn 0 1 0
vn 0 1 0
vn 0 1 0
vn 0 1 0
vn 0 1 0
vn 0 1 0
vn 0 1 0
vn 0 1 0
vn 0 1 0
vn 0 1 0
vn 0 1 0
vn 0 1 0
vn 0 1 0
vn 0 1 0
vn 0 1 0
vn 0 1 0
vn 0 1 0
vn 0 1 0
vn 0 1 0
vn 0 1 0
vn 0 1 0
vn 0 1 0
vn 0 1 0
vn 0 1 0
vn 0 1 0
vn 0 1 0
vn 0 1 0
vn 0 1 0
vn 0 1 0
vn 0 1 0
vn 0 1 0
vn 0 1 0
vn 0 1 0
vn 0 1 0
vn 0 1 0
vn 0 1 0
vn 0 1 0
vn 0 1 0
vn 0 1 0
vn 0 1 0
vn 0 1 0
vn 0 1 0
vn 0 1 0
vn 0 1 0
vn 0 1 0
vn 0 1 0
vn 0 1 0
vn 0 1 0
vn 0 1 0
vn 0 1 0
vn 0 1 0
vn 0 1 0
vn 0 1 0
vn 0 1 0
vn 0 1 0
vn 0 1 0
vn 0 1 0
vn 0 1 0
vn 0 1 0
vn 0 1 0
vn 0 1 0
vn 0 1 0
vn 0 1 0
vn 0 1 0
vn 0 1 0
vn 0 1 0
vn 0 1 0
vn 0 1 0
vn 0 1 0
vn 0 1 0
vn 0 1 0
vn 0 1 0
vn 0 1 0
vn 0 1 0
vn 0 1 0
vn 0 1 0
vn 0 1 0
vn 0 1 0
vn 0 1 0
vn 0 1 0
vn 0 1 0
vn 0 1 0
vn 0 1 0
vn 0 1 0
vn 0 1 0
vn 0 1 0
vn 0 1 0
vn 0 1 0
vn 0 1 0
vn 0 1 0
vn 0 1 0
vn 0 1 0
vn 0 1 0
vn 0 1 0
vn 0 1 0
vn 0 1 0
vn 0 1 0
vn 0 1 0
vn 0 1 0
vn 0 1 0
vn 0 1 0
vn 0 1 0
vn 0 1 0
vn 0 1 0
vn 0 1 0
vn 0 1 0
vn 0 1 0
vn 0 1 0
vn 0 1 0
vn 0 1 0
vn 0 1 0
vn 0 1 0
vn 0 1 0
vn 0 1 0
vn 0 1 0
vn 0 1 0
vn 0 1 0
vn 0 1 0
vn 0 1 0
vn 0 1 0
vn 0 1 0
vn 0 1 0
vn 0 1 0
vn 0 1 0
vn 0 1 0
vn 0 1 0
vn 0 1 0
vn 0 1 0
vn 0 1 0
vn 0 1 0
vn 0 1 0
vn 0 1 0
vn 0 1 0
vn 0 1 0
vn 0 1 0
vn 0 1 0
vn 0 1 0
vn 0 1 0
vn 0 1 0
vn 0 1 0
vn 0 1 0
vn 0 1 0
vn 0 1 0
vn 0 1 0
vn 0 1 0
vn 0 1 0
vn 0 1 0
vn 0 1 0
vn 0 1 0
vn 0 1 0
vn 0 1 0
vn 0 1 0
vn 0 1 0
vn 0 1 0
vn 0 1 0
vn 0 1 0
vn 0 1 0
vn 0 1 0
vn 0 1 0
vn 0 1 0
vn 0 1 0
vn 0 1 0
vn 0 1 0
vn 0 1 0
vn 0 1 0
vn 0 1 0
vn 0 1 0
vn 0 1 0
vn 0 1 0
vn 0 1 0
vn 0 1 0
vn 0 1 0
vn 0 1 -0
vn 0 1 0
vn 0 1 0
vn 0 1 0
vn 0 1 0
vn 0 1 0
vn 0 1 0
vn 0 1 0
vn 0 1 0
vn 0 1 0
vn 0 1 0
vn 0 1 -0
vn 0 1 -0
vn 0 1 0
vn 0 1 0
vn 0 1 0
vn 0 1 0
vn 0 1 0
vn 0 1 0
vn 0 1 0
vn 0 1 0
vn 0 1 0
vn 0 1 0
vn 0 1 0
vn 0 1 0
vn 0 1 0
vn 0 1 0
vn 0 1 0
vn 0 1 0
vn 0 1 0
vn 0 1 0
vn 0 1 0
vn 0 1 0
vn 0 1 0
vn 0 1 0
vn 0 1 0
vn 0 1 0
vn 0 1 0
vn 0 1 0
vn 0 1 0
vn 0 1 0
vn 0 1 0
vn 0 1 0
vn 0 1 0
vn 0 1 0
vn 0 1 0
vn 0 1 0
vn 0 1 0
vn 0 1 0
vn 0 1 0
vn 0 1 0
vn 0 1 0
vn 0 1 0
vn 0 1 0
vn 0 1 0
vn 0 1 0
vn 0 1 0
vn 0 1 0
vn 0 1 0
vn 0 1 0
vn 0 1 0
vn 0 1 0
vn 0 1 0
vn 0 1 0
vn 0 1 0
vn 0 1 0
vn 0 1 0
vn 0 1 0
vn 0 1 0
vn 0 1 0
vn 0 1 0
vn 0 1 0
vn 0 1 0
vn 0 1 0
vn 0 1 0
vn 0 1 0
vn 0 1 0
vn 0 1 0
vn 0 1 0
vn 0 1 0
vn 0 1 0
vn 0 1 0
vn 0 1 0
vn 0 1 0
vn 0 1 0
vn 0 1 0
vn 0 1 0
vn 0 1 0
vn 0 1 0
vn 0 1 0
vn 0 1 0
vn 0 1 0
vn 0 1 0
vn 0 1 0
vn 0 1 0
vn 0 1 0
vn 0 1 0
vn 0 1 0
vn 0 1 0
vn 0 1 0
vn 0 1 0
vn 0 1 0
vn 0 1 0
vn 0 1 0
vn 0 1 0
vn 0 1 0
vn 0 1 0
vn 0 1 0
vn 0 1 0
vn 0 1 0
vn 0 1 0
vn 0 1 0
vn 0 1 0
vn 0 1 0
vn 0 1 0
vn 0 1 0
vn 0 1 0
vn 0 1 0
vn 0 1 0
vn 0 1 0
vn 0 1 0
vn 0 1 0
vn 0 1 0
vn 0 1 0
vn 0 1 0
vn 0 1 0
vn 0 1 0
vn 0 1 0
vn 0 1 0
vn 0 1 0
vn 0 1 0
vn 0 1 0
vn 0 1 0
vn 0 1 0
vn 0 1 0
vn 0 1 0
vn 0 1 0
vn 0 1 0
vn 0 1 0
vn 0 1 0
vn 0 1 0
vn 0 1 0
vn 0 1 0
vn 0 1 0
vn 0 1 0
vn 0 1 0
vn 0 1 0
vn 0 1 0
vn 0 1 0
vn 0 1 0
vn 0 1 0
vn 0 1 0
vn 0 1 0
vn 0 1 0
vn 0 1 0
vn 0 1 0
vn 0 1 0
vn 0 1 0
vn 0 1 0
vn 0 1 0
vn 0 1 0
vn 0 1 0
vn 0 1 0
vn 0 1 0
vn 0 1 0
vn 0 1 0
vn 0 1 0
vn 0 1 0
vn 0 1 0
vn 0 1 0
vn 0 1 0
vn 0 1 0
vn 0 1 0
vn 0 1 0
vn 0 1 0
vn 0 1 0
vn 0 1 0
vn 0 1 0
vn 0 1 0
vn 0 1 0
vn 0 1 0
vn 0 1 0
vn 0 1 0
vn 0 1 0
vn 0 1 0
vn 0 1 0
vn 0 1 0
vn 0 1 0
vn 0 1 0
vn 0 1 0
vn 0 1 0
vn 0 1 0
vn 0 1 0
vn 0 1 0
vn 0 1 0
vn 0 1 0
vn 0 1 0
vn 0 1 0
vn 0 1 0
vn 0 1 0
vn 0 1 0
vn 0 1 0
vn 0 1 0
vn 0 1 0
vn 0 1 0
vn 0 1 0
vn 0 1 0
vn 0 1 0
vn 0 1 0
vn 0 1 0
vn 0 1 0
vn 0 1 0
vn 0 1 0
vn 0 1 0
vn 0 1 0
vn 0 1 0
vn 0 1 0
vn 0 1 0
vn 0 1 0
vn 0 1 0
vn 0 1 0
vn 0 1 0
vn 0 1 0
vn 0 1 0
vn 0 1 0
vn 0 1 0
vn 0 1 0
vn 0 1 0
vn 0 1 0
vn 0 1 0
vn 0 1 0
vn 0 1 0
vn 0 1 0
vn 0 1 0
vn 0 1 0
vn 0 1 0
vn 0 1 0
vn 0 1 0
vn 0 1 0
vn 0 1 0
vn 0 1 0
vn 0 1 0
vn 0 1 0
vn 0 1 0
vn 0 1 0
vn 0 1 0
vn 0 1 0
vn 0 1 0
vn 0 1 0
vn 0 1 0
vn 0 1 0
vn 0 1 0
vn 0 1 0
vn 0 1 0
vn 0 1 0
vn 0 1 0
vn 0 1 0
vn 0 1 0
vn 0 1 0
vn 0 1 0
vn 0 1 0
vn 0 1 0
vn 0 1 0
vn 0 1 0
vn 0 1 0
vn 0 1 0
vn 0 1 0
vn 0 1 0
vn 0 1 0
vn 0 1 0
vn 0 1 0
vn 0 1 0
vn 0 1 0
vn 0 1 0
vn 0 1 0
vn 0 1 0
vn 0 1 0
vn 0 1 0
vn 0 1 0
vn 0 1 0
vn 0 1 0
vn 0 1 0
vn 0 1 0
vn 0 1 0
vn 0 1 0
vn 0 1 0
vn 0 1 0
vn 0 1 0
vn 0 1 0
vn 0 1 0
vn 0 1 0
vn 0 1 0
vn 0 1 0
vn 0 1 0
vn 0 1 0
vn 0 1 0
vn 0 1 0
vn 0 1 0
vn 0 1 0
vn 0 1 0
vn 0 1 0
vn 0 1 0
vn 0 1 0
vn 0 1 0
vn 0 1 0
vn 0 1 0
vn 0 1 0
vn 0 1 0
vn 0 1 0
vn 0 1 0
vn 0 1 0
vn 0 1 0
vn 0 1 0
vn 0 1 0
vn 0 1 0
vn 0 1 0
vn 0 1 0
vn 0 1 0
vn 0 1 0
vn 0 1 0
vn 0 1 0
vn 0 1 0
vn 0 1 0
vn 0 1 0
vn 0 1 0
vn 0 1 0
vn 0 1 0
vn 0 1 0
vn 0 1 0
vn 0 1 0
vn 0 1 0
vn 0 1 0
vn 0 1 0
vn 0 1 0
vn 0 1 0
vn 0 1 0
vn 0 1 0
vn 0 1 0
vn 0 1 0
vn 0 1 0
vn 0 1 0
vn 0 1 0
vn 0 1 0
vn 0 1 0
vn 0 1 0
vn 0 1 0
vn 0 1 0
vn 0 1 0
vn 0 1 0
vn 0 1 0
vn 0 1 0
vn 0 1 0
vn 0 1 0
vn 0 1 0
vn 0 1 0
vn 0 1 0
vn 0 1 0
vn 0 1 0
vn 0 1 0
vn 0 1 0
vn 0 1 0
vn 0 1 0
vn 0 1 0
vn 0 1 0
vn 0 1 0
vn 0 1 0
vn 0 1 0
vn 0 1 0
vn 0 1 0
vn 0 1 0
vn 0 1 0
vn 0 1 0
vn 0 1 0
vn 0 1 0
vn 0 1 0
vn 0 1 0
vn 0 1 0
vn 0 1 0
vn 0 1 0
vn 0 1 0
vn 0 1 0
vn 0 1 0
vn 0 1 0
vn 0 1 0
vn 0 1 0
vn 0 1 0
vn 0 1 0
vn 0 1 0
vn 0 1 0
vn 0 1 0
vn 0 1 0
vn 0 1 0
vn 0 1 0
vn 0 1 0
vn 0 1 0
vn 0 1 0
vn 0 1 0
vn 0 1 0
vn 0 1 0
vn 0 1 0
vn 0 1 0
vn 0 1 0
vn 0 1 0
vn 0 1 0
vn 0 1 0
vn 0 1 0
vn 0 1 0
vn 0 1 0
vn 0 1 0
vn 0 1 0
vn 0 1 0
vn 0 1 0
vn 0 1 0
vn 0 1 0
vn 0 1 0
vn 0 1 0
vn 0 1 0
vn 0 1 0
vn 0 1 0
vn 0 1 0
vn 0 1 0
vn 0 1 0
vn 0 1 0
vn 0 1 0
vn 0 1 0
vn 0 1 0
vn 0 1 0
vn 0 1 0
vn 0 1 0
vn 0 1 0
vn 0 1 0
vn 0 1 0
vn 0 1 0
vn 0 1 0
vn 0 1 0
vn 0 1 0
vn 0 1 0
vn 0 1 0
vn 0 1 0
vn 0 1 0
vn -0 1 -0
vn -0 1 -0
vn 0 1 0
vn 0 1 0
vn -0 1 -0
vn -0 1 -0
vn 0 1 0
vn 0 1 0
vn 0 1 0
vn 0 1 0
vn 0 1 0
vn 0 1 0
vn 0 1 0
vn 0 1 0
vn 0 1 0
vn 0 1 0
vn -0 1 -0
vn -0 1 -0
vn 0 1 0
vn 0 1 0
vn -0 1 -0
vn -0 1 -0
vn 0 1 0
vn 0 1 0
vn 0 1 0
vn 0 1 0
vn 0 1 0
vn 0 1 0
vn 0 1 0
vn 0 1 0
vn 0 1 0
vn 0 1 0
vn 0 1 0
vn 0 1 0
vn 0 1 0
vn 0 1 0
vn 0 1 0
vn 0 1 0
vn 0 1 0
vn 0 1 0
vn 0 1 0
vn 0 1 0
vn 0 1 0
vn 0 1 0
vn 0 1 0
vn 0 1 0
vn 0 1 0
vn 0 1 0
vn 0 1 0
vn 0 1 0
vn 0 1 0
vn 0 1 0
vn 0 1 0
vn 0 1 0
vn 0 1 0
vn 0 1 0
vn 0 1 0
vn 0 1 0
vn 0 1 0
vn 0 1 0
vn 0 1 0
vn 0 1 0
vn 0 1 0
vn 0 1 0
vn -0 1 -0
vn -0 1 -0
vn 0 1 0
vn 0 1 0
vn -0 1 -0
vn -0 1 -0
vn 0 1 0
vn 0 1 0
vn 0 1 0
vn 0 1 0
vn 0 1 0
vn 0 1 0
vn 0 1 0
vn 0 1 0
vn 0 1 0
vn 0 1 0
vn -0 1 -0
vn -0 1 -0
vn 0 1 0
vn 0 1 0
vn -0 1 -0
vn -0 1 -0
vn 0 1 0
vn 0 1 -0
vn 0 1 0
vn 0 1 0
vn 0 1 0
vn 0 1 0
vn 0 1 0
vn 0 1 0
vn 0 1 0
vn 0 1 0
vn 0 1 0
vn 0 1 0
vn 0 1 0
vn 0 1 0
vn 0 1 0
vn 0 1 0
vn 0 1 0
vn 0 1 0
vn 0 1 0
vn 0 1 0
vn 0 1 0
vn 0 1 0
vn 0 1 0
vn 0 1 0
vn 0 1 0
vn 0 1 0
vn 0 1 0
vn 0 1 0
vn 0 1 0
vn 0 1 0
vn 0 1 0
vn 0 1 0
vn 0 1 0
vn 0 1 0
vn 0 1 0
vn 0 1 0
vn 0 1 0
vn 0 1 0
vn 0 1 0
vn 0 1 0
vn 0 1 0
vn 0 1 0
vn 0 1 0
vn 0 1 0
vn 0 1 0
vn 0 1 0
vn 0 1 0
vn 0 1 0
vn 0 1 0
vn 0 1 0
vn 0 1 -0
vn 0 1 0
vn 0 1 0
vn 0 1 0
vn 0 1 0
vn 0 1 0
vn 0 1 0
vn 0 1 0
vn 0 1 0
vn 0 1 0
vn 0 1 0
vn 0 1 -0
vn 0 1 0
vn 0 1 0
vn 0 1 0
vn 0 1 0
vn 0 1 0
vn 0 1 0
vn 0 1 0
vn 0 1 0
vn 0 1 0
vn 0 1 0
vn 0 1 0
vn 0 1 0
vn 0 1 0
vn 0 1 0
vn 0 1 0
vn 0 1 0
vn 0 1 0
vn 0 1 0
vn 0 1 0
vn 0 1 0
vn 0 1 0
vn 0 1 0
vn 0 1 0
vn 0 1 0
vn 0 1 0
vn 0 1 0
vn 0 1 0
vn 0 1 0
vn 0 1 0
vn 0 1 0
vn 0 1 0
vn 0 1 0
vn 0 1 0
vn 0 1 0
vn 0 1 0
vn 0 1 0
vn 0 1 0
vn 0 1 0
vn 0 1 0
vn 0 1 0
vn 0 1 0
vn 0 1 0
vn 0 1 0
vn 0 1 0
vn 0 1 0
vn 0 1 0
vn 0 1 0
vn 0 1 0
vn 0 1 0
vn 0 1 0
vn 0 1 0
vn 0 1 0
vn 0 1 0
vn 0 1 0
vn 0 1 0
vn 0 1 0
vn 0 1 0
vn 0 1 0
vn 0 1 0
vn 0 1 0
vn 0 1 0
vn 0 1 0
vn 0 1 0
vn 0 1 0
vn 0 1 0
vn 0 1 0
vn 0 1 0
vn 0 1 0
vn 0 1 0
vn 0 1 0
vn 0 1 0
vn 0 1 0
vn 0 1 0
vn 0 1 0
vn 0 1 0
vn 0 1 0
vn 0 1 0
vn 0 1 0
vn 0 1 0
vn 0 1 0
vn 0 1 0
vn 0 1 0
vn 0 1 0
vn 0 1 0
vn 0 1 0
vn 0 1 0
vn 0 1 0
vn 0 1 0
vn 0 1 0
vn 0 1 0
vn 0 1 0
vn 0 1 0
vn 0 1 0
vn 0 1 0
vn 0 1 0
vn 0 1 0
vn 0 1 0
vn 0 1 0
vn 0 1 0
vn 0 1 0
vn 0 1 0
vn 0 1 0
vn 0 1 0
vn 0 1 0
vn 0 1 0
vn 0 1 0
vn 0 1 0
vn 0 1 0
vn -0 1 -0
vn -0 1 -0
vn 0 1 0
vn 0 1 0
vn -0 1 -0
vn -0 1 -0
vn 0 1 0
vn 0 1 0
vn 0 1 0
vn 0 1 0
vn 0 1 0
vn 0 1 0
vn 0 1 0
vn 0 1 0
vn 0 1 0
vn 0 1 0
vn -0 1 -0
vn -0 1 -0
vn 0 1 0
vn 0 1 0
vn -0 1 -0
vn -0 1 -0
vn 0 1 0
vn 0 1 0
vn 0 1 0
vn 0 1 0
vn 0 1 0
vn 0 1 0
vn 0 1 0
vn 0 1 0
vn 0 1 0
vn 0 1 0
vn 0 1 0
vn 0 1 0
vn 0 1 0
vn 0 1 0
vn 0 1 0
vn 0 1 0
vn 0 1 0
vn 0 1 0
vn 0 1 0
vn 0 1 0
vn 0 1 0
vn 0 1 0
vn 0 1 0
vn 0 1 0
vn 0 1 0
vn 0 1 0
vn 0 1 0
vn 0 1 0
vn 0 1 0
vn 0 1 0
vn 0 1 0
vn 0 1 0
vn 0 1 0
vn 0 1 0
vn 0 1 0
vn 0 1 0
vn 0 1 0
vn 0 1 0
vn 0 1 0
vn 0 1 0
vn 0 1 0
vn 0 1 0
vn -0 1 -0
vn -0 1 -0
vn 0 1 0
vn 0 1 0
vn -0 1 -0
vn -0 1 -0
vn 0 1 0
vn 0 1 0
vn 0 1 0
vn 0 1 0
vn 0 1 0
vn 0 1 0
vn 0 1 0
vn 0 1 0
vn 0 1 0
vn 0 1 0
vn -0 1 -0
vn -0 1 -0
vn 0 1 0
vn 0 1 0
vn -0 1 -0
vn -0 1 -0
vn 0 1 0
vn 0 1 0
vn 0 1 0
vn 0 1 0
vn 0 1 0
vn 0 1 0
vn 0 1 0
vn 0 1 0
vn 0 1 0
vn 0 1 0
vn 0 1 0
vn 0 1 0
vn 0 1 0
vn 0 1 0
vn 0 1 0
vn 0 1 0
vn 0 1 0
vn 0 1 0
vn 0 1 0
vn 0 1 0
vn 0 1 0
vn 0 1 0
vn 0 1 0
vn 0 1 0
vn 0 1 0
vn 0 1 0
vn 0 1 0
vn 0 1 0
vn 0 1 0
vn 0 1 0
vn 0 1 0
vn 0 1 0
vn 0 1 0
vn 0 1 0
vn 0 1 0
vn 0 1 0
vn 0 1 0
vn 0 1 0
vn 0 1 0
vn 0 1 0
vn 0 1 0
vn 0 1 0
vn 0 1 0
vn 0 1 0
vn 0 1 0
vn 0 1 0
vn 0 1 0
vn 0 1 0
vn 0 1 0
vn 0 1 0
vn 0 1 0
vn 0 1 0
vn 0 1 0
vn 0 1 0
vn 0 1 0
vn 0 1 0
vn 0 1 0
vn 0 1 0
vn 0 1 0
vn 0 1 0
vn 0 1 0
vn 0 1 0
vn 0 1 0
vn 0 1 0
vn 0 1 0
vn 0 1 0
vn 0 1 0
vn 0 1 0
vn 0 1 0
vn 0 1 0
vn 0 1 0
vn 0 1 0
vn 0 1 0
vn 0 1 0
vn 0 1 0
vn 0 1 0
vn 0 1 0
vn 0 1 0
vn 0 1 0
vn 0 1 0
vn 0 1 0
vn 0 1 0
vn 0 1 0
vn 0 1 0
vn 0 1 0
vn 0 1 0
vn 0 1 0
vn 0 1 0
vn 0 1 0
vn 0 1 0
vn 0 1 0
vn 0 1 0
vn 0 1 0
vn 0 1 0
vn 0 1 0
vn 0 1 0
vn 0 1 0
vn 0 1 0
vn 0 1 0
vn 0 1 0
vn 0 1 0
vn 0 1 0
vn 0 1 0
vn 0 1 0
vn 0 1 0
vn 0 1 0
vn 0 1 0
vn 0 1 0
vn 0 1 0
vn 0 1 0
vn 0 1 0
vn 0 1 0
vn 0 1 0
vn 0 1 0
vn 0 1 0
vn 0 1 0
vn 0 1 0
vn 0 1 0
vn 0 1 0
vn 0 1 0
vn 0 1 0
vn 0 1 0
vn 0 1 0
vn 0 1 0
vn 0 1 0
vn 0 1 0
vn 0 1 0
vn 0 1 0
vn 0 1 0
vn 0 1 0
vn 0 1 0
vn 0 1 0
vn 0 1 0
vn 0 1 0
vn 0 1 0
vn 0 1 0
vn 0 1 0
vn 0 1 0
vn 0 1 0
vn 0 1 0
vn 0 1 0
vn 0 1 0
vn 0 1 0
vn 0 1 0
vn 0 1 0
vn 0 1 0
vn 0 1 0
vn 0 1 0
vn 0 1 0
vn 0 1 0
vn 0 1 0
vn 0 1 0
vn 0 1 0
vn 0 1 0
vn 0 1 0
vn 0 1 0
vn 0 1 0
vn 0 1 0
vn 0 1 0
vn 0 1 0
vn 0 1 0
vn 0 1 0
vn 0 1 0
vn 0 1 0
vn 0 1 0
vn 0 1 0
vn 0 1 0
vn 0 1 0
vn 0 1 0
vn 0 1 0
vn 0 1 0
vn 0 1 0
vn 0 1 0
vn 0 1 0
vn 0 1 0
vn 0 1 0
vn 0 1 0
vn 0 1 0
vn 0 1 0
vn 0 1 0
vn 0 1 0
vn 0 1 0
vn 0 1 0
vn 0 1 0
vn 0 1 0
vn 0 1 0
vn 0 1 0
vn 0 1 0
vn 0 1 0
vn 0 1 0
vn 0 1 0
vn 0 1 0
vn 0 1 0
vn 0 1 0
vn 0 1 0
vn 0 1 0
vn 0 1 0
vn 0 1 0
vn 0 1 0
vn 0 1 0
vn 0 1 0
vn 0 1 0
vn 0 1 0
vn 0 1 0
vn 0 1 0
vn 0 1 0
vn 0 1 0
vn 0 1 0
vn 0 1 0
vn 0 1 0
vn 0 1 0
vn 0 1 0
vn 0 1 0
vn 0 1 0
vn 0 1 0
vn 0 1 0
vn 0 1 0
vn 0 1 0
vn 0 1 0
vn 0 1 0
vn 0 1 0
vn 0 1 0
vn 0 1 0
vn 0 1 0
vn 0 1 0
vn 0 1 0
vn 0 1 0
vn 0 1 0
vn 0 1 0
vn 0 1 0
vn 0 1 0
vn 0 1 0
vn 0 1 0
vn 0 1 0
vn 0 1 0
vn 0 1 0
vn 0 1 0
vn 0 1 0
vn 0 1 0
vn 0 1 0
vn 0 1 0
vn 0 1 0
vn 0 1 0
vn 0 1 0
vn 0 1 0
vn 0 1 0
vn 0 1 0
vn 0 1 0
vn 0 1 0
vn 0 1 0
vn 0 1 0
vn 0 1 0
vn 0 1 0
vn 0 1 0
vn 0 1 0
vn 0 1 0
vn 0 1 0
vn 0 1 0
vn 0 1 0
vn 0 1 0
vn 0 1 0
vn 0 1 0
vn 0 1 0
vn 0 1 0
vn 0 1 0
vn 0 1 0
vn 0 1 0
vn 0 1 0
vn 0 1 0
vn 0 1 0
vn 0 1 0
vn 0 1 0
vn 0 1 0
vn 0 1 0
vn 0 1 0
vn 0 1 0
vn 0 1 0
vn 0 1 0
vn 0 1 0
vn 0 1 0
vn 0 1 0
vn 0 1 0
vn 0 1 0
vn 0 1 0
vn 0 1 0
vn 0 1 0
vn 0 1 0
vn 0 1 0
vn 0 1 0
vn 0 1 0
vn 0 1 0
vn 0 1 0
vn 0 1 0
vn 0 1 0
vn 0 1 0
vn 0 1 0
vn 0 1 0
vn 0 1 0
vn 0 1 0
vn 0 1 0
vn 0 1 0
vn 0 1 0
vn 0 1 0
vn 0 1 0
vn 0 1 0
vn 0 1 0
vn 0 1 0
vn 0 1 0
vn 0 1 0
vn 0 1 0
vn 0 1 0
vn 0 1 0
vn 0 1 0
vn 0 1 0
vn 0 1 0
vn 0 1 0
vn 0 1 0
vn 0 1 0
vn 0 1 0
vn 0 1 0
vn 0 1 0
vn 0 1 0
vn 0 1 0
vn 0 1 0
vn 0 1 0
vn 0 1 0
vn 0 1 0
vn 0 1 0
vn 0 1 0
vn 0 1 0
vn 0 1 0
vn 0 1 0
vn 0 1 0
vn 0 1 0
vn 0 1 0
vn 0 1 0
vn 0 1 0
vn 0 1 0
vn 0 1 0
vn 0 1 0
vn 0 1 0
vn 0 1 0
vn 0 1 0
vn 0 1 0
vn 0 1 0
vn 0 1 0
vn 0 1 0
vn 0 1 0
vn 0 1 0
vn 0 1 0
vn 0 1 0
vn 0 1 0
vn 0 1 0
vn 0 1 0
vn 0 1 0
vn 0 1 0
vn 0 1 0
vn 0 1 0
vn 0 1 0
vn 0 1 0
vn 0 1 0
vn 0 1 0
vn 0 1 0
vn 0 1 0
vn 0 1 0
vn 0 1 0
vn 0 1 0
vn 0 1 0
vn 0 1 0
vn 0 1 0
vn 0 1 0
vn 0 1 0
vn 0 1 0
vn 0 1 0
vn 0 1 0
vn 0 1 0
vn 0 1 0
vn 0 1 0
vn 0 1 0
vn 0 1 0
vn 0 1 0
vn 0 1 0
vn 0 1 0
vn 0 1 0
vn 0 1 0
vn 0 1 0
vn 0 1 0
vn 0 1 0
vn 0 1 0
vn 0 1 0
vn 0 1 0
vn 0 1 0
vn 0 1 0
vn 0 1 0
vn 0 1 0
vn 0 1 0
vn 0 1 0
vn 0 1 0
vn 0 1 0
vn 0 1 0
vn 0 1 0
vn 0 1 0
vn 0 1 0
vn 0 1 0
vn 0 1 0
vn 0 1 0
vn 0 1 0
vn 0 1 0
vn 0 1 0
vn 0 1 0
vn 0 1 0
vn 0 1 0
vn 0 1 0
vn 0 1 0
vn 0 1 0
vn 0 1 0
vn 0 1 0
vn 0 1 0
vn 0 1 0
vn 0 1 0
vn 0 1 0
vn 0 1 0
vn 0 1 0
vn 0 1 0
vn 0 1 0
vn 0 1 0
vn 0 1 0
vn 0 1 0
vn 0 1 0
vn 0 1 0
vn 0 1 0
vn 0 1 0
vn 0 1 0
vn 0 1 0
vn 0 1 0
vn 0 1 0
vn 0 1 0
vn 0 1 0
vn 0 1 0
vn 0 1 0
vn 0 1 0
vn 0 1 0
vn 0 1 0
vn 0 1 0
vn 0 1 0
vn 0 1 0
vn 0 1 0
vn 0 1 0
vn 0 1 0
vn 0 1 0
vn 0 1 0
vn 0 1 0
vn 0 1 0
vn 0 1 0
vn 0 1 0
vn 0 1 0
vn 0 1 0
vn 0 1 0
vn 0 1 0
vn 0 1 0
vn 0 1 0
vn 0 1 0
vn 0 1 0
vn 0 1 0
vn 0 1 0
vn 0 1 0
vn 0 1 0
vn 0 1 0
vn 0 1 0
vn 0 1 0
vn 0 1 0
vn 0 1 0
vn 0 1 0
vn 0 1 0
vn 0 1 0
vn 0 1 0
vn 0 1 0
vn 0 1 0
vn 0 1 0
vn 0 1 0
vn 0 1 0
vn 0 1 0
vn 0 1 0
vn 0 1 0
vn 0 1 0
vn 0 1 0
vn 0 1 0
vn 0 1 0
vn 0 1 0
vn 0 1 0
vn 0 1 0
vn 0 1 0
vn 0 1 0
vn 0 1 0
vn 0 1 0
vn 0 1 0
vn 0 1 0
vn 0 1 0
vn 0 1 0
vn 0 1 0
vn 0 1 0
vn 0 1 0
vn 0 1 0
vn 0 1 0
vn 0 1 0
vn 0 1 0
vn 0 1 0
vn 0 1 0
vn 0 1 0
vn 0 1 0
vn 0 1 0
vn 0 1 0
vn 0 1 0
vn 0 1 0
vn 0 1 0
vn 0 1 0
vn 0 1 0
vn 0 1 0
vn 0 1 0
vn 0 1 0
vn 0 1 0
vn 0 1 0
vn 0 1 0
vn 0 1 0
vn 0 1 0
vn 0 1 0
vn 0 1 0
vn 0 1 0
vn 0 1 0
vn 0 1 0
vn 0 1 0
vn 0 1 0
vn 0 1 0
vn 0 1 0
vn 0 1 0
vn 0 1 0
vn 0 1 0
vn 0 1 0
vn 0 1 0
vn 0 1 0
vn 0 1 0
vn 0 1 0
vn 0 1 0
vn 0 1 0
vn 0 1 0
vn 0 1 0
vn 0 1 0
vn 0 1 0
vn 0 1 0
vn 0 1 0
vn 0 1 0
vn 0 1 0
vn 0 1 0
vn 0 1 0
vn 0 1 0
vn 0 1 0
vn 0 1 0
vn 0 1 0
vn 0 1 0
vn 0 1 0
vn 0 1 0
vn 0 1 0
vn 0 1 0
vn 0 1 0
vn 0 1 0
vn 0 1 0
vn 0 1 0
vn 0 1 0
vn 0 1 0
vn 0 1 0
vn 0 1 0
vn 0 1 0
vn 0 1 0
vn 0 1 0
vn 0 1 0
vn 0 1 0
vn 0 1 0
vn 0 1 0
vn 0 1 0
vn 0 1 0
vn 0 1 0
vn 0 1 0
vn 0 1 0
vn 0 1 0
vn 0 1 0
vn 0 1 0
vn 0 1 0
vn 0 1 0
vn 0 1 0
vn 0 1 0
vn 0 1 0
vn 0 1 0
vn 0 1 0
vn 0 1 0
vn 0 1 0
vn 0 1 0
vn 0 1 0
vn 0 1 0
vn 0 1 0
vn 0 1 0
vn 0 1 0
vn 0 1 0
vn 0 1 0
vn 0 1 0
vn 0 1 0
vn 0 1 0
vn 0 1 0
vn 0 1 0
vn 0 1 0
vn 0 1 0
vn 0 1 0
vn 0 1 0
vn 0 1 0
vn 0 1 0
vn 0 1 0
vn 0 1 0
vn 0 1 0
vn 0 1 0
vn 0 1 0
vn 0 1 0
vn 0 1 0
vn 0 1 0
vn 0 1 0
vn 0 1 0
vn 0 1 0
vn 0 1 0
vn 0 1 0
vn 0 1 0
vn 0 1 0
vn 0 1 0
vn 0 1 0
vn 0 1 0
vn 0 1 0
vn 0 1 0
vn 0 1 0
vn 0 1 0
vn 0 1 0
vn 0 1 0
vn 0 1 0
vn 0 1 0
vn 0 1 0
vn 0 1 0
vn 0 1 0
vn 0 1 0
vn 0 1 0
vn 0 1 0
vn 0 1 0
vn 0 1 0
vn 0 1 0
vn 0 1 0
vn 0 1 0
vn 0 1 0
vn 0 1 0
vn 0 1 0
vn 0 1 0
vn 0 1 0
vn 0 1 0
vn 0 1 0
vn 0 1 0
vn 0 1 0
vn 0 1 0
vn 0 1 0
vn 0 1 0
vn 0 1 0
vn 0 1 0
vn 0 1 0
vn 0 1 0
vn 0 1 0
vn 0 1 0
vn 0 1 0
vn 0 1 0
vn 0 1 0
vn 0 1 0
vn 0 1 0
vn 0 1 0
vn 0 1 0
vn 0 1 0
vn 0 1 0
vn 0 1 0
vn 0 1 0
vn 0 1 0
vn 0 1 0
vn -0 1 -0
vn -0 1 -0
vn 0 1 0
vn 0 1 0
vn -0 1 -0
vn -0 1 -0
vn 0 1 0
vn 0 1 0
vn 0 1 0
vn 0 1 0
vn 0 1 0
vn 0 1 0
vn 0 1 0
vn 0 1 0
vn 0 1 0
vn 0 1 0
vn -0 1 -0
vn -0 1 -0
vn 0 1 0
vn 0 1 0
vn 0 1 -0
vn -0 1 -0
vn 0 1 0
vn 0 1 0
vn 0 1 0
vn 0 1 0
vn 0 1 0
vn 0 1 0
vn 0 1 0
vn 0 1 0
vn 0 1 0
vn 0 1 0
vn 0 1 0
vn 0 1 0
vn 0 1 0
vn 0 1 0
vn 0 1 0
vn 0 1 0
vn 0 1 0
vn 0 1 0
vn 0 1 0
vn 0 1 0
vn 0 1 0
vn 0 1 0
vn 0 1 0
vn 0 1 0
vn 0 1 0
vn 0 1 0
vn 0 1 0
vn 0 1 0
vn 0 1 0
vn 0 1 0
vn 0 1 0
vn 0 1 0
vn 0 1 0
vn 0 1 0
vn 0 1 0
vn 0 1 0
vn 0 1 0
vn 0 1 0
vn 0 1 0
vn 0 1 0
vn 0 1 0
vn 0 1 0
vn -0 1 -0
vn 0 1 -0
vn 0 1 0
vn 0 1 0
vn 0 1 -0
vn -0 1 -0
vn 0 1 0
vn 0 1 0
vn 0 1 0
vn 0 1 0
vn 0 1 0
vn 0 1 0
vn 0 1 0
vn 0 1 0
vn 0 1 0
vn 0 1 0
vn -0 1 -0
vn 0 1 -0
vn 0 1 0
vn 0 1 0
vn 0 1 -0
vn -0 1 -0
vn 0 1 0
vn 0 1 0
vn 0 1 0
vn 0 1 0
vn 0 1 0
vn 0 1 0
vn 0 1 0
vn 0 1 0
vn 0 1 0
vn 0 1 0
vn 0 1 0
vn 0 1 0
vn 0 1 0
vn 0 1 0
vn 0 1 0
vn 0 1 0
vn 0 1 0
vn 0 1 0
vn 0 1 0
vn 0 1 0
vn 0 1 0
vn 0 1 0
vn 0 1 0
vn 0 1 0
vn 0 1 0
vn 0 1 0
vn 0 1 0
vn 0 1 0
vn 0 1 0
vn 0 1 0
vn 0 1 0
vn 0 1 0
vn 0 1 0
vn 0 1 0
vn 0 1 0
vn 0 1 0
vn 0 1 0
vn 0 1 0
vn 0 1 0
vn 0 1 0
vn 0 1 0
vn 0 1 0
vn 0 1 0
vn 0 1 0
vn 0 1 0
vn 0 1 0
vn 0 1 0
vn 0 1 0
vn 0 1 0
vn 0 1 0
vn 0 1 0
vn 0 1 0
vn 0 1 0
vn 0 1 0
vn 0 1 0
vn 0 1 0
vn 0 1 0
vn 0 1 0
vn 0 1 0
vn 0 1 0
vn 0 1 0
vn 0 1 0
vn 0 1 0
vn 0 1 0
vn 0 1 0
vn 0 1 0
vn 0 1 0
vn 0 1 0
vn 0 1 0
vn 0 1 0
vn 0 1 0
vn 0 1 0
vn 0 1 0
vn 0 1 0
vn 0 1 0
vn 0 1 0
vn 0 1 0
vn 0 1 0
vn 0 1 0
vn 0 1 0
vn 0 1 0
vn 0 1 0
vn 0 1 0
vn 0 1 0
vn 0 1 0
vn 0 1 0
vn 0 1 0
vn 0 1 0
vn 0 1 0
vn 0 1 0
vn 0 1 0
vn 0 1 0
vn 0 1 0
vn 0 1 0
vn 0 1 0
vn 0 1 0
vn 0 1 0
vn 0 1 0
vn 0 1 0
vn 0 1 0
vn 0 1 0
vn 0 1 0
vn 0 1 0
vn 0 1 0
vn 0 1 0
vn 0 1 0
vn 0 1 0
vn 0 1 0
vn 0 1 0
vn 0 1 0
vn 0 1 0
vn 0 1 0
vn 0 1 0
vn 0 1 0
vn 0 1 0
vn 0 1 0
vn 0 1 0
vn 0 1 0
vn 0 1 0
vn 0 1 0
vn 0 1 0
vn 0 1 0
vn 0 1 0
vn 0 1 0
vn 0 1 0
vn 0 1 0
vn 0 1 0
vn 0 1 0
vn 0 1 0
vn 0 1 0
vn 0 1 0
vn 0 1 0
vn 0 1 0
vn 0 1 0
vn 0 1 0
vn 0 1 0
vn 0 1 0
vn 0 1 0
vn 0 1 0
vn 0 1 0
vn 0 1 0
vn 0 1 0
vn 0 1 0
vn 0 1 0
vn 0 1 0
vn 0 1 0
vn 0 1 0
vn 0 1 0
vn 0 1 0
vn 0 1 0
vn 0 1 0
vn 0 1 0
vn 0 1 0
vn 0 1 0
vn 0 1 0
vn 0 1 0
vn 0 1 0
vn 0 1 0
vn 0 1 0
vn 0 1 0
vn 0 1 0
vn 0 1 0
vn 0 1 0
vn 0 1 0
vn 0 1 0
vn 0 1 0
vn 0 1 0
vn 0 1 0
vn 0 1 0
vn 0 1 0
vn -0 1 -0
vn 0 1 -0
vn 0 1 0
vn 0 1 0
vn -0 1 -0
vn -0 1 -0
vn 0 1 0
vn 0 1 0
vn 0 1 0
vn 0 1 0
vn 0 1 0
vn 0 1 0
vn 0 1 0
vn 0 1 0
vn 0 1 0
vn 0 1 0
vn -0 1 -0
vn -0 1 -0
vn 0 1 0
vn 0 1 0
vn -0 1 -0
vn -0 1 -0
vn 0 1 0
vn 0 1 0
vn 0 1 0
vn 0 1 0
vn 0 1 0
vn 0 1 0
vn 0 1 0
vn 0 1 0
vn 0 1 0
vn 0 1 0
vn 0 1 0
vn 0 1 0
vn 0 1 0
vn 0 1 0
vn 0 1 0
vn 0 1 0
vn 0 1 0
vn 0 1 0
vn 0 1 0
vn 0 1 0
vn 0 1 0
vn 0 1 0
vn 0 1 0
vn 0 1 0
vn 0 1 0
vn 0 1 0
vn 0 1 0
vn 0 1 0
vn 0 1 0
vn 0 1 0
vn 0 1 0
vn 0 1 0
vn 0 1 0
vn 0 1 0
vn 0 1 0
vn 0 1 0
vn 0 1 0
vn 0 1 0
vn 0 1 0
vn 0 1 0
vn 0 1 0
vn 0 1 0
vn -0 1 -0
vn -0 1 -0
vn 0 1 0
vn 0 1 0
vn -0 1 -0
vn -0 1 -0
vn 0 1 0
vn 0 1 0
vn 0 1 0
vn 0 1 0
vn 0 1 0
vn 0 1 0
vn 0 1 0
vn 0 1 0
vn 0 1 0
vn 0 1 0
vn -0 1 -0
vn -0 1 -0
vn 0 1 0
vn 0 1 0
vn -0 1 -0
vn -0 1 -0
vn 0 1 0
vn 0 1 0
vn 0 1 0
vn 0 0.999999762 0.000678702956
vn 0 0.999999762 0.000678703014
vn 0 0.999999762 0.000678703014
vn 0 0.999999762 0.000678702956
vn 0 0.999996245 0.00272764266
vn 0 0.999996245 0.00272764219
vn 0 0.999999762 0.000678702956
vn 0 0.999999762 0.000678703014
vn 0 0.999996245 0.00272764289
vn 0 0.999996245 0.00272764266
vn 0 1 0
vn 0 1 0
vn 0 0.999999762 0.000678703014
vn 0 0.999999762 0.000678702956
vn 0 0.999996245 0.00272764219
vn 0 0.999996245 0.00272764266
vn 0 0.999980807 0.00618587481
vn 0 0.999980867 0.00618587481
vn 0 0.999980867 0.00618587481
vn 0 0.999980807 0.00618587481
vn 0 0.99993819 0.0111203613
vn 0 0.99993819 0.0111203613
vn 0 0.999980807 0.00618587481
vn 0 0.999980807 0.00618587527
vn 0 0.99993819 0.0111203603
vn 0 0.99993819 0.0111203613
vn 0 0.999996245 0.00272764266
vn 0 0.999996245 0.00272764289
vn 0 0.999980807 0.00618587527
vn 0 0.999980807 0.00618587481
vn 0 0.999996245 0.00272764289
vn 0 0.999996245 0.00272764266
vn 0 0.999980927 0.00618587481
vn 0 0.999980807 0.00618587527
vn 0 0.999980807 0.00618587527
vn 0 0.999980927 0.00618587481
vn 0 0.99993813 0.0111203594
vn 0 0.99993819 0.0111203603
vn 0 0.999980927 0.00618587481
vn 0 0.999980927 0.00618587481
vn 0 0.99993813 0.0111203603
vn 0 0.99993813 0.0111203594
vn 0 0.999996245 0.00272764266
vn 0 0.999996245 0.00272764266
vn 0 0.999980927 0.00618587481
vn 0 0.999980927 0.00618587481
vn 0 1 0
vn 0 1 0
vn 0 0.999999762 0.000678702956
vn 0 0.999999762 0.000678703014
vn 0 0.999999762 0.000678703014
vn 0 0.999999762 0.000678702956
vn 0 0.999996245 0.00272764266
vn 0 0.999996245 0.00272764289
vn 0 0.999999762 0.000678702956
vn 0 0.999999762 0.000678703014
vn 0 0.999996245 0.00272764266
vn 0 0.999996245 0.00272764266
vn 0 1 0
vn 0 1 0
vn 0 0.999999762 0.000678703014
vn 0 0.999999762 0.000678702956
vn 0 0.99993819 0.0111203613
vn 0 0.99993819 0.0111203613
vn 0 0.999844551 0.0176289659
vn 0 0.99984467 0.0176289398
vn 0 0.99984467 0.0176289398
vn 0 0.999844551 0.0176289659
vn 0 0.999665916 0.0258448068
vn -1.47885473e-08 0.999665916 0.025844831
vn 0 0.999844551 0.0176289659
vn 0 0.99984467 0.0176289417
vn 1.47885553e-08 0.999665916 0.025844831
vn 0 0.999665916 0.0258448068
vn 0 0.99993819 0.0111203613
vn 0 0.99993819 0.0111203603
vn 0 0.99984467 0.0176289417
vn 0 0.999844551 0.0176289659
vn -1.47885473e-08 0.999665916 0.025844831
vn 0 0.999665916 0.0258448068
vn 0 0.999353826 0.03594267
vn 0 0.999353826 0.0359427072
vn 0 0.999353826 0.0359427072
vn 0 0.999353826 0.03594267
vn 0 0.998840213 0.0481472835
vn 0 0.998840153 0.0481472835
vn 0 0.999353826 0.03594267
vn 0 0.999353826 0.0359427072
vn 0 0.998840153 0.0481472872
vn 0 0.998840213 0.0481472835
vn 0 0.999665916 0.0258448068
vn 1.47885553e-08 0.999665916 0.025844831
vn 0 0.999353826 0.0359427072
vn 0 0.999353826 0.03594267
vn 1.47885553e-08 0.999665916 0.025844831
vn 0 0.999665916 0.0258448161
vn 0 0.999353826 0.0359426886
vn 0 0.999353826 0.0359427072
vn 0 0.999353826 0.0359427072
vn 0 0.999353826 0.0359426886
vn 2.75500796e-08 0.998840153 0.0481472835
vn 0 0.998840153 0.0481472872
vn 0 0.999353826 0.0359426886
vn 0 0.999353826 0.0359426849
vn -3.16648936e-14 0.998840213 0.0481473021
vn 2.75500796e-08 0.998840153 0.0481472835
vn 0 0.999665916 0.0258448161
vn -1.47885544e-08 0.999665916 0.025844831
vn 0 0.999353826 0.0359426849
vn 0 0.999353826 0.0359426886
vn 0 0.99993819 0.0111203603
vn 0 0.99993813 0.0111203594
vn 0 0.999844551 0.017628951
vn 0 0.99984467 0.0176289417
vn 0 0.99984467 0.0176289417
vn 0 0.999844551 0.017628951
vn 0 0.999665916 0.0258448161
vn 1.47885553e-08 0.999665916 0.025844831
vn 0 0.999844551 0.017628951
vn 0 0.99984467 0.0176289398
vn -1.47885544e-08 0.999665916 0.025844831
vn 0 0.999665916 0.0258448161
vn 0 0.99993813 0.0111203594
vn 0 0.99993813 0.0111203603
vn 0 0.99984467 0.0176289398
vn 0 0.999844551 0.017628951
vn 0 0.99993813 0.0111203603
vn 0 0.99993813 0.0111203603
vn 0 0.999844551 0.0176289659
vn 0 0.99984467 0.0176289398
vn 0 0.99984467 0.0176289398
vn 0 0.999844551 0.0176289659
vn 0 0.999665916 0.0258448068
vn -1.47885544e-08 0.999665916 0.025844831
vn 0 0.999844551 0.0176289659
vn 0 0.99984467 0.0176289398
vn 1.47885393e-08 0.999665916 0.025844831
vn 0 0.999665916 0.0258448068
vn 0 0.99993813 0.0111203603
vn 0 0.99993813 0.0111203594
vn 0 0.99984467 0.0176289398
vn 0 0.999844551 0.0176289659
vn -1.47885544e-08 0.999665916 0.025844831
vn 0 0.999665916 0.0258448068
vn 0 0.999353826 0.03594267
vn 0 0.999353826 0.0359426849
vn 0 0.999353826 0.0359426849
vn 0 0.999353826 0.03594267
vn -2.7550108e-08 0.998840153 0.0481472835
vn -3.16648936e-14 0.998840213 0.0481473021
vn 0 0.999353826 0.03594267
vn 0 0.999353826 0.0359427072
vn 0 0.998840213 0.0481472835
vn -2.7550108e-08 0.998840153 0.0481472835
vn 0 0.999665916 0.0258448068
vn 1.47885393e-08 0.999665916 0.025844831
vn 0 0.999353826 0.0359427072
vn 0 0.999353826 0.03594267
vn 1.47885393e-08 0.999665916 0.025844831
vn -1.47885277e-08 0.999665916 0.0258448161
vn 0 0.999353826 0.0359426886
vn 0 0.999353826 0.0359427072
vn 0 0.999353826 0.0359427072
vn 0 0.999353826 0.0359426886
vn 0 0.998840213 0.0481472872
vn 0 0.998840213 0.0481472835
vn 0 0.999353826 0.0359426886
vn 0 0.999353826 0.0359426886
vn 0 0.998840153 0.0481472835
vn 0 0.998840213 0.0481472872
vn -1.47885277e-08 0.999665916 0.0258448161
vn -1.47885144e-08 0.999665916 0.0258448217
vn 0 0.999353826 0.0359426886
vn 0 0.999353826 0.0359426886
vn 0 0.99993813 0.0111203594
vn 0 0.99993813 0.0111203603
vn 0 0.99984467 0.0176289584
vn 0 0.99984467 0.0176289398
vn 0 0.99984467 0.0176289398
vn 0 0.99984467 0.0176289584
vn -1.47885277e-08 0.999665916 0.0258448161
vn 1.47885393e-08 0.999665916 0.025844831
vn 0 0.99984467 0.0176289584
vn 0 0.99984467 0.0176289529
vn -1.47885144e-08 0.999665916 0.0258448217
vn -1.47885277e-08 0.999665916 0.0258448161
vn 0 0.99993813 0.0111203603
vn 0 0.99993813 0.0111203603
vn 0 0.99984467 0.0176289529
vn 0 0.99984467 0.0176289584
vn 0 1 0
vn 0 1 0
vn 0 0.999999762 0.000678702956
vn 0 0.999999762 0.000678703014
vn 0 0.999999762 0.000678703014
vn 0 0.999999762 0.000678702956
vn 0 0.999996245 0.00272764266
vn 0 0.999996245 0.00272764266
vn 0 0.999999762 0.000678702956
vn 0 0.999999762 0.000678703014
vn 0 0.999996245 0.00272764266
vn 0 0.999996245 0.00272764266
vn 0 1 0
vn 0 1 0
vn 0 0.999999762 0.000678703014
vn 0 0.999999762 0.000678702956
vn 0 0.999996245 0.00272764266
vn 0 0.999996245 0.00272764266
vn 0 0.999980807 0.00618587481
vn 0 0.999980927 0.00618587481
vn 0 0.999980927 0.00618587481
vn 0 0.999980807 0.00618587481
vn 0 0.99993813 0.0111203603
vn 0 0.99993813 0.0111203603
vn 0 0.999980807 0.00618587481
vn 0 0.999980867 0.00618587527
vn 0 0.99993813 0.0111203594
vn 0 0.99993813 0.0111203603
vn 0 0.999996245 0.00272764266
vn 0 0.999996245 0.00272764266
vn 0 0.999980867 0.00618587527
vn 0 0.999980807 0.00618587481
vn 0 0.999996245 0.00272764266
vn 0 0.999996245 0.00272764266
vn 0 0.999980807 0.00618587481
vn 0 0.999980867 0.00618587527
vn 0 0.999980867 0.00618587527
vn 0 0.999980807 0.00618587481
vn 0 0.99993813 0.0111203603
vn 0 0.99993813 0.0111203594
vn 0 0.999980807 0.00618587481
vn 0 0.999980927 0.00618587481
vn 0 0.99993813 0.0111203603
vn 0 0.99993813 0.0111203603
vn 0 0.999996245 0.00272764266
vn 0 0.999996245 0.00272764289
vn 0 0.999980927 0.00618587481
vn 0 0.999980807 0.00618587481
vn 0 1 0
vn 0 1 0
vn 0 0.999999762 0.000678703014
vn 0 0.999999762 0.000678703014
vn 0 0.999999762 0.000678703014
vn 0 0.999999762 0.000678703014
vn 0 0.999996245 0.00272764266
vn 0 0.999996245 0.00272764266
vn 0 0.999999762 0.000678703014
vn 0 0.999999762 0.000678703014
vn 0 0.999996245 0.00272764289
vn 0 0.999996245 0.00272764266
vn 0 1 0
vn 0 1 0
vn 0 0.999999762 0.000678703014
vn 0 0.999999762 0.000678703014
vn 0 0.998840153 0.0481472835
vn 0 0.998840213 0.0481472835
vn 0 0.99802959 0.0627449378
vn 0 0.99802959 0.0627448484
vn 0 0.99802959 0.0627448484
vn 0 0.99802959 0.0627449378
vn -4.58325466e-08 0.996786952 0.0800981671
vn -5.8807546e-14 0.996786952 0.0800982043
vn 0 0.99802959 0.0627449378
vn 0 0.99802959 0.0627448931
vn 8.59494903e-14 0.996786952 0.080098182
vn -4.58325466e-08 0.996786952 0.0800981671
vn 0 0.998840213 0.0481472835
vn 0 0.998840153 0.0481472872
vn 0 0.99802959 0.0627448931
vn 0 0.99802959 0.0627449378
vn -5.8807546e-14 0.996786952 0.0800982043
vn -4.58325466e-08 0.996786952 0.0800981671
vn 0 0.994920313 0.100665957
vn 0 0.994920313 0.100666016
vn 0 0.994920313 0.100666016
vn 0 0.994920313 0.100665957
vn 0 0.992153108 0.125029117
vn -7.15422814e-08 0.992153108 0.125029147
vn 0 0.994920313 0.100665957
vn 0 0.994920254 0.100665942
vn 7.23817097e-14 0.992153108 0.125029132
vn 0 0.992153108 0.125029117
vn -4.58325466e-08 0.996786952 0.0800981671
vn 8.59494903e-14 0.996786952 0.080098182
vn 0 0.994920254 0.100665942
vn 0 0.994920313 0.100665957
vn 8.59494903e-14 0.996786952 0.080098182
vn 0 0.996786952 0.0800981671
vn 0 0.994920313 0.100665979
vn 0 0.994920254 0.100665942
vn 0 0.994920254 0.100665942
vn 0 0.994920313 0.100665979
vn 0 0.992153108 0.125029117
vn 7.23817097e-14 0.992153108 0.125029132
vn 0 0.994920313 0.100665979
vn 0 0.994920313 0.100665957
vn 7.15421962e-08 0.992153108 0.125029132
vn 0 0.992153108 0.125029117
vn 0 0.996786952 0.0800981671
vn -5.65457173e-14 0.996787012 0.080098182
vn 0 0.994920313 0.100665957
vn 0 0.994920313 0.100665979
vn 0 0.998840153 0.0481472872
vn 2.75500796e-08 0.998840153 0.0481472835
vn 0 0.99802959 0.0627449378
vn 0 0.99802959 0.0627448931
vn 0 0.99802959 0.0627448931
vn 0 0.99802959 0.0627449378
vn 0 0.996786952 0.0800981671
vn 8.59494903e-14 0.996786952 0.080098182
vn 0 0.99802959 0.0627449378
vn 0 0.99802959 0.0627449304
vn -5.65457173e-14 0.996787012 0.080098182
vn 0 0.996786952 0.0800981671
vn 2.75500796e-08 0.998840153 0.0481472835
vn -3.16648936e-14 0.998840213 0.0481473021
vn 0 0.99802959 0.0627449304
vn 0 0.99802959 0.0627449378
vn -7.15422814e-08 0.992153108 0.125029147
vn 0 0.992153108 0.125029117
vn 0 0.988083124 0.153921559
vn 0 0.988083124 0.153921664
vn 0 0.988083124 0.153921664
vn 0 0.988083124 0.153921559
vn 0 0.982117116 0.188271031
vn 0 0.982117116 0.188271031
vn 0 0.988083124 0.153921559
vn 0 0.988083124 0.153921664
vn 0 0.982117116 0.188271046
vn 0 0.982117116 0.188271031
vn 0 0.992153108 0.125029117
vn 7.23817097e-14 0.992153108 0.125029132
vn 0 0.988083124 0.153921664
vn 0 0.988083124 0.153921559
vn 0 0.982117116 0.188271031
vn 0 0.982117116 0.188271031
vn 0 0.973370492 0.229237795
vn 0 0.973370492 0.229237795
vn 0 0.973370492 0.229237795
vn 0 0.973370492 0.229237795
vn -3.18429414e-07 0.9605093 0.278247923
vn 0 0.9605093 0.278247923
vn 0 0.973370492 0.229237795
vn 0 0.973370314 0.229238212
vn 4.70620938e-13 0.960509419 0.278247714
vn -3.18429414e-07 0.9605093 0.278247923
vn 0 0.982117116 0.188271031
vn 0 0.982117116 0.188271046
vn 0 0.973370314 0.229238212
vn 0 0.973370492 0.229237795
vn 0 0.982117116 0.188271046
vn 0 0.982117116 0.188271046
vn 0 0.973370492 0.229237795
vn 0 0.973370314 0.229238212
vn 0 0.973370314 0.229238212
vn 0 0.973370492 0.229237795
vn 3.18429642e-07 0.9605093 0.278247893
vn 4.70620938e-13 0.960509419 0.278247714
vn 0 0.973370492 0.229237795
vn 0 0.973370492 0.229237795
vn 0 0.9605093 0.278247923
vn 3.18429642e-07 0.9605093 0.278247893
vn 0 0.982117116 0.188271046
vn 0 0.982117116 0.188271031
vn 0 0.973370492 0.229237795
vn 0 0.973370492 0.229237795
vn 7.23817097e-14 0.992153108 0.125029132
vn 0 0.992153108 0.125029117
vn 0 0.988083124 0.153921574
vn 0 0.988083124 0.153921664
vn 0 0.988083124 0.153921664
vn 0 0.988083124 0.153921574
vn 0 0.982117116 0.188271046
vn 0 0.982117116 0.188271046
vn 0 0.988083124 0.153921574
vn 0 0.988083124 0.153921664
vn 0 0.982117116 0.188271031
vn 0 0.982117116 0.188271046
vn 0 0.992153108 0.125029117
vn 7.15421962e-08 0.992153108 0.125029132
vn 0 0.988083124 0.153921664
vn 0 0.988083124 0.153921574
vn 7.15421962e-08 0.992153108 0.125029132
vn -1.43084563e-07 0.992153108 0.125029147
vn 0 0.988083124 0.153921664
vn 0 0.988083124 0.153921664
vn 0 0.988083124 0.153921664
vn 0 0.988083124 0.153921664
vn 0 0.982117116 0.188271031
vn 0 0.982117116 0.188271031
vn 0 0.988083124 0.153921664
vn 0 0.988083124 0.153921455
vn 0 0.982117116 0.188271031
vn 0 0.982117116 0.188271031
vn -1.43084563e-07 0.992153108 0.125029147
vn 0 0.992153108 0.125029057
vn 0 0.988083124 0.153921455
vn 0 0.988083124 0.153921664
vn 0 0.982117116 0.188271031
vn 0 0.982117116 0.188271031
vn 0 0.973370492 0.229237795
vn 0 0.973370492 0.229237795
vn 0 0.973370492 0.229237795
vn 0 0.973370492 0.229237795
vn -3.1842967e-07 0.9605093 0.278247923
vn 0 0.9605093 0.278247923
vn 0 0.973370492 0.229237795
vn 0 0.973370314 0.229238182
vn -3.80116918e-13 0.96050936 0.278247714
vn -3.1842967e-07 0.9605093 0.278247923
vn 0 0.982117116 0.188271031
vn 0 0.982117116 0.188271031
vn 0 0.973370314 0.229238182
vn 0 0.973370492 0.229237795
vn 0 0.982117116 0.188271031
vn 0 0.982117116 0.188271031
vn 0 0.973370492 0.229237795
vn 0 0.973370314 0.229238182
vn 0 0.973370314 0.229238182
vn 0 0.973370492 0.229237795
vn 3.18428789e-07 0.960509241 0.278247893
vn -3.80116918e-13 0.96050936 0.278247714
vn 0 0.973370492 0.229237795
vn 0 0.973370492 0.229237795
vn 0 0.960509241 0.278247863
vn 3.18428789e-07 0.960509241 0.278247893
vn 0 0.982117116 0.188271031
vn 0 0.982117116 0.188271031
vn 0 0.973370492 0.229237795
vn 0 0.973370492 0.229237795
vn 0 0.992153108 0.125029057
vn 1.43084563e-07 0.992153049 0.125029147
vn 0 0.988083124 0.153921664
vn 0 0.988083124 0.153921455
vn 0 0.988083124 0.153921455
vn 0 0.988083124 0.153921664
vn 0 0.982117116 0.188271031
vn 0 0.982117116 0.188271031
vn 0 0.988083124 0.153921664
vn 0 0.988083124 0.153921664
vn 0 0.982117116 0.188271031
vn 0 0.982117116 0.188271031
vn 1.43084563e-07 0.992153049 0.125029147
vn -7.15421962e-08 0.992153108 0.125029132
vn 0 0.988083124 0.153921664
vn 0 0.988083124 0.153921664
vn -3.16648936e-14 0.998840213 0.0481473021
vn -2.7550108e-08 0.998840153 0.0481472835
vn 0 0.99802959 0.0627449378
vn 0 0.99802959 0.0627449304
vn 0 0.99802959 0.0627449304
vn 0 0.99802959 0.0627449378
vn 0 0.996787071 0.0800981671
vn -5.65457173e-14 0.996787012 0.080098182
vn 0 0.99802959 0.0627449378
vn 0 0.99802959 0.0627448931
vn -2.26182869e-15 0.996786952 0.080098182
vn 0 0.996787071 0.0800981671
vn -2.7550108e-08 0.998840153 0.0481472835
vn 0 0.998840213 0.0481472835
vn 0 0.99802959 0.0627448931
vn 0 0.99802959 0.0627449378
vn -5.65457173e-14 0.996787012 0.080098182
vn 0 0.996787071 0.0800981671
vn 0 0.994920313 0.10066589
vn 0 0.994920313 0.100665957
vn 0 0.994920313 0.100665957
vn 0 0.994920313 0.10066589
vn -1.43084563e-07 0.992153108 0.125029147
vn 7.15421962e-08 0.992153108 0.125029132
vn 0 0.994920313 0.10066589
vn 0 0.994920313 0.100666106
vn 0 0.992153108 0.125029057
vn -1.43084563e-07 0.992153108 0.125029147
vn 0 0.996787071 0.0800981671
vn -2.26182869e-15 0.996786952 0.080098182
vn 0 0.994920313 0.100666106
vn 0 0.994920313 0.10066589
vn -2.26182869e-15 0.996786952 0.080098182
vn 0 0.996786952 0.0800981671
vn 0 0.994920313 0.10066589
vn 0 0.994920313 0.100666106
vn 0 0.994920313 0.100666106
vn 0 0.994920313 0.10066589
vn 1.43084563e-07 0.992153049 0.125029147
vn 0 0.992153108 0.125029057
vn 0 0.994920313 0.10066589
vn -5.76014791e-08 0.994920313 0.100665957
vn -7.15421962e-08 0.992153108 0.125029132
vn 1.43084563e-07 0.992153049 0.125029147
vn 0 0.996786952 0.0800981671
vn 5.20220599e-14 0.996786952 0.080098182
vn -5.76014791e-08 0.994920313 0.100665957
vn 0 0.994920313 0.10066589
vn 0 0.998840213 0.0481472835
vn 0 0.998840213 0.0481472872
vn 0 0.99802959 0.0627449378
vn 0 0.99802959 0.0627448931
vn 0 0.99802959 0.0627448931
vn 0 0.99802959 0.0627449378
vn 0 0.996786952 0.0800981671
vn -2.26182869e-15 0.996786952 0.080098182
vn 0 0.99802959 0.0627449378
vn 0 0.99802959 0.0627448931
vn 5.20220599e-14 0.996786952 0.080098182
vn 0 0.996786952 0.0800981671
vn 0 0.998840213 0.0481472872
vn 0 0.998840153 0.0481472835
vn 0 0.99802959 0.0627448931
vn 0 0.99802959 0.0627449378
vn 0 0.998840153 0.0481472835
vn 2.75500796e-08 0.998840213 0.0481472835
vn 0 0.99802959 0.0627449378
vn 0 0.99802959 0.0627448931
vn 0 0.99802959 0.0627448931
vn 0 0.99802959 0.0627449378
vn 1.06305948e-13 0.996786952 0.0800982267
vn 5.20220599e-14 0.996786952 0.080098182
vn 0 0.99802959 0.0627449378
vn 0 0.99802959 0.0627449304
vn 1.47018872e-13 0.996786952 0.0800982416
vn 1.06305948e-13 0.996786952 0.0800982267
vn 2.75500796e-08 0.998840213 0.0481472835
vn -1.02910905e-13 0.998840213 0.0481473021
vn 0 0.99802959 0.0627449304
vn 0 0.99802959 0.0627449378
vn 5.20220599e-14 0.996786952 0.080098182
vn 1.06305948e-13 0.996786952 0.0800982267
vn -5.76014685e-08 0.994920313 0.100665949
vn -5.76014791e-08 0.994920313 0.100665957
vn -5.76014791e-08 0.994920313 0.100665957
vn -5.76014685e-08 0.994920313 0.100665949
vn -1.43084407e-07 0.992153108 0.125029027
vn -7.15421962e-08 0.992153108 0.125029132
vn -5.76014685e-08 0.994920313 0.100665949
vn 0 0.994920313 0.100666083
vn -1.44763406e-13 0.992153108 0.125028983
vn -1.43084407e-07 0.992153108 0.125029027
vn 1.06305948e-13 0.996786952 0.0800982267
vn 1.47018872e-13 0.996786952 0.0800982416
vn 0 0.994920313 0.100666083
vn -5.76014685e-08 0.994920313 0.100665949
vn 1.47018872e-13 0.996786952 0.0800982416
vn 1.06305955e-13 0.996786952 0.0800982416
vn 5.76016355e-08 0.994920313 0.100665942
vn 0 0.994920313 0.100666083
vn 0 0.994920313 0.100666083
vn 5.76016355e-08 0.994920313 0.100665942
vn 1.43084421e-07 0.992153108 0.125029027
vn -1.44763406e-13 0.992153108 0.125028983
vn 5.76016355e-08 0.994920313 0.100665942
vn 5.7601607e-08 0.994920254 0.100665949
vn 7.15422743e-08 0.992153108 0.125029132
vn 1.43084421e-07 0.992153108 0.125029027
vn 1.06305955e-13 0.996786952 0.0800982416
vn 2.78204922e-13 0.996786952 0.080098182
vn 5.7601607e-08 0.994920254 0.100665949
vn 5.76016355e-08 0.994920313 0.100665942
vn -1.02910905e-13 0.998840213 0.0481473021
vn 4.29737829e-14 0.998840213 0.0481472835
vn 0 0.99802959 0.0627449453
vn 0 0.99802959 0.0627449304
vn 0 0.99802959 0.0627449304
vn 0 0.99802959 0.0627449453
vn 1.06305955e-13 0.996786952 0.0800982416
vn 1.47018872e-13 0.996786952 0.0800982416
vn 0 0.99802959 0.0627449453
vn 0 0.99802959 0.0627449304
vn 2.78204922e-13 0.996786952 0.080098182
vn 1.06305955e-13 0.996786952 0.0800982416
vn 4.29737829e-14 0.998840213 0.0481472835
vn 3.16648936e-14 0.998840213 0.0481473021
vn 0 0.99802959 0.0627449304
vn 0 0.99802959 0.0627449453
vn -7.15421962e-08 0.992153108 0.125029132
vn -1.43084407e-07 0.992153108 0.125029027
vn 0 0.988083124 0.153921574
vn 0 0.988083124 0.153921664
vn 0 0.988083124 0.153921664
vn 0 0.988083124 0.153921574
vn 0 0.982117116 0.188271046
vn 0 0.982117116 0.188271031
vn 0 0.988083124 0.153921574
vn 0 0.988083065 0.15392144
vn 0 0.982117116 0.188271031
vn 0 0.982117116 0.188271046
vn -1.43084407e-07 0.992153108 0.125029027
vn -1.44763406e-13 0.992153108 0.125028983
vn 0 0.988083065 0.15392144
vn 0 0.988083124 0.153921574
vn 0 0.982117116 0.188271031
vn 0 0.982117116 0.188271046
vn 0 0.973370492 0.229237795
vn 0 0.973370492 0.229237795
vn 0 0.973370492 0.229237795
vn 0 0.973370492 0.229237795
vn -3.18429215e-07 0.9605093 0.278247923
vn 0 0.960509241 0.278247863
vn 0 0.973370492 0.229237795
vn 0 0.973370314 0.229238212
vn 7.05931461e-13 0.96050936 0.278247714
vn -3.18429215e-07 0.9605093 0.278247923
vn 0 0.982117116 0.188271046
vn 0 0.982117116 0.188271031
vn 0 0.973370314 0.229238212
vn 0 0.973370492 0.229237795
vn 0 0.982117116 0.188271031
vn 0 0.982117116 0.188271031
vn 0 0.973370492 0.229237765
vn 0 0.973370314 0.229238212
vn 0 0.973370314 0.229238212
vn 0 0.973370492 0.229237765
vn 3.18429187e-07 0.960509241 0.278247893
vn 7.05931461e-13 0.96050936 0.278247714
vn 0 0.973370492 0.229237765
vn 0 0.973370492 0.229237765
vn 0 0.960509241 0.278247863
vn 3.18429187e-07 0.960509241 0.278247893
vn 0 0.982117116 0.188271031
vn 0 0.982117116 0.188271031
vn 0 0.973370492 0.229237765
vn 0 0.973370492 0.229237765
vn -1.44763406e-13 0.992153108 0.125028983
vn 1.43084421e-07 0.992153108 0.125029027
vn 0 0.988083124 0.153921559
vn 0 0.988083065 0.15392144
vn 0 0.988083065 0.15392144
vn 0 0.988083124 0.153921559
vn 0 0.982117116 0.188271031
vn 0 0.982117116 0.188271031
vn 0 0.988083124 0.153921559
vn 0 0.988083124 0.153921664
vn 0 0.982117116 0.188271031
vn 0 0.982117116 0.188271031
vn 1.43084421e-07 0.992153108 0.125029027
vn 7.15422743e-08 0.992153108 0.125029132
vn 0 0.988083124 0.153921664
vn 0 0.988083124 0.153921559
vn 7.15422743e-08 0.992153108 0.125029132
vn -1.43084392e-07 0.992153108 0.125029147
vn 0 0.988083124 0.153921664
vn 0 0.988083124 0.153921664
vn 0 0.988083124 0.153921664
vn 0 0.988083124 0.153921664
vn 0 0.982117116 0.188271031
vn 0 0.982117116 0.188271031
vn 0 0.988083124 0.153921664
vn 0 0.988083124 0.153921455
vn 0 0.982117116 0.188271046
vn 0 0.982117116 0.188271031
vn -1.43084392e-07 0.992153108 0.125029147
vn 0 0.992153108 0.125029072
vn 0 0.988083124 0.153921455
vn 0 0.988083124 0.153921664
vn 0 0.982117116 0.188271031
vn 0 0.982117116 0.188271031
vn 0 0.973370492 0.22923781
vn 0 0.973370492 0.229237765
vn 0 0.973370492 0.229237765
vn 0 0.973370492 0.22923781
vn -3.18430239e-07 0.960509241 0.278247863
vn 0 0.960509241 0.278247863
vn 0 0.973370492 0.22923781
vn 0 0.973370314 0.229238227
vn -7.60233836e-13 0.96050936 0.278247714
vn -3.18430239e-07 0.960509241 0.278247863
vn 0 0.982117116 0.188271031
vn 0 0.982117116 0.188271046
vn 0 0.973370314 0.229238227
vn 0 0.973370492 0.22923781
vn 0 0.982117116 0.188271046
vn 0 0.982117116 0.188271046
vn -3.48104159e-08 0.973370492 0.229237795
vn 0 0.973370314 0.229238227
vn 0 0.973370314 0.229238227
vn -3.48104159e-08 0.973370492 0.229237795
vn 3.18429215e-07 0.9605093 0.278247923
vn -7.60233836e-13 0.96050936 0.278247714
vn -3.48104159e-08 0.973370492 0.229237795
vn -6.96208247e-08 0.973370492 0.229237765
vn 0 0.9605093 0.278247833
vn 3.18429215e-07 0.9605093 0.278247923
vn 0 0.982117116 0.188271046
vn 0 0.982117116 0.188271061
vn -6.96208247e-08 0.973370492 0.229237765
vn -3.48104159e-08 0.973370492 0.229237795
vn 0 0.992153108 0.125029072
vn 1.43084392e-07 0.992153108 0.125029132
vn 0 0.988083124 0.153921664
vn 0 0.988083124 0.153921455
vn 0 0.988083124 0.153921455
vn 0 0.988083124 0.153921664
vn 0 0.982117116 0.188271046
vn 0 0.982117116 0.188271046
vn 0 0.988083124 0.153921664
vn 0 0.988083124 0.153921664
vn 0 0.982117116 0.188271061
vn 0 0.982117116 0.188271046
vn 1.43084392e-07 0.992153108 0.125029132
vn 0 0.992153108 0.125029132
vn 0 0.988083124 0.153921664
vn 0 0.988083124 0.153921664
vn 3.16648936e-14 0.998840213 0.0481473021
vn 6.10680058e-14 0.998840213 0.0481472835
vn 0 0.99802959 0.0627449378
vn 0 0.99802959 0.0627449304
vn 0 0.99802959 0.0627449304
vn 0 0.99802959 0.0627449378
vn 4.5832941e-08 0.996787012 0.0800981671
vn 2.78204922e-13 0.996786952 0.080098182
vn 0 0.99802959 0.0627449378
vn 0 0.99802959 0.0627448857
vn 2.1261191e-13 0.996786952 0.0800982118
vn 4.5832941e-08 0.996787012 0.0800981671
vn 6.10680058e-14 0.998840213 0.0481472835
vn 6.33297871e-14 0.998840213 0.0481473021
vn 0 0.99802959 0.0627448857
vn 0 0.99802959 0.0627449378
vn 2.78204922e-13 0.996786952 0.080098182
vn 4.5832941e-08 0.996787012 0.0800981671
vn 0 0.994920254 0.100665875
vn 5.7601607e-08 0.994920254 0.100665949
vn 5.7601607e-08 0.994920254 0.100665949
vn 0 0.994920254 0.100665875
vn -1.43084392e-07 0.992153108 0.125029147
vn 7.15422743e-08 0.992153108 0.125029132
vn 0 0.994920254 0.100665875
vn 0 0.994920194 0.100666165
vn 0 0.992153108 0.125029072
vn -1.43084392e-07 0.992153108 0.125029147
vn 4.5832941e-08 0.996787012 0.0800981671
vn 2.1261191e-13 0.996786952 0.0800982118
vn 0 0.994920194 0.100666165
vn 0 0.994920254 0.100665875
vn 2.1261191e-13 0.996786952 0.0800982118
vn 0 0.996787071 0.0800981522
vn 0 0.994920313 0.100665882
vn 0 0.994920194 0.100666165
vn 0 0.994920194 0.100666165
vn 0 0.994920313 0.100665882
vn 1.43084392e-07 0.992153108 0.125029132
vn 0 0.992153108 0.125029072
vn 0 0.994920313 0.100665882
vn 0 0.994920313 0.100666016
vn 0 0.992153108 0.125029132
vn 1.43084392e-07 0.992153108 0.125029132
vn 0 0.996787071 0.0800981522
vn 1.8333013e-07 0.996786952 0.0800982118
vn 0 0.994920313 0.100666016
vn 0 0.994920313 0.100665882
vn 6.33297871e-14 0.998840213 0.0481473021
vn 0 0.998840213 0.0481472835
vn 0 0.99802953 0.0627449304
vn 0 0.99802959 0.0627448857
vn 0 0.99802959 0.0627448857
vn 0 0.99802953 0.0627449304
vn 0 0.996787071 0.0800981522
vn 2.1261191e-13 0.996786952 0.0800982118
vn 0 0.99802953 0.0627449304
vn 0 0.99802959 0.0627448857
vn 1.8333013e-07 0.996786952 0.0800982118
vn 0 0.996787071 0.0800981522
vn 0 0.998840213 0.0481472835
vn 5.51001698e-08 0.998840213 0.0481473021
vn 0 0.99802959 0.0627448857
vn 0 0.99802953 0.0627449304
vn 0 1 0
vn 0 1 0
vn 0 0.999999762 0.000678702956
vn 0 0.999999762 0.000678703014
vn 0 0.999999762 0.000678703014
vn 0 0.999999762 0.000678702956
vn 0 0.999996245 0.00272764289
vn 0 0.999996245 0.00272764289
vn 0 0.999999762 0.000678702956
vn 0 0.999999762 0.000678702956
vn 0 0.999996245 0.00272764266
vn 0 0.999996245 0.00272764289
vn 0 1 0
vn 0 1 0
vn 0 0.999999762 0.000678702956
vn 0 0.999999762 0.000678702956
vn 0 0.999996245 0.00272764289
vn 0 0.999996245 0.00272764289
vn 0 0.999980807 0.00618587481
vn 0 0.999980927 0.00618587481
vn 0 0.999980927 0.00618587481
vn 0 0.999980807 0.00618587481
vn 0 0.99993819 0.0111203603
vn 0 0.99993813 0.0111203603
vn 0 0.999980807 0.00618587481
vn 0 0.999980807 0.00618587481
vn 0 0.99993813 0.0111203603
vn 0 0.99993819 0.0111203603
vn 0 0.999996245 0.00272764289
vn 0 0.999996245 0.00272764266
vn 0 0.999980807 0.00618587481
vn 0 0.999980807 0.00618587481
vn 0 0.999996245 0.00272764266
vn 0 0.999996305 0.00272764289
vn 0 0.999980807 0.00618587481
vn 0 0.999980807 0.00618587481
vn 0 0.999980807 0.00618587481
vn 0 0.999980807 0.00618587481
vn 0 0.99993813 0.0111203603
vn 0 0.99993813 0.0111203603
vn 0 0.999980807 0.00618587481
vn 0 0.999980927 0.00618587527
vn 0 0.99993813 0.0111203603
vn 0 0.99993813 0.0111203603
vn 0 0.999996305 0.00272764289
vn 0 0.999996245 0.00272764266
vn 0 0.999980927 0.00618587527
vn 0 0.999980807 0.00618587481
vn 0 1 0
vn 0 1 0
vn 0 0.999999762 0.000678703014
vn 0 0.999999762 0.000678702956
vn 0 0.999999762 0.000678702956
vn 0 0.999999762 0.000678703014
vn 0 0.999996305 0.00272764289
vn 0 0.999996245 0.00272764266
vn 0 0.999999762 0.000678703014
vn 0 0.999999762 0.000678703014
vn 0 0.999996245 0.00272764266
vn 0 0.999996305 0.00272764289
vn 0 1 0
vn 0 1 0
vn 0 0.999999762 0.000678703014
vn 0 0.999999762 0.000678703014
vn 0 0.99993813 0.0111203603
vn 0 0.99993819 0.0111203603
vn 0 0.999844551 0.017628964
vn 0 0.99984467 0.0176289529
vn 0 0.99984467 0.0176289529
vn 0 0.999844551 0.017628964
vn 1.47885029e-08 0.999665916 0.0258448049
vn -1.47885144e-08 0.999665916 0.0258448217
vn 0 0.999844551 0.017628964
vn 0 0.99984467 0.0176289398
vn 1.47884824e-08 0.999665916 0.025844831
vn 1.47885029e-08 0.999665916 0.0258448049
vn 0 0.99993819 0.0111203603
vn 0 0.99993813 0.0111203603
vn 0 0.99984467 0.0176289398
vn 0 0.999844551 0.017628964
vn -1.47885144e-08 0.999665916 0.0258448217
vn 1.47885029e-08 0.999665916 0.0258448049
vn 0 0.999353826 0.03594267
vn 0 0.999353826 0.0359426886
vn 0 0.999353826 0.0359426886
vn 0 0.999353826 0.03594267
vn 2.75500796e-08 0.998840213 0.0481472835
vn 0 0.998840153 0.0481472835
vn 0 0.999353826 0.03594267
vn 0 0.999353886 0.0359426849
vn -1.02910905e-13 0.998840213 0.0481473021
vn 2.75500796e-08 0.998840213 0.0481472835
vn 1.47885029e-08 0.999665916 0.0258448049
vn 1.47884824e-08 0.999665916 0.025844831
vn 0 0.999353886 0.0359426849
vn 0 0.999353826 0.03594267
vn 1.47884824e-08 0.999665916 0.025844831
vn 2.26175144e-14 0.999665916 0.025844818
vn 0 0.999353886 0.0359426886
vn 0 0.999353886 0.0359426849
vn 0 0.999353886 0.0359426849
vn 0 0.999353886 0.0359426886
vn 4.29737829e-14 0.998840213 0.0481472835
vn -1.02910905e-13 0.998840213 0.0481473021
vn 0 0.999353886 0.0359426886
vn 0 0.999353826 0.0359426849
vn 3.16648936e-14 0.998840213 0.0481473021
vn 4.29737829e-14 0.998840213 0.0481472835
vn 2.26175144e-14 0.999665916 0.025844818
vn -1.47885064e-08 0.999665916 0.0258448292
vn 0 0.999353826 0.0359426849
vn 0 0.999353886 0.0359426886
vn 0 0.99993813 0.0111203603
vn 0 0.99993813 0.0111203603
vn 0 0.99984467 0.017628951
vn 0 0.99984467 0.0176289398
vn 0 0.99984467 0.0176289398
vn 0 0.99984467 0.017628951
vn 2.26175144e-14 0.999665916 0.025844818
vn 1.47884824e-08 0.999665916 0.025844831
vn 0 0.99984467 0.017628951
vn 0 0.99984467 0.0176289417
vn -1.47885064e-08 0.999665916 0.0258448292
vn 2.26175144e-14 0.999665916 0.025844818
vn 0 0.99993813 0.0111203603
vn 0 0.99993813 0.0111203603
vn 0 0.99984467 0.0176289417
vn 0 0.99984467 0.017628951
vn 0 0.99993813 0.0111203603
vn 0 0.99993813 0.0111203603
vn 0 0.99984467 0.0176289659
vn 0 0.99984467 0.0176289417
vn 0 0.99984467 0.0176289417
vn 0 0.99984467 0.0176289659
vn 6.55907823e-14 0.999665916 0.0258448068
vn -1.47885064e-08 0.999665916 0.0258448292
vn 0 0.99984467 0.0176289659
vn 0 0.99984467 0.0176289417
vn 1.47885864e-08 0.999665916 0.025844831
vn 6.55907823e-14 0.999665916 0.0258448068
vn 0 0.99993813 0.0111203603
vn 0 0.99993813 0.0111203603
vn 0 0.99984467 0.0176289417
vn 0 0.99984467 0.0176289659
vn -1.47885064e-08 0.999665916 0.0258448292
vn 6.55907823e-14 0.999665916 0.0258448068
vn 0 0.999353826 0.03594267
vn 0 0.999353826 0.0359426849
vn 0 0.999353826 0.0359426849
vn 0 0.999353826 0.03594267
vn 6.10680058e-14 0.998840213 0.0481472835
vn 3.16648936e-14 0.998840213 0.0481473021
vn 0 0.999353826 0.03594267
vn 0 0.999353826 0.0359426849
vn 6.33297871e-14 0.998840213 0.0481473021
vn 6.10680058e-14 0.998840213 0.0481472835
vn 6.55907823e-14 0.999665916 0.0258448068
vn 1.47885864e-08 0.999665916 0.025844831
vn 0 0.999353826 0.0359426849
vn 0 0.999353826 0.03594267
vn 1.47885864e-08 0.999665916 0.025844831
vn -1.478851e-08 0.999665916 0.0258448161
vn 0 0.999353826 0.0359426886
vn 0 0.999353826 0.0359426849
vn 0 0.999353826 0.0359426849
vn 0 0.999353826 0.0359426886
vn 0 0.998840213 0.0481472835
vn 6.33297871e-14 0.998840213 0.0481473021
vn 0 0.999353826 0.0359426886
vn 0 0.999353826 0.0359426662
vn 5.51001698e-08 0.998840213 0.0481473021
vn 0 0.998840213 0.0481472835
vn -1.478851e-08 0.999665916 0.0258448161
vn 0 0.999665916 0.0258448161
vn 0 0.999353826 0.0359426662
vn 0 0.999353826 0.0359426886
vn 0 0.99993813 0.0111203603
vn 0 0.99993813 0.0111203603
vn 0 0.999844551 0.017628951
vn 0 0.99984467 0.0176289417
vn 0 0.99984467 0.0176289417
vn 0 0.999844551 0.017628951
vn -1.478851e-08 0.999665916 0.0258448161
vn 1.47885864e-08 0.999665916 0.025844831
vn 0 0.999844551 0.017628951
vn 0 0.99984467 0.0176289529
vn 0 0.999665916 0.0258448161
vn -1.478851e-08 0.999665916 0.0258448161
vn 0 0.99993813 0.0111203603
vn 0 0.99993813 0.0111203594
vn 0 0.99984467 0.0176289529
vn 0 0.999844551 0.017628951
vn 0 1 0
vn 0 1 0
vn 0 0.999999762 0.000678702956
vn 0 0.999999762 0.000678703014
vn 0 0.999999762 0.000678703014
vn 0 0.999999762 0.000678702956
vn 0 0.999996305 0.00272764219
vn 0 0.999996245 0.00272764266
vn 0 0.999999762 0.000678702956
vn 0 0.999999762 0.000678703014
vn 0 0.999996245 0.00272764266
vn 0 0.999996305 0.00272764219
vn 0 1 0
vn 0 1 0
vn 0 0.999999762 0.000678703014
vn 0 0.999999762 0.000678702956
vn 0 0.999996245 0.00272764266
vn 0 0.999996305 0.00272764219
vn 0 0.999980927 0.00618587481
vn 0 0.999980927 0.00618587527
vn 0 0.999980927 0.00618587527
vn 0 0.999980927 0.00618587481
vn 0 0.99993813 0.0111203603
vn 0 0.99993813 0.0111203603
vn 0 0.999980927 0.00618587481
vn 0 0.999980927 0.00618587527
vn 0 0.99993813 0.0111203603
vn 0 0.99993813 0.0111203603
vn 0 0.999996305 0.00272764219
vn 0 0.999996245 0.00272764266
vn 0 0.999980927 0.00618587527
vn 0 0.999980927 0.00618587481
vn 0 0.999996245 0.00272764266
vn 0 0.999996245 0.00272764266
vn 0 0.999980927 0.00618587481
vn 0 0.999980927 0.00618587527
vn 0 0.999980927 0.00618587527
vn 0 0.999980927 0.00618587481
vn 0 0.99993813 0.0111203603
vn 0 0.99993813 0.0111203603
vn 0 0.999980927 0.00618587481
vn 0 0.999980927 0.00618587527
vn 0 0.99993813 0.0111203594
vn 0 0.99993813 0.0111203603
vn 0 0.999996245 0.00272764266
vn 0 0.999996245 0.00272764289
vn 0 0.999980927 0.00618587527
vn 0 0.999980927 0.00618587481
vn 0 1 0
vn 0 1 0
vn 0 0.999999762 0.000678702956
vn 0 0.999999762 0.000678703014
vn 0 0.999999762 0.000678703014
vn 0 0.999999762 0.000678702956
vn 0 0.999996245 0.00272764266
vn 0 0.999996245 0.00272764266
vn 0 0.999999762 0.000678702956
vn 0 0.999999762 0.000678702956
vn 0 0.999996245 0.00272764289
vn 0 0.999996245 0.00272764266
vn 0 1 0
vn -0 1 -0
vn 0 0.999999762 0.000678702956
vn 0 0.999999762 0.000678702956
vn 0 0.9605093 0.278247833
vn 0 0.942936838 0.332971632
vn 0 0.942936838 0.332971781
vn 3.18429215e-07 0.9605093 0.278247923
vn 3.18429215e-07 0.9605093 0.278247923
vn 0 0.942936838 0.332971781
vn 0 0.942937076 0.332971245
vn -7.60233836e-13 0.96050936 0.278247714
vn 0 0.942936838 0.332971781
vn 6.58643415e-08 0.920850933 0.3899149
vn -6.58644908e-08 0.920850933 0.3899149
vn 0 0.942937076 0.332971245
vn 0 0.942936838 0.332971632
vn 1.31728683e-07 0.920850933 0.38991496
vn 6.58643415e-08 0.920850933 0.3899149
vn 0 0.942936838 0.332971781
vn -7.60233836e-13 0.96050936 0.278247714
vn 0 0.942937076 0.332971245
vn 0 0.942936838 0.332971632
vn -3.18430239e-07 0.960509241 0.278247863
vn -3.18430239e-07 0.960509241 0.278247863
vn 0 0.942936838 0.332971632
vn 0 0.942936838 0.332971781
vn 0 0.960509241 0.278247863
vn 0 0.942936838 0.332971632
vn -3.00958016e-13 0.920850933 0.38991496
vn 6.58640147e-08 0.920850933 0.3899149
vn 0 0.942936838 0.332971781
vn 0 0.942937076 0.332971245
vn -6.58644908e-08 0.920850933 0.3899149
vn -3.00958016e-13 0.920850933 0.38991496
vn 0 0.942936838 0.332971632
vn -6.58644908e-08 0.920850933 0.3899149
vn 0 0.893997967 0.448070914
vn 0 0.893997967 0.448071063
vn -3.00958016e-13 0.920850933 0.38991496
vn -3.00958016e-13 0.920850933 0.38991496
vn 0 0.893997967 0.448071063
vn 0 0.893998027 0.448070914
vn 6.58640147e-08 0.920850933 0.3899149
vn 0 0.893997967 0.448071063
vn 0 0.862421215 0.506191373
vn 0 0.862421215 0.506191313
vn 0 0.893998027 0.448070914
vn 0 0.893997967 0.448070914
vn 0 0.862421215 0.506191373
vn 0 0.862421215 0.506191373
vn 0 0.893997967 0.448071063
vn 1.31728683e-07 0.920850933 0.38991496
vn 0 0.893997967 0.448070973
vn 0 0.893998027 0.448070914
vn 6.58643415e-08 0.920850933 0.3899149
vn 6.58643415e-08 0.920850933 0.3899149
vn 0 0.893998027 0.448070914
vn 0 0.893997967 0.448070914
vn -6.58644908e-08 0.920850933 0.3899149
vn 0 0.893998027 0.448070914
vn 0 0.862421215 0.506191373
vn 0 0.862421215 0.506191373
vn 0 0.893997967 0.448070914
vn 0 0.893997967 0.448070973
vn 0 0.862421215 0.506191373
vn 0 0.862421215 0.506191373
vn 0 0.893998027 0.448070914
vn 0 0.960509241 0.278247863
vn 0 0.942936838 0.332971781
vn 0 0.942936838 0.332971781
vn 3.18429187e-07 0.960509241 0.278247893
vn 3.18429187e-07 0.960509241 0.278247893
vn 0 0.942936838 0.332971781
vn 0 0.942937076 0.332971245
vn 7.05931461e-13 0.96050936 0.278247714
vn 0 0.942936838 0.332971781
vn 0 0.920850933 0.38991496
vn -6.58642989e-08 0.920850933 0.38991496
vn 0 0.942937076 0.332971245
vn 0 0.942936838 0.332971781
vn 6.58640147e-08 0.920850933 0.3899149
vn 0 0.920850933 0.38991496
vn 0 0.942936838 0.332971781
vn 7.05931461e-13 0.96050936 0.278247714
vn 0 0.942937076 0.332971245
vn 0 0.942936838 0.332971632
vn -3.18429215e-07 0.9605093 0.278247923
vn -3.18429215e-07 0.9605093 0.278247923
vn 0 0.942936838 0.332971632
vn 0 0.942936838 0.332971781
vn 0 0.960509241 0.278247863
vn 0 0.942936838 0.332971632
vn 0 0.920850933 0.3899149
vn 6.58643415e-08 0.920850933 0.38991496
vn 0 0.942936838 0.332971781
vn 0 0.942937076 0.332971245
vn -6.58642989e-08 0.920850933 0.38991496
vn 0 0.920850933 0.3899149
vn 0 0.942936838 0.332971632
vn -6.58642989e-08 0.920850933 0.38991496
vn 0 0.893997967 0.448070854
vn 0 0.893997967 0.448071063
vn 0 0.920850933 0.3899149
vn 0 0.920850933 0.3899149
vn 0 0.893997967 0.448071063
vn 0 0.893998027 0.448070914
vn 6.58643415e-08 0.920850933 0.38991496
vn 0 0.893997967 0.448071063
vn 0 0.862421215 0.506191373
vn 0 0.862421215 0.506191313
vn 0 0.893998027 0.448070914
vn 0 0.893997967 0.448070854
vn 0 0.862421215 0.506191313
vn 0 0.862421215 0.506191373
vn 0 0.893997967 0.448071063
vn 6.58640147e-08 0.920850933 0.3899149
vn 0 0.893998027 0.448070914
vn 0 0.893998027 0.448070914
vn 0 0.920850933 0.38991496
vn 0 0.920850933 0.38991496
vn 0 0.893998027 0.448070914
vn 0 0.893997967 0.448070854
vn -6.58642989e-08 0.920850933 0.38991496
vn 0 0.893998027 0.448070914
vn 0 0.862421215 0.506191313
vn 0 0.862421215 0.506191313
vn 0 0.893997967 0.448070854
vn 0 0.893998027 0.448070914
vn 0 0.862421215 0.506191313
vn 0 0.862421215 0.506191313
vn 0 0.893998027 0.448070914
vn 0 0.862421215 0.506191313
vn 0 0.826542199 0.562874556
vn 0 0.826541364 0.562875867
vn 0 0.862421215 0.506191313
vn 0 0.862421215 0.506191313
vn 0 0.826541364 0.562875867
vn 0 0.826542318 0.562874556
vn 0 0.862421215 0.506191313
vn 0 0.826541364 0.562875867
vn 2.24486076e-12 0.787195027 0.616704166
vn -1.99140921e-12 0.787194848 0.616704345
vn 0 0.826542318 0.562874556
vn 0 0.826542199 0.562874556
vn 8.32771135e-13 0.787194848 0.616704345
vn 2.24486076e-12 0.787195027 0.616704166
vn 0 0.826541364 0.562875867
vn 0 0.862421215 0.506191313
vn 0 0.826542318 0.562874556
vn 0 0.826541483 0.562875867
vn 0 0.862421215 0.506191373
vn 0 0.862421215 0.506191373
vn 0 0.826541483 0.562875867
vn 0 0.826542199 0.562874615
vn 0 0.862421215 0.506191313
vn 0 0.826541483 0.562875867
vn 0 0.787195027 0.616704106
vn 2.82418013e-12 0.787194848 0.616704404
vn 0 0.826542199 0.562874615
vn 0 0.826542318 0.562874556
vn -1.99140921e-12 0.787194848 0.616704345
vn 0 0.787195027 0.616704106
vn 0 0.826541483 0.562875867
vn -1.99140921e-12 0.787194848 0.616704345
vn 0 0.745588243 0.666406929
vn 0 0.745589375 0.666405678
vn 0 0.787195027 0.616704106
vn 0 0.787195027 0.616704106
vn 0 0.745589375 0.666405678
vn 0 0.745588243 0.66640687
vn 2.82418013e-12 0.787194848 0.616704404
vn 0 0.745589375 0.666405678
vn 0 0.703207314 0.710984886
vn -1.00594725e-07 0.703207254 0.710984886
vn 0 0.745588243 0.66640687
vn 0 0.745588243 0.666406929
vn 0 0.703207254 0.710984886
vn 0 0.703207314 0.710984886
vn 0 0.745589375 0.666405678
vn 8.32771135e-13 0.787194848 0.616704345
vn 0 0.745588243 0.66640687
vn 0 0.745589375 0.666405678
vn 2.24486076e-12 0.787195027 0.616704166
vn 2.24486076e-12 0.787195027 0.616704166
vn 0 0.745589375 0.666405678
vn 0 0.745588243 0.666406929
vn -1.99140921e-12 0.787194848 0.616704345
vn 0 0.745589375 0.666405678
vn 0 0.703207254 0.710984886
vn 0 0.703207254 0.710984886
vn 0 0.745588243 0.666406929
vn 0 0.745588243 0.66640687
vn 0 0.703207314 0.710984886
vn 0 0.703207254 0.710984886
vn 0 0.745589375 0.666405678
vn 0 0.862421215 0.506191373
vn 0 0.826542199 0.562874615
vn 0 0.826541483 0.562875867
vn 0 0.862421215 0.506191373
vn 0 0.862421215 0.506191373
vn 0 0.826541483 0.562875867
vn 0 0.826542199 0.562874615
vn 0 0.862421215 0.506191373
vn 0 0.826541483 0.562875867
vn 0 0.787195027 0.616704106
vn 1.59312721e-12 0.787194848 0.616704404
vn 0 0.826542199 0.562874615
vn 0 0.826542199 0.562874615
vn 1.41152327e-06 0.787194848 0.616704345
vn 0 0.787195027 0.616704106
vn 0 0.826541483 0.562875867
vn 0 0.862421215 0.506191373
vn 0 0.826542199 0.562874615
vn 0 0.826541483 0.562875867
vn 0 0.862421215 0.506191373
vn 0 0.862421215 0.506191373
vn 0 0.826541483 0.562875867
vn 0 0.826542199 0.562874556
vn 0 0.862421215 0.506191313
vn 0 0.826541483 0.562875867
vn 1.59312689e-12 0.787195027 0.616704106
vn 8.32771135e-13 0.787194848 0.616704345
vn 0 0.826542199 0.562874556
vn 0 0.826542199 0.562874615
vn 1.59312721e-12 0.787194848 0.616704404
vn 1.59312689e-12 0.787195027 0.616704106
vn 0 0.826541483 0.562875867
vn 1.59312721e-12 0.787194848 0.616704404
vn 0 0.745588303 0.66640687
vn 0 0.745589375 0.666405678
vn 1.59312689e-12 0.787195027 0.616704106
vn 1.59312689e-12 0.787195027 0.616704106
vn 0 0.745589375 0.666405678
vn 0 0.745588243 0.66640687
vn 8.32771135e-13 0.787194848 0.616704345
vn 0 0.745589375 0.666405678
vn 0 0.703207314 0.710984886
vn 0 0.703207314 0.710984886
vn 0 0.745588243 0.66640687
vn 0 0.745588303 0.66640687
vn 0 0.703207314 0.710984886
vn 0 0.703207314 0.710984886
vn 0 0.745589375 0.666405678
vn 1.41152327e-06 0.787194848 0.616704345
vn 0 0.745588243 0.66640687
vn 0 0.745589375 0.666405678
vn 0 0.787195027 0.616704106
vn 0 0.787195027 0.616704106
vn 0 0.745589375 0.666405678
vn 0 0.745588303 0.66640687
vn 1.59312721e-12 0.787194848 0.616704404
vn 0 0.745589375 0.666405678
vn 0 0.703207314 0.710984886
vn 0 0.703207314 0.710984886
vn 0 0.745588303 0.66640687
vn 0 0.745588243 0.66640687
vn 0 0.703207314 0.710984886
vn 0 0.703207314 0.710984886
vn 0 0.745589375 0.666405678
vn 0 0.960509241 0.278247863
vn 0 0.942936838 0.332971781
vn 0 0.942936718 0.332971722
vn 3.18428789e-07 0.960509241 0.278247893
vn 3.18428789e-07 0.960509241 0.278247893
vn 0 0.942936718 0.332971722
vn 0 0.942937076 0.332971215
vn -3.80116918e-13 0.96050936 0.278247714
vn 0 0.942936718 0.332971722
vn 0 0.920850933 0.3899149
vn -6.58644126e-08 0.920850933 0.3899149
vn 0 0.942937076 0.332971215
vn 0 0.942936838 0.332971781
vn 6.58643415e-08 0.920850933 0.38991496
vn 0 0.920850933 0.3899149
vn 0 0.942936718 0.332971722
vn -3.80116918e-13 0.96050936 0.278247714
vn 0 0.942937076 0.332971215
vn 0 0.942936838 0.332971632
vn -3.1842967e-07 0.9605093 0.278247923
vn -3.1842967e-07 0.9605093 0.278247923
vn 0 0.942936838 0.332971632
vn 0 0.942936838 0.332971781
vn 0 0.9605093 0.278247923
vn 0 0.942936838 0.332971632
vn 0 0.920850933 0.3899149
vn 6.58644126e-08 0.920850933 0.38991496
vn 0 0.942936838 0.332971781
vn 0 0.942937076 0.332971215
vn -6.58644126e-08 0.920850933 0.3899149
vn 0 0.920850933 0.3899149
vn 0 0.942936838 0.332971632
vn -6.58644126e-08 0.920850933 0.3899149
vn 0 0.893997967 0.448070914
vn 0 0.893997967 0.448071033
vn 0 0.920850933 0.3899149
vn 0 0.920850933 0.3899149
vn 0 0.893997967 0.448071033
vn 0 0.893998027 0.448070884
vn 6.58644126e-08 0.920850933 0.38991496
vn 0 0.893997967 0.448071033
vn 0 0.862421215 0.506191313
vn 0 0.862421215 0.506191313
vn 0 0.893998027 0.448070884
vn 0 0.893997967 0.448070914
vn 0 0.862421215 0.506191373
vn 0 0.862421215 0.506191313
vn 0 0.893997967 0.448071033
vn 6.58643415e-08 0.920850933 0.38991496
vn 0 0.893998027 0.448070914
vn 0 0.893997967 0.448070854
vn 0 0.920850933 0.3899149
vn 0 0.920850933 0.3899149
vn 0 0.893997967 0.448070854
vn 0 0.893997967 0.448070914
vn -6.58644126e-08 0.920850933 0.3899149
vn 0 0.893997967 0.448070854
vn 0 0.862421215 0.506191313
vn 0 0.862421215 0.506191373
vn 0 0.893997967 0.448070914
vn 0 0.893998027 0.448070914
vn 0 0.862421215 0.506191313
vn 0 0.862421215 0.506191313
vn 0 0.893997967 0.448070854
vn 0 0.9605093 0.278247923
vn 0 0.942936838 0.332971781
vn 0 0.942936838 0.332971781
vn 3.18429642e-07 0.9605093 0.278247893
vn 3.18429642e-07 0.9605093 0.278247893
vn 0 0.942936838 0.332971781
vn 0 0.942937076 0.332971215
vn 4.70620938e-13 0.960509419 0.278247714
vn 0 0.942936838 0.332971781
vn 0 0.920850933 0.3899149
vn -6.58644623e-08 0.920850933 0.38991496
vn 0 0.942937076 0.332971215
vn 0 0.942936838 0.332971781
vn 6.58644126e-08 0.920850933 0.38991496
vn 0 0.920850933 0.3899149
vn 0 0.942936838 0.332971781
vn 4.70620938e-13 0.960509419 0.278247714
vn 0 0.942937076 0.332971215
vn 0 0.942936838 0.332971632
vn -3.18429414e-07 0.9605093 0.278247923
vn -3.18429414e-07 0.9605093 0.278247923
vn 0 0.942936838 0.332971632
vn 0 0.942936838 0.332971781
vn 0 0.9605093 0.278247923
vn 0 0.942936838 0.332971632
vn -3.16797912e-14 0.920850933 0.38991496
vn 6.58642989e-08 0.920850933 0.38991496
vn 0 0.942936838 0.332971781
vn 0 0.942937076 0.332971215
vn -6.58644623e-08 0.920850933 0.38991496
vn -3.16797912e-14 0.920850933 0.38991496
vn 0 0.942936838 0.332971632
vn -6.58644623e-08 0.920850933 0.38991496
vn 0 0.893997967 0.448070914
vn 0 0.893997967 0.448071063
vn -3.16797912e-14 0.920850933 0.38991496
vn -3.16797912e-14 0.920850933 0.38991496
vn 0 0.893997967 0.448071063
vn 0 0.893998027 0.448070914
vn 6.58642989e-08 0.920850933 0.38991496
vn 0 0.893997967 0.448071063
vn 0 0.862421274 0.506191373
vn 0 0.862421274 0.506191373
vn 0 0.893998027 0.448070914
vn 0 0.893997967 0.448070914
vn 0 0.862421215 0.506191373
vn 0 0.862421274 0.506191373
vn 0 0.893997967 0.448071063
vn 6.58644126e-08 0.920850933 0.38991496
vn 0 0.893998027 0.448070884
vn 0 0.893998027 0.448070914
vn 0 0.920850933 0.3899149
vn 0 0.920850933 0.3899149
vn 0 0.893998027 0.448070914
vn 0 0.893997967 0.448070914
vn -6.58644623e-08 0.920850933 0.38991496
vn 0 0.893998027 0.448070914
vn 0 0.862421215 0.506191313
vn 0 0.862421215 0.506191373
vn 0 0.893997967 0.448070914
vn 0 0.893998027 0.448070884
vn 0 0.862421215 0.506191313
vn 0 0.862421215 0.506191313
vn 0 0.893998027 0.448070914
vn 0 0.862421215 0.506191313
vn 0 0.826542318 0.562874556
vn 0 0.826541483 0.562875867
vn 0 0.862421215 0.506191313
vn 0 0.862421215 0.506191313
vn 0 0.826541483 0.562875867
vn 0 0.826542318 0.562874556
vn 0 0.862421215 0.506191373
vn 0 0.826541483 0.562875867
vn 0 0.787195027 0.616704166
vn -4.34489277e-13 0.787194848 0.616704464
vn 0 0.826542318 0.562874556
vn 0 0.826542318 0.562874556
vn 3.62074398e-14 0.787194848 0.616704345
vn 0 0.787195027 0.616704166
vn 0 0.826541483 0.562875867
vn 0 0.862421215 0.506191373
vn 0 0.826542318 0.562874556
vn 0 0.826541483 0.562875867
vn 0 0.862421274 0.506191373
vn 0 0.862421274 0.506191373
vn 0 0.826541483 0.562875867
vn 0 0.826542199 0.562874556
vn 0 0.862421274 0.506191373
vn 0 0.826541483 0.562875867
vn 0 0.787195027 0.616704106
vn -3.62074398e-14 0.787194848 0.616704464
vn 0 0.826542199 0.562874556
vn 0 0.826542318 0.562874556
vn -4.34489277e-13 0.787194848 0.616704464
vn 0 0.787195027 0.616704106
vn 0 0.826541483 0.562875867
vn -4.34489277e-13 0.787194848 0.616704464
vn 0 0.745588243 0.66640687
vn 0 0.745589495 0.666405499
vn 0 0.787195027 0.616704106
vn 0 0.787195027 0.616704106
vn 0 0.745589495 0.666405499
vn 0 0.745588243 0.66640687
vn -3.62074398e-14 0.787194848 0.616704464
vn 0 0.745589495 0.666405499
vn 0 0.703207254 0.710984886
vn 1.0059459e-07 0.703207314 0.710984886
vn 0 0.745588243 0.66640687
vn 0 0.745588243 0.66640687
vn 4.9780045e-14 0.703207254 0.710984886
vn 0 0.703207254 0.710984886
vn 0 0.745589495 0.666405499
vn 3.62074398e-14 0.787194848 0.616704345
vn 0 0.745588243 0.666406929
vn 0 0.745589614 0.666405499
vn 0 0.787195027 0.616704166
vn 0 0.787195027 0.616704166
vn 0 0.745589614 0.666405499
vn 0 0.745588243 0.66640687
vn -4.34489277e-13 0.787194848 0.616704464
vn 0 0.745589614 0.666405499
vn 0 0.703207254 0.710984886
vn 4.9780045e-14 0.703207254 0.710984886
vn 0 0.745588243 0.66640687
vn 0 0.745588243 0.666406929
vn 0 0.703207314 0.710984886
vn 0 0.703207254 0.710984886
vn 0 0.745589614 0.666405499
vn 0 0.862421215 0.506191313
vn 0 0.826542199 0.562874615
vn 0 0.826541483 0.562875867
vn 0 0.862421215 0.506191313
vn 0 0.862421215 0.506191313
vn 0 0.826541483 0.562875867
vn 0 0.826542318 0.562874556
vn 0 0.862421215 0.506191373
vn 0 0.826541483 0.562875867
vn 2.6793498e-12 0.787195027 0.616704106
vn 7.96563661e-13 0.787194848 0.616704345
vn 0 0.826542318 0.562874556
vn 0 0.826542199 0.562874615
vn 2.82418013e-12 0.787194848 0.616704404
vn 2.6793498e-12 0.787195027 0.616704106
vn 0 0.826541483 0.562875867
vn 0 0.862421215 0.506191373
vn 0 0.826542318 0.562874556
vn 0 0.826541483 0.562875867
vn 0 0.862421215 0.506191313
vn 0 0.862421215 0.506191313
vn 0 0.826541483 0.562875867
vn 0 0.826542318 0.562874556
vn 0 0.862421215 0.506191313
vn 0 0.826541483 0.562875867
vn 0 0.787195027 0.616704166
vn 3.62074398e-14 0.787194848 0.616704345
vn 0 0.826542318 0.562874556
vn 0 0.826542318 0.562874556
vn 7.96563661e-13 0.787194848 0.616704345
vn 0 0.787195027 0.616704166
vn 0 0.826541483 0.562875867
vn 7.96563661e-13 0.787194848 0.616704345
vn 0 0.745588243 0.666406929
vn 0 0.745589614 0.666405499
vn 0 0.787195027 0.616704166
vn 0 0.787195027 0.616704166
vn 0 0.745589614 0.666405499
vn 0 0.745588243 0.666406929
vn 3.62074398e-14 0.787194848 0.616704345
vn 0 0.745589614 0.666405499
vn 0 0.703207254 0.710984886
vn 0 0.703207314 0.710984886
vn 0 0.745588243 0.666406929
vn 0 0.745588243 0.666406929
vn -1.17661929e-13 0.703207254 0.710984886
vn 0 0.703207254 0.710984886
vn 0 0.745589614 0.666405499
vn 2.82418013e-12 0.787194848 0.616704404
vn 0 0.745588243 0.66640687
vn 0 0.745589495 0.666405499
vn 2.6793498e-12 0.787195027 0.616704106
vn 2.6793498e-12 0.787195027 0.616704106
vn 0 0.745589495 0.666405499
vn 0 0.745588243 0.666406929
vn 7.96563661e-13 0.787194848 0.616704345
vn 0 0.745589495 0.666405499
vn -1.17661929e-13 0.703207254 0.710984886
vn -1.17661929e-13 0.703207254 0.710984886
vn 0 0.745588243 0.666406929
vn 0 0.745588243 0.66640687
vn -1.00594725e-07 0.703207254 0.710984886
vn -1.17661929e-13 0.703207254 0.710984886
vn 0 0.745589495 0.666405499
vn -1.00594725e-07 0.703207254 0.710984886
vn 0 0.661655486 0.749807954
vn 0 0.661655724 0.749807835
vn -1.17661929e-13 0.703207254 0.710984886
vn -1.17661929e-13 0.703207254 0.710984886
vn 0 0.661655724 0.749807835
vn 0 0.661655664 0.749807835
vn -1.17661929e-13 0.703207254 0.710984886
vn 0 0.661655724 0.749807835
vn -8.90503387e-08 0.622507334 0.782613933
vn -9.95446062e-14 0.622507334 0.782613933
vn 0 0.661655664 0.749807835
vn 0 0.661655486 0.749807954
vn 2.17188206e-13 0.622509062 0.782612562
vn -8.90503387e-08 0.622507334 0.782613933
vn 0 0.661655724 0.749807835
vn -1.17661929e-13 0.703207254 0.710984886
vn 0 0.661655664 0.749807835
vn 0 0.661655724 0.749807835
vn 0 0.703207254 0.710984886
vn 0 0.703207254 0.710984886
vn 0 0.661655724 0.749807835
vn 0 0.661655724 0.749807835
vn 0 0.703207314 0.710984886
vn 0 0.661655724 0.749807835
vn 0 0.622507393 0.782613933
vn 0 0.622507334 0.782613933
vn 0 0.661655724 0.749807835
vn 0 0.661655664 0.749807835
vn -9.95446062e-14 0.622507334 0.782613933
vn 0 0.622507393 0.782613933
vn 0 0.661655724 0.749807835
vn -9.95446062e-14 0.622507334 0.782613933
vn 0 0.587179482 0.809456825
vn 0 0.587179542 0.809456825
vn 0 0.622507393 0.782613933
vn 0 0.622507393 0.782613933
vn 0 0.587179542 0.809456825
vn 0 0.587179661 0.809456646
vn 0 0.622507334 0.782613933
vn 0 0.587179542 0.809456825
vn -7.96568713e-08 0.556842208 0.830618322
vn 0 0.556842208 0.830618322
vn 0 0.587179661 0.809456646
vn 0 0.587179482 0.809456825
vn -3.57402123e-13 0.556842208 0.830618322
vn -7.96568713e-08 0.556842208 0.830618322
vn 0 0.587179542 0.809456825
vn 2.17188206e-13 0.622509062 0.782612562
vn -1.08585569e-12 0.587179542 0.809456706
vn 9.2634906e-07 0.587179422 0.809456825
vn -8.90503387e-08 0.622507334 0.782613933
vn -8.90503387e-08 0.622507334 0.782613933
vn 9.2634906e-07 0.587179422 0.809456825
vn 0 0.587179482 0.809456825
vn -9.95446062e-14 0.622507334 0.782613933
vn 9.2634906e-07 0.587179422 0.809456825
vn 0 0.556842208 0.830618322
vn -3.57402123e-13 0.556842208 0.830618322
vn 0 0.587179482 0.809456825
vn -1.08585569e-12 0.587179542 0.809456706
vn 9.50056074e-14 0.556844175 0.830616951
vn 0 0.556842208 0.830618322
vn 9.2634906e-07 0.587179422 0.809456825
vn 0 0.703207314 0.710984886
vn 0 0.661655724 0.749807835
vn 0 0.661655724 0.749807835
vn 0 0.703207254 0.710984886
vn 0 0.703207254 0.710984886
vn 0 0.661655724 0.749807835
vn 0 0.661655724 0.749807835
vn 4.9780045e-14 0.703207254 0.710984886
vn 0 0.661655724 0.749807835
vn 0 0.622507393 0.782613933
vn 4.07227895e-14 0.622507334 0.782613873
vn 0 0.661655724 0.749807835
vn 0 0.661655724 0.749807835
vn 0 0.622507334 0.782613933
vn 0 0.622507393 0.782613933
vn 0 0.661655724 0.749807835
vn 4.9780045e-14 0.703207254 0.710984886
vn 0 0.661655724 0.749807835
vn 0 0.661655724 0.749807835
vn 0 0.703207254 0.710984886
vn 0 0.703207254 0.710984886
vn 0 0.661655724 0.749807835
vn 0 0.661655724 0.749807835
vn 1.0059459e-07 0.703207314 0.710984886
vn 0 0.661655724 0.749807835
vn 0 0.622507334 0.782613873
vn 4.52475429e-15 0.622509062 0.782612503
vn 0 0.661655724 0.749807835
vn 0 0.661655724 0.749807835
vn 4.07227895e-14 0.622507334 0.782613873
vn 0 0.622507334 0.782613873
vn 0 0.661655724 0.749807835
vn 4.07227895e-14 0.622507334 0.782613873
vn 0 0.587179661 0.809456646
vn -9.26349685e-07 0.587179482 0.809456825
vn 0 0.622507334 0.782613873
vn 0 0.622507334 0.782613873
vn -9.26349685e-07 0.587179482 0.809456825
vn 4.70537454e-13 0.587179542 0.809456706
vn 4.52475429e-15 0.622509062 0.782612503
vn -9.26349685e-07 0.587179482 0.809456825
vn 0 0.556842208 0.830618322
vn 0 0.556844234 0.830616951
vn 4.70537454e-13 0.587179542 0.809456706
vn 0 0.587179661 0.809456646
vn 0 0.556842208 0.830618322
vn 0 0.556842208 0.830618322
vn -9.26349685e-07 0.587179482 0.809456825
vn 0 0.622507334 0.782613933
vn 0 0.587179661 0.809456646
vn 0 0.587179542 0.809456825
vn 0 0.622507393 0.782613933
vn 0 0.622507393 0.782613933
vn 0 0.587179542 0.809456825
vn 0 0.587179661 0.809456646
vn 4.07227895e-14 0.622507334 0.782613873
vn 0 0.587179542 0.809456825
vn 0 0.556842208 0.830618322
vn 0 0.556842208 0.830618322
vn 0 0.587179661 0.809456646
vn 0 0.587179661 0.809456646
vn 0 0.556842208 0.830618322
vn 0 0.556842208 0.830618322
vn 0 0.587179542 0.809456825
vn 0 0.556842208 0.830618322
vn 0 0.532411277 0.846485913
vn 0 0.53241092 0.846486032
vn 0 0.556842208 0.830618322
vn 0 0.556842208 0.830618322
vn 0 0.53241092 0.846486032
vn 0 0.532413304 0.846484542
vn 0 0.556842208 0.830618322
vn 0 0.53241092 0.846486032
vn -9.81292374e-07 0.514540553 0.857466102
vn -5.79022886e-13 0.514540553 0.857465982
vn 0 0.532413304 0.846484542
vn 0 0.532411277 0.846485913
vn 1.62850175e-13 0.514540553 0.857465923
vn -9.81292374e-07 0.514540553 0.857466102
vn 0 0.53241092 0.846486032
vn 0 0.556842208 0.830618322
vn 0 0.532413304 0.846484542
vn -1.93745245e-06 0.53241092 0.846486032
vn 0 0.556842208 0.830618322
vn 0 0.556842208 0.830618322
vn -1.93745245e-06 0.53241092 0.846486032
vn 9.40952936e-13 0.532411158 0.846485913
vn 0 0.556844234 0.830616951
vn -1.93745245e-06 0.53241092 0.846486032
vn 9.81291805e-07 0.514540553 0.857466102
vn -4.52361588e-15 0.514536381 0.857468486
vn 9.40952936e-13 0.532411158 0.846485913
vn 0 0.532413304 0.846484542
vn -5.79022886e-13 0.514540553 0.857465982
vn 9.81291805e-07 0.514540553 0.857466102
vn -1.93745245e-06 0.53241092 0.846486032
vn -5.79022886e-13 0.514540553 0.857465982
vn 0 0.503651381 0.863907039
vn 0 0.503653824 0.863905609
vn 9.81291805e-07 0.514540553 0.857466102
vn 9.81291805e-07 0.514540553 0.857466102
vn 0 0.503653824 0.863905609
vn 0 0.503653467 0.863905787
vn -4.52361588e-15 0.514536381 0.857468486
vn 0 0.503653824 0.863905609
vn 0 0.500000775 0.866024911
vn 0 0.500000775 0.866024911
vn 0 0.503653467 0.863905787
vn 0 0.503651381 0.863907039
vn 0 0.500000775 0.866024911
vn 0 0.500000775 0.866024911
vn 0 0.503653824 0.863905609
vn 1.62850175e-13 0.514540553 0.857465923
vn 0 0.503653467 0.863905787
vn 0 0.503653765 0.863905609
vn -9.81292374e-07 0.514540553 0.857466102
vn -9.81292374e-07 0.514540553 0.857466102
vn 0 0.503653765 0.863905609
vn 0 0.503651381 0.863907039
vn -5.79022886e-13 0.514540553 0.857465982
vn 0 0.503653765 0.863905609
vn 0 0.500000775 0.866024911
vn 0 0.500000775 0.866024911
vn 0 0.503651381 0.863907039
vn 0 0.503653467 0.863905787
vn 0 0.500000775 0.866024911
vn 0 0.500000775 0.866024911
vn 0 0.503653765 0.863905609
vn 9.50056074e-14 0.556844175 0.830616951
vn -2.09904902e-12 0.532410979 0.846485972
vn 1.93745132e-06 0.532410979 0.846486032
vn 0 0.556842208 0.830618322
vn 0 0.556842208 0.830618322
vn 1.93745132e-06 0.532410979 0.846486032
vn 0 0.532413483 0.846484363
vn -3.57402123e-13 0.556842208 0.830618322
vn 1.93745132e-06 0.532410979 0.846486032
vn -1.12850364e-06 0.514540553 0.857465923
vn 4.01697165e-12 0.514540553 0.857466042
vn 0 0.532413483 0.846484363
vn -2.09904902e-12 0.532410979 0.846485972
vn 0 0.514538527 0.857467294
vn -1.12850364e-06 0.514540553 0.857465923
vn 1.93745132e-06 0.532410979 0.846486032
vn -3.57402123e-13 0.556842208 0.830618322
vn 0 0.532413483 0.846484363
vn 0 0.53241092 0.846486032
vn -7.96568713e-08 0.556842208 0.830618322
vn -7.96568713e-08 0.556842208 0.830618322
vn 0 0.53241092 0.846486032
vn 0 0.532411277 0.846485913
vn 0 0.556842208 0.830618322
vn 0 0.53241092 0.846486032
vn 9.81292601e-07 0.514540613 0.857465923
vn 1.62850175e-13 0.514540553 0.857465923
vn 0 0.532411277 0.846485913
vn 0 0.532413483 0.846484363
vn 4.01697165e-12 0.514540553 0.857466042
vn 9.81292601e-07 0.514540613 0.857465923
vn 0 0.53241092 0.846486032
vn 4.01697165e-12 0.514540553 0.857466042
vn 0 0.503651381 0.863907039
vn 0 0.503653765 0.863905609
vn 9.81292601e-07 0.514540613 0.857465923
vn 9.81292601e-07 0.514540613 0.857465923
vn 0 0.503653765 0.863905609
vn 0 0.503653467 0.863905787
vn 1.62850175e-13 0.514540553 0.857465923
vn 0 0.503653765 0.863905609
vn 0 0.500000775 0.866024911
vn 0 0.500000775 0.866024911
vn 0 0.503653467 0.863905787
vn 0 0.503651381 0.863907039
vn 0 0.500000775 0.866024911
vn 0 0.500000775 0.866024911
vn 0 0.503653765 0.863905609
vn 0 0.514538527 0.857467294
vn 9.88660759e-07 0.503653765 0.863905609
vn 9.88660759e-07 0.503653765 0.863905609
vn -1.12850364e-06 0.514540553 0.857465923
vn -1.12850364e-06 0.514540553 0.857465923
vn 9.88660759e-07 0.503653765 0.863905609
vn 0 0.503651381 0.863907039
vn 4.01697165e-12 0.514540553 0.857466042
vn 9.88660759e-07 0.503653765 0.863905609
vn 0 0.500000775 0.866024911
vn 0 0.500000775 0.866024911
vn 0 0.503651381 0.863907039
vn 9.88660759e-07 0.503653765 0.863905609
vn 1.98217526e-06 0.499998599 0.866026223
vn 0 0.500000775 0.866024911
vn 9.88660759e-07 0.503653765 0.863905609
vn 0 0.703207314 0.710984886
vn 0 0.661655843 0.749807656
vn 0 0.661655843 0.749807656
vn 0 0.703207314 0.710984886
vn 0 0.703207314 0.710984886
vn 0 0.661655843 0.749807656
vn 0 0.661655664 0.749807835
vn 0 0.703207314 0.710984886
vn 0 0.661655843 0.749807656
vn 8.90503244e-08 0.622507334 0.782613933
vn -2.0361394e-13 0.622509062 0.782612503
vn 0 0.661655664 0.749807835
vn 0 0.661655843 0.749807656
vn 0 0.622509062 0.782612503
vn 8.90503244e-08 0.622507334 0.782613933
vn 0 0.661655843 0.749807656
vn 0 0.703207314 0.710984886
vn 0 0.661655664 0.749807835
vn 0 0.661655784 0.749807656
vn 0 0.703207314 0.710984886
vn 0 0.703207314 0.710984886
vn 0 0.661655784 0.749807656
vn 0 0.661655724 0.749807835
vn 0 0.703207314 0.710984886
vn 0 0.661655784 0.749807656
vn -4.11752636e-13 0.622509062 0.782612503
vn -1.13571349e-12 0.622509122 0.782612562
vn 0 0.661655724 0.749807835
vn 0 0.661655664 0.749807835
vn -2.0361394e-13 0.622509062 0.782612503
vn -4.11752636e-13 0.622509062 0.782612503
vn 0 0.661655784 0.749807656
vn -2.0361394e-13 0.622509062 0.782612503
vn -9.26347525e-07 0.587181389 0.809455335
vn 0 0.587181211 0.809455454
vn -4.11752636e-13 0.622509062 0.782612503
vn -4.11752636e-13 0.622509062 0.782612503
vn 0 0.587181211 0.809455454
vn 0 0.587179542 0.809456706
vn -1.13571349e-12 0.622509122 0.782612562
vn 0 0.587181211 0.809455454
vn 9.50563333e-07 0.556846082 0.83061564
vn 9.50563162e-07 0.556844234 0.830616951
vn 0 0.587179542 0.809456706
vn -9.26347525e-07 0.587181389 0.809455335
vn 0 0.556844234 0.830616951
vn 9.50563333e-07 0.556846082 0.83061564
vn 0 0.587181211 0.809455454
vn 0 0.622509062 0.782612503
vn 1.85269846e-06 0.587179244 0.809456944
vn 0 0.58718133 0.809455454
vn 8.90503244e-08 0.622507334 0.782613933
vn 8.90503244e-08 0.622507334 0.782613933
vn 0 0.58718133 0.809455454
vn -9.26347525e-07 0.587181389 0.809455335
vn -2.0361394e-13 0.622509062 0.782612503
vn 0 0.58718133 0.809455454
vn -1.03022103e-06 0.556846142 0.830615699
vn 0 0.556844234 0.830616951
vn -9.26347525e-07 0.587181389 0.809455335
vn 1.85269846e-06 0.587179244 0.809456944
vn -2.0604441e-06 0.556844056 0.83061707
vn -1.03022103e-06 0.556846142 0.830615699
vn 0 0.58718133 0.809455454
vn 0 0.703207314 0.710984886
vn 0 0.661655724 0.749807835
vn 0 0.661655843 0.749807656
vn 0 0.703207254 0.710984886
vn 0 0.703207254 0.710984886
vn 0 0.661655843 0.749807656
vn 0 0.661655664 0.749807835
vn 0 0.703207254 0.710984886
vn 0 0.661655843 0.749807656
vn -5.20346732e-13 0.622509062 0.782612503
vn 0 0.622507334 0.782613933
vn 0 0.661655664 0.749807835
vn 0 0.661655724 0.749807835
vn -1.13571349e-12 0.622509122 0.782612562
vn -5.20346732e-13 0.622509062 0.782612503
vn 0 0.661655843 0.749807656
vn 0 0.703207254 0.710984886
vn 0 0.661655664 0.749807835
vn 0 0.661655843 0.749807656
vn 0 0.703207314 0.710984886
vn 0 0.703207314 0.710984886
vn 0 0.661655843 0.749807656
vn 0 0.661655486 0.749807954
vn -1.00594725e-07 0.703207254 0.710984886
vn 0 0.661655843 0.749807656
vn 8.90504381e-08 0.622507334 0.782613933
vn 2.17188206e-13 0.622509062 0.782612562
vn 0 0.661655486 0.749807954
vn 0 0.661655664 0.749807835
vn 0 0.622507334 0.782613933
vn 8.90504381e-08 0.622507334 0.782613933
vn 0 0.661655843 0.749807656
vn 0 0.622507334 0.782613933
vn 9.26351163e-07 0.587179482 0.809456825
vn -9.26350197e-07 0.587179542 0.809456825
vn 8.90504381e-08 0.622507334 0.782613933
vn 8.90504381e-08 0.622507334 0.782613933
vn -9.26350197e-07 0.587179542 0.809456825
vn -1.08585569e-12 0.587179542 0.809456706
vn 2.17188206e-13 0.622509062 0.782612562
vn -9.26350197e-07 0.587179542 0.809456825
vn 0 0.556842208 0.830618203
vn 9.50056074e-14 0.556844175 0.830616951
vn -1.08585569e-12 0.587179542 0.809456706
vn 9.26351163e-07 0.587179482 0.809456825
vn -2.26203835e-13 0.556846142 0.83061564
vn 0 0.556842208 0.830618203
vn -9.26350197e-07 0.587179542 0.809456825
vn -1.13571349e-12 0.622509122 0.782612562
vn 0 0.587179542 0.809456706
vn 9.26353721e-07 0.587179363 0.809456885
vn -5.20346732e-13 0.622509062 0.782612503
vn -5.20346732e-13 0.622509062 0.782612503
vn 9.26353721e-07 0.587179363 0.809456885
vn 9.26351163e-07 0.587179482 0.809456825
vn 0 0.622507334 0.782613933
vn 9.26353721e-07 0.587179363 0.809456885
vn 7.96569921e-08 0.556844175 0.830616951
vn -2.26203835e-13 0.556846142 0.83061564
vn 9.26351163e-07 0.587179482 0.809456825
vn 0 0.587179542 0.809456706
vn 9.50563162e-07 0.556844234 0.830616951
vn 7.96569921e-08 0.556844175 0.830616951
vn 9.26353721e-07 0.587179363 0.809456885
vn 9.50563162e-07 0.556844234 0.830616951
vn 9.68726454e-07 0.532415271 0.846483231
vn 0 0.532412887 0.84648478
vn 7.96569921e-08 0.556844175 0.830616951
vn 7.96569921e-08 0.556844175 0.830616951
vn 0 0.532412887 0.84648478
vn 1.93744609e-06 0.532413363 0.846484482
vn -2.26203835e-13 0.556846142 0.83061564
vn 0 0.532412887 0.84648478
vn 9.81292487e-07 0.514538527 0.857467294
vn 9.81294988e-07 0.514538586 0.857467234
vn 1.93744609e-06 0.532413363 0.846484482
vn 9.68726454e-07 0.532415271 0.846483231
vn 9.8129226e-07 0.514538407 0.857467234
vn 9.81292487e-07 0.514538527 0.857467294
vn 0 0.532412887 0.84648478
vn -2.26203835e-13 0.556846142 0.83061564
vn 1.93744609e-06 0.532413363 0.846484482
vn -5.71809787e-12 0.53241092 0.846486032
vn 0 0.556842208 0.830618203
vn 0 0.556842208 0.830618203
vn -5.71809787e-12 0.53241092 0.846486032
vn -2.09904902e-12 0.532410979 0.846485972
vn 9.50056074e-14 0.556844175 0.830616951
vn -5.71809787e-12 0.53241092 0.846486032
vn 1.12850375e-06 0.514542699 0.857464731
vn 0 0.514538527 0.857467294
vn -2.09904902e-12 0.532410979 0.846485972
vn 1.93744609e-06 0.532413363 0.846484482
vn 9.81294988e-07 0.514538586 0.857467234
vn 1.12850375e-06 0.514542699 0.857464731
vn -5.71809787e-12 0.53241092 0.846486032
vn 9.81294988e-07 0.514538586 0.857467234
vn 0 0.503655672 0.863904536
vn 0 0.503658056 0.863903105
vn 1.12850375e-06 0.514542699 0.857464731
vn 1.12850375e-06 0.514542699 0.857464731
vn 0 0.503658056 0.863903105
vn 9.88660759e-07 0.503653765 0.863905609
vn 0 0.514538527 0.857467294
vn 0 0.503658056 0.863903105
vn 1.98217231e-06 0.500000775 0.866024911
vn 1.98217526e-06 0.499998599 0.866026223
vn 9.88660759e-07 0.503653765 0.863905609
vn 0 0.503655672 0.863904536
vn 0 0.50000298 0.866023719
vn 1.98217231e-06 0.500000775 0.866024911
vn 0 0.503658056 0.863903105
vn 9.8129226e-07 0.514538407 0.857467234
vn 0 0.503653467 0.863905847
vn 0 0.50365591 0.863904417
vn 9.81292487e-07 0.514538527 0.857467294
vn 9.81292487e-07 0.514538527 0.857467294
vn 0 0.50365591 0.863904417
vn 0 0.503655672 0.863904536
vn 9.81294988e-07 0.514538586 0.857467234
vn 0 0.50365591 0.863904417
vn 0 0.500000775 0.866024911
vn 0 0.50000298 0.866023719
vn 0 0.503655672 0.863904536
vn 0 0.503653467 0.863905847
vn 0 0.500000775 0.866025031
vn 0 0.500000775 0.866024911
vn 0 0.50365591 0.863904417
vn -2.0604441e-06 0.556844056 0.83061707
vn -1.52324972e-07 0.532414794 0.846483529
vn -7.61619248e-08 0.53241092 0.846486032
vn -1.03022103e-06 0.556846142 0.830615699
vn -1.03022103e-06 0.556846142 0.830615699
vn -7.61619248e-08 0.53241092 0.846486032
vn -9.68726454e-07 0.532412946 0.84648478
vn 0 0.556844234 0.830616951
vn -7.61619248e-08 0.53241092 0.846486032
vn -1.47210542e-07 0.514538467 0.857467294
vn -9.81292601e-07 0.514538407 0.857467234
vn -9.68726454e-07 0.532412946 0.84648478
vn -1.52324972e-07 0.532414794 0.846483529
vn 1.66816392e-06 0.514538527 0.857467115
vn -1.47210542e-07 0.514538467 0.857467294
vn -7.61619248e-08 0.53241092 0.846486032
vn 0 0.556844234 0.830616951
vn -9.68726454e-07 0.532412946 0.84648478
vn 0 0.532412887 0.84648484
vn 9.50563333e-07 0.556846082 0.83061564
vn 9.50563333e-07 0.556846082 0.83061564
vn 0 0.532412887 0.84648484
vn 9.68726454e-07 0.532415271 0.846483231
vn 9.50563162e-07 0.556844234 0.830616951
vn 0 0.532412887 0.84648484
vn -1.47210287e-07 0.51453644 0.857468545
vn 9.8129226e-07 0.514538407 0.857467234
vn 9.68726454e-07 0.532415271 0.846483231
vn -9.68726454e-07 0.532412946 0.84648478
vn -9.81292601e-07 0.514538407 0.857467234
vn -1.47210287e-07 0.51453644 0.857468545
vn 0 0.532412887 0.84648484
vn -9.81292601e-07 0.514538407 0.857467234
vn 0 0.503653765 0.863905609
vn 0 0.503653824 0.863905609
vn -1.47210287e-07 0.51453644 0.857468545
vn -1.47210287e-07 0.51453644 0.857468545
vn 0 0.503653824 0.863905609
vn 0 0.503653467 0.863905847
vn 9.8129226e-07 0.514538407 0.857467234
vn 0 0.503653824 0.863905609
vn 0 0.500000775 0.866025031
vn 0 0.500000775 0.866025031
vn 0 0.503653467 0.863905847
vn 0 0.503653765 0.863905609
vn 0 0.500002921 0.866023719
vn 0 0.500000775 0.866025031
vn 0 0.503653824 0.863905609
vn 1.66816392e-06 0.514538527 0.857467115
vn 0 0.503651977 0.863906682
vn 0 0.50365591 0.863904297
vn -1.47210542e-07 0.514538467 0.857467294
vn -1.47210542e-07 0.514538467 0.857467294
vn 0 0.50365591 0.863904297
vn 0 0.503653765 0.863905609
vn -9.81292601e-07 0.514538407 0.857467234
vn 0 0.50365591 0.863904297
vn -9.9109036e-07 0.500000775 0.866024911
vn 0 0.500002921 0.866023719
vn 0 0.503653765 0.863905609
vn 0 0.503651977 0.863906682
vn -1.98217731e-06 0.500000536 0.86602515
vn -9.9109036e-07 0.500000775 0.866024911
vn 0 0.50365591 0.863904297
vn 0 0.9605093 0.278247923
vn 0 0.942936838 0.332971781
vn 0 0.942936838 0.332971781
vn 3.18429642e-07 0.9605093 0.278247893
vn 3.18429642e-07 0.9605093 0.278247893
vn 0 0.942936838 0.332971781
vn 0 0.942937076 0.332971215
vn 0 0.96050936 0.278247714
vn 0 0.942936838 0.332971781
vn 0 0.920850933 0.3899149
vn -6.58644126e-08 0.920850933 0.3899149
vn 0 0.942937076 0.332971215
vn 0 0.942936838 0.332971781
vn 6.58642989e-08 0.920850933 0.38991496
vn 0 0.920850933 0.3899149
vn 0 0.942936838 0.332971781
vn 0 0.96050936 0.278247714
vn 0 0.942937076 0.332971215
vn 0 0.942936838 0.332971632
vn -3.18429699e-07 0.9605093 0.278247923
vn -3.18429699e-07 0.9605093 0.278247923
vn 0 0.942936838 0.332971632
vn 0 0.942936838 0.332971781
vn 0 0.9605093 0.278247923
vn 0 0.942936838 0.332971632
vn -3.62054747e-14 0.920850933 0.38991496
vn 6.58643771e-08 0.920850933 0.38991496
vn 0 0.942936838 0.332971781
vn 0 0.942937076 0.332971215
vn -6.58644126e-08 0.920850933 0.3899149
vn -3.62054747e-14 0.920850933 0.38991496
vn 0 0.942936838 0.332971632
vn -6.58644126e-08 0.920850933 0.3899149
vn 0 0.893997967 0.448070914
vn 0 0.893997967 0.448071063
vn -3.62054747e-14 0.920850933 0.38991496
vn -3.62054747e-14 0.920850933 0.38991496
vn 0 0.893997967 0.448071063
vn 0 0.893997967 0.448070914
vn 6.58643771e-08 0.920850933 0.38991496
vn 0 0.893997967 0.448071063
vn 0 0.862421215 0.506191373
vn 0 0.862421215 0.506191373
vn 0 0.893997967 0.448070914
vn 0 0.893997967 0.448070914
vn 0 0.862421215 0.506191313
vn 0 0.862421215 0.506191373
vn 0 0.893997967 0.448071063
vn 6.58642989e-08 0.920850933 0.38991496
vn 0 0.893998027 0.448070914
vn 0 0.893997967 0.448070943
vn 0 0.920850933 0.3899149
vn 0 0.920850933 0.3899149
vn 0 0.893997967 0.448070943
vn 0 0.893997967 0.448070914
vn -6.58644126e-08 0.920850933 0.3899149
vn 0 0.893997967 0.448070943
vn 0 0.862421215 0.506191373
vn 0 0.862421215 0.506191313
vn 0 0.893997967 0.448070914
vn 0 0.893998027 0.448070914
vn 0 0.862421274 0.506191373
vn 0 0.862421215 0.506191373
vn 0 0.893997967 0.448070943
vn 0 0.9605093 0.278247923
vn 0 0.942936838 0.332971781
vn 0 0.942936838 0.332971781
vn 3.184295e-07 0.960509241 0.278247893
vn 3.184295e-07 0.960509241 0.278247893
vn 0 0.942936838 0.332971781
vn 0 0.942937076 0.332971245
vn 9.05040338e-14 0.96050936 0.278247714
vn 0 0.942936838 0.332971781
vn 0 0.920850933 0.3899149
vn -6.58643913e-08 0.920850933 0.3899149
vn 0 0.942937076 0.332971245
vn 0 0.942936838 0.332971781
vn 6.58643771e-08 0.920850933 0.38991496
vn 0 0.920850933 0.3899149
vn 0 0.942936838 0.332971781
vn 9.05040338e-14 0.96050936 0.278247714
vn 0 0.942937076 0.332971245
vn 0 0.942936838 0.332971632
vn -3.18429443e-07 0.960509241 0.278247893
vn -3.18429443e-07 0.960509241 0.278247893
vn 0 0.942936838 0.332971632
vn 0 0.942936718 0.332971722
vn 0 0.960509241 0.278247863
vn 0 0.942936838 0.332971632
vn 0 0.920850933 0.38991496
vn 6.58643913e-08 0.920850933 0.3899149
vn 0 0.942936718 0.332971722
vn 0 0.942937076 0.332971245
vn -6.58643913e-08 0.920850933 0.3899149
vn 0 0.920850933 0.38991496
vn 0 0.942936838 0.332971632
vn -6.58643913e-08 0.920850933 0.3899149
vn 0 0.893998027 0.448070914
vn 0 0.893997967 0.448071063
vn 0 0.920850933 0.38991496
vn 0 0.920850933 0.38991496
vn 0 0.893997967 0.448071063
vn 0 0.893998027 0.448070914
vn 6.58643913e-08 0.920850933 0.3899149
vn 0 0.893997967 0.448071063
vn 0 0.862421215 0.506191373
vn 0 0.862421215 0.506191313
vn 0 0.893998027 0.448070914
vn 0 0.893998027 0.448070914
vn 0 0.862421215 0.506191373
vn 0 0.862421215 0.506191373
vn 0 0.893997967 0.448071063
vn 6.58643771e-08 0.920850933 0.38991496
vn 0 0.893997967 0.448070914
vn 0 0.893997967 0.448070914
vn 0 0.920850933 0.3899149
vn 0 0.920850933 0.3899149
vn 0 0.893997967 0.448070914
vn 0 0.893998027 0.448070914
vn -6.58643913e-08 0.920850933 0.3899149
vn 0 0.893997967 0.448070914
vn 0 0.862421215 0.506191373
vn 0 0.862421215 0.506191373
vn 0 0.893998027 0.448070914
vn 0 0.893997967 0.448070914
vn 0 0.862421215 0.506191373
vn 0 0.862421215 0.506191373
vn 0 0.893997967 0.448070914
vn 0 0.862421215 0.506191373
vn 0 0.826542318 0.562874556
vn 0 0.826541483 0.562875867
vn 0 0.862421215 0.506191373
vn 0 0.862421215 0.506191373
vn 0 0.826541483 0.562875867
vn 0 0.826542318 0.562874615
vn 0 0.862421215 0.506191373
vn 0 0.826541483 0.562875867
vn 0 0.787195027 0.616704106
vn -3.25866965e-13 0.787194848 0.616704404
vn 0 0.826542318 0.562874615
vn 0 0.826542318 0.562874556
vn 1.81037206e-13 0.787194848 0.616704404
vn 0 0.787195027 0.616704106
vn 0 0.826541483 0.562875867
vn 0 0.862421215 0.506191373
vn 0 0.826542318 0.562874615
vn 0 0.826541483 0.562875867
vn 0 0.862421215 0.506191373
vn 0 0.862421215 0.506191373
vn 0 0.826541483 0.562875867
vn 0 0.826542318 0.562874615
vn 0 0.862421215 0.506191313
vn 0 0.826541483 0.562875867
vn -3.6207433e-13 0.787195027 0.616704166
vn -7.24148795e-14 0.787194848 0.616704345
vn 0 0.826542318 0.562874615
vn 0 0.826542318 0.562874615
vn -3.25866965e-13 0.787194848 0.616704404
vn -3.6207433e-13 0.787195027 0.616704166
vn 0 0.826541483 0.562875867
vn -3.25866965e-13 0.787194848 0.616704404
vn 0 0.745588243 0.666406929
vn 0 0.745589375 0.666405678
vn -3.6207433e-13 0.787195027 0.616704166
vn -3.6207433e-13 0.787195027 0.616704166
vn 0 0.745589375 0.666405678
vn 0 0.745588243 0.66640687
vn -7.24148795e-14 0.787194848 0.616704345
vn 0 0.745589375 0.666405678
vn 0 0.703207314 0.710984886
vn -1.00594612e-07 0.703207254 0.710984886
vn 0 0.745588243 0.66640687
vn 0 0.745588243 0.666406929
vn 0 0.703207314 0.710984945
vn 0 0.703207314 0.710984886
vn 0 0.745589375 0.666405678
vn 1.81037206e-13 0.787194848 0.616704404
vn 0 0.745588243 0.666406929
vn 0 0.745589375 0.666405678
vn 0 0.787195027 0.616704106
vn 0 0.787195027 0.616704106
vn 0 0.745589375 0.666405678
vn 0 0.745588243 0.666406929
vn -3.25866965e-13 0.787194848 0.616704404
vn 0 0.745589375 0.666405678
vn 0 0.703207314 0.710984886
vn 0 0.703207314 0.710984945
vn 0 0.745588243 0.666406929
vn 0 0.745588243 0.666406929
vn 0 0.703207254 0.710984886
vn 0 0.703207314 0.710984886
vn 0 0.745589375 0.666405678
vn 0 0.862421274 0.506191373
vn 0 0.826542199 0.562874556
vn 0 0.826541364 0.562875867
vn 0 0.862421215 0.506191373
vn 0 0.862421215 0.506191373
vn 0 0.826541364 0.562875867
vn 0 0.826542199 0.562874556
vn 0 0.862421215 0.506191313
vn 0 0.826541364 0.562875867
vn -1.15863786e-12 0.787195027 0.616704106
vn 4.34489277e-13 0.787194848 0.616704404
vn 0 0.826542199 0.562874556
vn 0 0.826542199 0.562874556
vn -3.62074398e-14 0.787194848 0.616704464
vn -1.15863786e-12 0.787195027 0.616704106
vn 0 0.826541364 0.562875867
vn 0 0.862421215 0.506191313
vn 0 0.826542199 0.562874556
vn 0 0.826541483 0.562875867
vn 0 0.862421215 0.506191373
vn 0 0.862421215 0.506191373
vn 0 0.826541483 0.562875867
vn 0 0.826542318 0.562874556
vn 0 0.862421215 0.506191373
vn 0 0.826541483 0.562875867
vn 4.34489142e-13 0.787195027 0.616704106
vn 1.81037206e-13 0.787194848 0.616704404
vn 0 0.826542318 0.562874556
vn 0 0.826542199 0.562874556
vn 4.34489277e-13 0.787194848 0.616704404
vn 4.34489142e-13 0.787195027 0.616704106
vn 0 0.826541483 0.562875867
vn 4.34489277e-13 0.787194848 0.616704404
vn 0 0.745588243 0.666406929
vn 0 0.745589375 0.666405678
vn 4.34489142e-13 0.787195027 0.616704106
vn 4.34489142e-13 0.787195027 0.616704106
vn 0 0.745589375 0.666405678
vn 0 0.745588243 0.666406929
vn 1.81037206e-13 0.787194848 0.616704404
vn 0 0.745589375 0.666405678
vn 0 0.703207254 0.710984886
vn 0 0.703207254 0.710984886
vn 0 0.745588243 0.666406929
vn 0 0.745588243 0.666406929
vn 0 0.703207254 0.710984886
vn 0 0.703207254 0.710984886
vn 0 0.745589375 0.666405678
vn -3.62074398e-14 0.787194848 0.616704464
vn 0 0.745588243 0.66640687
vn 0 0.745589375 0.666405678
vn -1.15863786e-12 0.787195027 0.616704106
vn -1.15863786e-12 0.787195027 0.616704106
vn 0 0.745589375 0.666405678
vn 0 0.745588243 0.666406929
vn 4.34489277e-13 0.787194848 0.616704404
vn 0 0.745589375 0.666405678
vn 0 0.703207314 0.710984886
vn 0 0.703207254 0.710984886
vn 0 0.745588243 0.666406929
vn 0 0.745588243 0.66640687
vn 1.0059459e-07 0.703207314 0.710984886
vn 0 0.703207314 0.710984886
vn 0 0.745589375 0.666405678
vn 0 0.960509241 0.278247863
vn 0 0.942936718 0.332971722
vn 0 0.942936718 0.332971722
vn 3.18429585e-07 0.9605093 0.278247923
vn 3.18429585e-07 0.9605093 0.278247923
vn 0 0.942936718 0.332971722
vn 0 0.942937076 0.332971245
vn 1.81008068e-13 0.96050936 0.278247714
vn 0 0.942936718 0.332971722
vn 0 0.920850933 0.3899149
vn -6.58644268e-08 0.920850933 0.3899149
vn 0 0.942937076 0.332971245
vn 0 0.942936718 0.332971722
vn 6.58643913e-08 0.920850933 0.3899149
vn 0 0.920850933 0.3899149
vn 0 0.942936718 0.332971722
vn 1.81008068e-13 0.96050936 0.278247714
vn 0 0.942937076 0.332971245
vn 0 0.942936838 0.332971632
vn -3.18429358e-07 0.9605093 0.278247923
vn -3.18429358e-07 0.9605093 0.278247923
vn 0 0.942936838 0.332971632
vn 0 0.942936838 0.332971781
vn 0 0.960509241 0.278247833
vn 0 0.942936838 0.332971632
vn -3.62054747e-14 0.920850933 0.38991496
vn 6.58643771e-08 0.920850933 0.38991496
vn 0 0.942936838 0.332971781
vn 0 0.942937076 0.332971245
vn -6.58644268e-08 0.920850933 0.3899149
vn -3.62054747e-14 0.920850933 0.38991496
vn 0 0.942936838 0.332971632
vn -6.58644268e-08 0.920850933 0.3899149
vn 0 0.893998027 0.448070943
vn 0 0.893997967 0.448071033
vn -3.62054747e-14 0.920850933 0.38991496
vn -3.62054747e-14 0.920850933 0.38991496
vn 0 0.893997967 0.448071033
vn 0 0.893998027 0.448070914
vn 6.58643771e-08 0.920850933 0.38991496
vn 0 0.893997967 0.448071033
vn 0 0.862421215 0.506191373
vn 0 0.862421215 0.506191373
vn 0 0.893998027 0.448070914
vn 0 0.893998027 0.448070943
vn 0 0.862421215 0.506191373
vn 0 0.862421215 0.506191373
vn 0 0.893997967 0.448071033
vn 6.58643913e-08 0.920850933 0.3899149
vn 0 0.893998027 0.448070914
vn 0 0.893998027 0.448070884
vn 0 0.920850933 0.3899149
vn 0 0.920850933 0.3899149
vn 0 0.893998027 0.448070884
vn 0 0.893998027 0.448070943
vn -6.58644268e-08 0.920850933 0.3899149
vn 0 0.893998027 0.448070884
vn 0 0.862421215 0.506191313
vn 0 0.862421215 0.506191373
vn 0 0.893998027 0.448070943
vn 0 0.893998027 0.448070914
vn 0 0.862421215 0.506191313
vn 0 0.862421215 0.506191313
vn 0 0.893998027 0.448070884
vn 0 0.960509241 0.278247833
vn 0 0.942936838 0.332971781
vn 0 0.942936838 0.332971781
vn 3.18429471e-07 0.9605093 0.278247893
vn 3.18429471e-07 0.9605093 0.278247893
vn 0 0.942936838 0.332971781
vn 0 0.942937076 0.332971245
vn -3.80116972e-13 0.96050936 0.278247744
vn 0 0.942936838 0.332971781
vn 0 0.920850933 0.3899149
vn -6.58643131e-08 0.920850933 0.38991496
vn 0 0.942937076 0.332971245
vn 0 0.942936838 0.332971781
vn 6.58643771e-08 0.920850933 0.38991496
vn 0 0.920850933 0.3899149
vn 0 0.942936838 0.332971781
vn -3.80116972e-13 0.96050936 0.278247744
vn 0 0.942937076 0.332971245
vn 0 0.942936838 0.332971632
vn -3.1842967e-07 0.9605093 0.278247923
vn -3.1842967e-07 0.9605093 0.278247923
vn 0 0.942936838 0.332971632
vn 0 0.942936838 0.332971781
vn 0 0.9605093 0.278247923
vn 0 0.942936838 0.332971632
vn 7.46737944e-14 0.920850933 0.3899149
vn 6.58644126e-08 0.920850933 0.38991496
vn 0 0.942936838 0.332971781
vn 0 0.942937076 0.332971245
vn -6.58643131e-08 0.920850933 0.38991496
vn 7.46737944e-14 0.920850933 0.3899149
vn 0 0.942936838 0.332971632
vn -6.58643131e-08 0.920850933 0.38991496
vn 0 0.893998027 0.448070914
vn 0 0.893997967 0.448071033
vn 7.46737944e-14 0.920850933 0.3899149
vn 7.46737944e-14 0.920850933 0.3899149
vn 0 0.893997967 0.448071033
vn 0 0.893998027 0.448070943
vn 6.58644126e-08 0.920850933 0.38991496
vn 0 0.893997967 0.448071033
vn 0 0.862421215 0.506191373
vn 0 0.862421215 0.506191373
vn 0 0.893998027 0.448070943
vn 0 0.893998027 0.448070914
vn 0 0.862421215 0.506191313
vn 0 0.862421215 0.506191373
vn 0 0.893997967 0.448071033
vn 6.58643771e-08 0.920850933 0.38991496
vn 0 0.893998027 0.448070914
vn 0 0.893997967 0.448070943
vn 0 0.920850933 0.3899149
vn 0 0.920850933 0.3899149
vn 0 0.893997967 0.448070943
vn 0 0.893998027 0.448070914
vn -6.58643131e-08 0.920850933 0.38991496
vn 0 0.893997967 0.448070943
vn 0 0.862421215 0.506191373
vn 0 0.862421215 0.506191313
vn 0 0.893998027 0.448070914
vn 0 0.893998027 0.448070914
vn 0 0.862421215 0.506191373
vn 0 0.862421215 0.506191373
vn 0 0.893997967 0.448070943
vn 0 0.862421215 0.506191373
vn 0 0.826542318 0.562874615
vn 0 0.826541483 0.562875867
vn 0 0.862421215 0.506191373
vn 0 0.862421215 0.506191373
vn 0 0.826541483 0.562875867
vn 0 0.826542318 0.562874556
vn 0 0.862421215 0.506191313
vn 0 0.826541483 0.562875867
vn -1.81037151e-13 0.787195027 0.616704106
vn -7.96563661e-13 0.787194848 0.616704345
vn 0 0.826542318 0.562874556
vn 0 0.826542318 0.562874615
vn -6.15526402e-13 0.787194848 0.616704285
vn -1.81037151e-13 0.787195027 0.616704106
vn 0 0.826541483 0.562875867
vn 0 0.862421215 0.506191313
vn 0 0.826542318 0.562874556
vn 0 0.826541483 0.562875867
vn 0 0.862421215 0.506191373
vn 0 0.862421215 0.506191373
vn 0 0.826541483 0.562875867
vn 0 0.826542318 0.562874556
vn 0 0.862421215 0.506191373
vn 0 0.826541483 0.562875867
vn -7.96563445e-13 0.787195027 0.616704106
vn -4.70696724e-13 0.787194848 0.616704404
vn 0 0.826542318 0.562874556
vn 0 0.826542318 0.562874556
vn -7.96563661e-13 0.787194848 0.616704345
vn -7.96563445e-13 0.787195027 0.616704106
vn 0 0.826541483 0.562875867
vn -7.96563661e-13 0.787194848 0.616704345
vn 0 0.745588243 0.666406929
vn 0 0.745589495 0.666405499
vn -7.96563445e-13 0.787195027 0.616704106
vn -7.96563445e-13 0.787195027 0.616704106
vn 0 0.745589495 0.666405499
vn 0 0.745588243 0.66640687
vn -4.70696724e-13 0.787194848 0.616704404
vn 0 0.745589495 0.666405499
vn 6.33564178e-14 0.703207254 0.710984886
vn 1.00594654e-07 0.703207314 0.710984886
vn 0 0.745588243 0.66640687
vn 0 0.745588243 0.666406929
vn -1.85543787e-13 0.703207254 0.710984886
vn 6.33564178e-14 0.703207254 0.710984886
vn 0 0.745589495 0.666405499
vn -6.15526402e-13 0.787194848 0.616704285
vn 0 0.745588243 0.666406929
vn 0 0.745589614 0.666405499
vn -1.81037151e-13 0.787195027 0.616704106
vn -1.81037151e-13 0.787195027 0.616704106
vn 0 0.745589614 0.666405499
vn 0 0.745588243 0.666406929
vn -7.96563661e-13 0.787194848 0.616704345
vn 0 0.745589614 0.666405499
vn -3.16782089e-14 0.703207254 0.710984886
vn -1.85543787e-13 0.703207254 0.710984886
vn 0 0.745588243 0.666406929
vn 0 0.745588243 0.666406929
vn 8.14582573e-14 0.703207254 0.710984945
vn -3.16782089e-14 0.703207254 0.710984886
vn 0 0.745589614 0.666405499
vn 0 0.862421215 0.506191313
vn 0 0.826542318 0.562874615
vn 0 0.826541364 0.562875867
vn 0 0.862421215 0.506191313
vn 0 0.862421215 0.506191313
vn 0 0.826541364 0.562875867
vn 0 0.826542318 0.562874615
vn 0 0.862421215 0.506191373
vn 0 0.826541364 0.562875867
vn -1.44829718e-13 0.787195027 0.616704106
vn -1.81037206e-13 0.787194848 0.616704404
vn 0 0.826542318 0.562874615
vn 0 0.826542318 0.562874615
vn -7.24148795e-14 0.787194848 0.616704345
vn -1.44829718e-13 0.787195027 0.616704106
vn 0 0.826541364 0.562875867
vn 0 0.862421215 0.506191373
vn 0 0.826542318 0.562874615
vn 0 0.826541483 0.562875867
vn 0 0.862421215 0.506191373
vn 0 0.862421215 0.506191373
vn 0 0.826541483 0.562875867
vn 0 0.826542318 0.562874615
vn 0 0.862421215 0.506191373
vn 0 0.826541483 0.562875867
vn 0 0.787195027 0.616704106
vn -6.15526402e-13 0.787194848 0.616704285
vn 0 0.826542318 0.562874615
vn 0 0.826542318 0.562874615
vn -1.81037206e-13 0.787194848 0.616704404
vn 0 0.787195027 0.616704106
vn 0 0.826541483 0.562875867
vn -1.81037206e-13 0.787194848 0.616704404
vn 0 0.745588243 0.666406929
vn 0 0.745589495 0.666405499
vn 0 0.787195027 0.616704106
vn 0 0.787195027 0.616704106
vn 0 0.745589495 0.666405499
vn 0 0.745588243 0.666406929
vn -6.15526402e-13 0.787194848 0.616704285
vn 0 0.745589495 0.666405499
vn 0 0.703207254 0.710984886
vn 8.14582573e-14 0.703207254 0.710984945
vn 0 0.745588243 0.666406929
vn 0 0.745588243 0.666406929
vn 2.71527524e-14 0.703207254 0.710984886
vn 0 0.703207254 0.710984886
vn 0 0.745589495 0.666405499
vn -7.24148795e-14 0.787194848 0.616704345
vn 0 0.745588243 0.66640687
vn 0 0.745589495 0.666405499
vn -1.44829718e-13 0.787195027 0.616704106
vn -1.44829718e-13 0.787195027 0.616704106
vn 0 0.745589495 0.666405499
vn 0 0.745588243 0.666406929
vn -1.81037206e-13 0.787194848 0.616704404
vn 0 0.745589495 0.666405499
vn 4.5254586e-15 0.703207254 0.710984886
vn 2.71527524e-14 0.703207254 0.710984886
vn 0 0.745588243 0.666406929
vn 0 0.745588243 0.66640687
vn -1.00594612e-07 0.703207254 0.710984886
vn 4.5254586e-15 0.703207254 0.710984886
vn 0 0.745589495 0.666405499
vn -1.00594612e-07 0.703207254 0.710984886
vn 0 0.661655486 0.749807954
vn 0 0.661655724 0.749807835
vn 4.5254586e-15 0.703207254 0.710984886
vn 4.5254586e-15 0.703207254 0.710984886
vn 0 0.661655724 0.749807835
vn 0 0.661655724 0.749807775
vn 2.71527524e-14 0.703207254 0.710984886
vn 0 0.661655724 0.749807835
vn -8.90504097e-08 0.622507334 0.782613933
vn 2.26237723e-14 0.622507274 0.782613933
vn 0 0.661655724 0.749807775
vn 0 0.661655486 0.749807954
vn 0 0.622509062 0.782612503
vn -8.90504097e-08 0.622507334 0.782613933
vn 0 0.661655724 0.749807835
vn 2.71527524e-14 0.703207254 0.710984886
vn 0 0.661655724 0.749807775
vn 0 0.661655724 0.749807835
vn 0 0.703207254 0.710984886
vn 0 0.703207254 0.710984886
vn 0 0.661655724 0.749807835
vn 0 0.661655724 0.749807835
vn 8.14582573e-14 0.703207254 0.710984945
vn 0 0.661655724 0.749807835
vn -2.71485257e-14 0.622507334 0.782613873
vn -3.61980343e-14 0.622507334 0.782613873
vn 0 0.661655724 0.749807835
vn 0 0.661655724 0.749807775
vn 2.26237723e-14 0.622507274 0.782613933
vn -2.71485257e-14 0.622507334 0.782613873
vn 0 0.661655724 0.749807835
vn 2.26237723e-14 0.622507274 0.782613933
vn 0 0.587179422 0.809456825
vn 0 0.587179422 0.809456825
vn -2.71485257e-14 0.622507334 0.782613873
vn -2.71485257e-14 0.622507334 0.782613873
vn 0 0.587179422 0.809456825
vn 0 0.587179601 0.809456646
vn -3.61980343e-14 0.622507334 0.782613873
vn 0 0.587179422 0.809456825
vn -7.96569282e-08 0.556842208 0.830618382
vn 0 0.556842208 0.830618322
vn 0 0.587179601 0.809456646
vn 0 0.587179422 0.809456825
vn 0 0.556842148 0.830618322
vn -7.96569282e-08 0.556842208 0.830618382
vn 0 0.587179422 0.809456825
vn 0 0.622509062 0.782612503
vn 0 0.587179542 0.809456646
vn 9.26349742e-07 0.587179542 0.809456825
vn -8.90504097e-08 0.622507334 0.782613933
vn -8.90504097e-08 0.622507334 0.782613933
vn 9.26349742e-07 0.587179542 0.809456825
vn 0 0.587179422 0.809456825
vn 2.26237723e-14 0.622507274 0.782613933
vn 9.26349742e-07 0.587179542 0.809456825
vn -1.35722351e-14 0.556842208 0.830618382
vn 0 0.556842148 0.830618322
vn 0 0.587179422 0.809456825
vn 0 0.587179542 0.809456646
vn -9.04815417e-15 0.556844234 0.830616951
vn -1.35722351e-14 0.556842208 0.830618382
vn 9.26349742e-07 0.587179542 0.809456825
vn 8.14582573e-14 0.703207254 0.710984945
vn 0 0.661655724 0.749807835
vn 0 0.661655724 0.749807835
vn -3.16782089e-14 0.703207254 0.710984886
vn -3.16782089e-14 0.703207254 0.710984886
vn 0 0.661655724 0.749807835
vn 0 0.661655724 0.749807835
vn -1.85543787e-13 0.703207254 0.710984886
vn 0 0.661655724 0.749807835
vn 0 0.622507393 0.782613933
vn 9.95446062e-14 0.622507334 0.782613933
vn 0 0.661655724 0.749807835
vn 0 0.661655724 0.749807835
vn -3.61980343e-14 0.622507334 0.782613873
vn 0 0.622507393 0.782613933
vn 0 0.661655724 0.749807835
vn -1.85543787e-13 0.703207254 0.710984886
vn 0 0.661655724 0.749807835
vn 0 0.661655724 0.749807835
vn 6.33564178e-14 0.703207254 0.710984886
vn 6.33564178e-14 0.703207254 0.710984886
vn 0 0.661655724 0.749807835
vn 0 0.661655724 0.749807835
vn 1.00594654e-07 0.703207314 0.710984886
vn 0 0.661655724 0.749807835
vn 9.50198511e-14 0.622507334 0.782613933
vn 4.07227895e-14 0.622509062 0.782612503
vn 0 0.661655724 0.749807835
vn 0 0.661655724 0.749807835
vn 9.95446062e-14 0.622507334 0.782613933
vn 9.50198511e-14 0.622507334 0.782613933
vn 0 0.661655724 0.749807835
vn 9.95446062e-14 0.622507334 0.782613933
vn 0 0.587179601 0.809456646
vn -9.26350197e-07 0.587179482 0.809456825
vn 9.50198511e-14 0.622507334 0.782613933
vn 9.50198511e-14 0.622507334 0.782613933
vn -9.26350197e-07 0.587179482 0.809456825
vn -5.06732622e-13 0.587179542 0.809456706
vn 4.07227895e-14 0.622509062 0.782612503
vn -9.26350197e-07 0.587179482 0.809456825
vn 0 0.556842208 0.830618322
vn 0 0.556844175 0.830616951
vn -5.06732622e-13 0.587179542 0.809456706
vn 0 0.587179601 0.809456646
vn 0 0.556842208 0.830618382
vn 0 0.556842208 0.830618322
vn -9.26350197e-07 0.587179482 0.809456825
vn -3.61980343e-14 0.622507334 0.782613873
vn 0 0.587179601 0.809456646
vn 0 0.587179542 0.809456825
vn 0 0.622507393 0.782613933
vn 0 0.622507393 0.782613933
vn 0 0.587179542 0.809456825
vn 0 0.587179601 0.809456646
vn 9.95446062e-14 0.622507334 0.782613933
vn 0 0.587179542 0.809456825
vn 0 0.556842208 0.830618382
vn 0 0.556842208 0.830618382
vn 0 0.587179601 0.809456646
vn 0 0.587179601 0.809456646
vn 0 0.556842208 0.830618322
vn 0 0.556842208 0.830618382
vn 0 0.587179542 0.809456825
vn 0 0.556842208 0.830618322
vn 0 0.532411277 0.846485913
vn 0 0.53241092 0.846486032
vn 0 0.556842208 0.830618382
vn 0 0.556842208 0.830618382
vn 0 0.53241092 0.846486032
vn 0 0.532413304 0.846484542
vn 0 0.556842208 0.830618382
vn 0 0.53241092 0.846486032
vn -9.81292487e-07 0.514540553 0.857465923
vn -1.19423471e-12 0.514540553 0.857465982
vn 0 0.532413304 0.846484542
vn 0 0.532411277 0.846485913
vn -1.35708475e-13 0.514540553 0.857465982
vn -9.81292487e-07 0.514540553 0.857465923
vn 0 0.53241092 0.846486032
vn 0 0.556842208 0.830618382
vn 0 0.532413304 0.846484542
vn -1.93745359e-06 0.53241092 0.846486032
vn 0 0.556842208 0.830618322
vn 0 0.556842208 0.830618322
vn -1.93745359e-06 0.53241092 0.846486032
vn -1.01333395e-12 0.532411158 0.846485913
vn 0 0.556844175 0.830616951
vn -1.93745359e-06 0.53241092 0.846486032
vn 9.81291009e-07 0.514540613 0.857465982
vn -7.69014708e-14 0.514536381 0.857468486
vn -1.01333395e-12 0.532411158 0.846485913
vn 0 0.532413304 0.846484542
vn -1.19423471e-12 0.514540553 0.857465982
vn 9.81291009e-07 0.514540613 0.857465982
vn -1.93745359e-06 0.53241092 0.846486032
vn -1.19423471e-12 0.514540553 0.857465982
vn 0 0.503651381 0.863907039
vn 0 0.503653765 0.863905609
vn 9.81291009e-07 0.514540613 0.857465982
vn 9.81291009e-07 0.514540613 0.857465982
vn 0 0.503653765 0.863905609
vn 0 0.503653467 0.863905787
vn -7.69014708e-14 0.514536381 0.857468486
vn 0 0.503653765 0.863905609
vn 0 0.500000775 0.866024911
vn 0 0.500000775 0.866024911
vn 0 0.503653467 0.863905787
vn 0 0.503651381 0.863907039
vn 0 0.500000834 0.866024911
vn 0 0.500000775 0.866024911
vn 0 0.503653765 0.863905609
vn -1.35708475e-13 0.514540553 0.857465982
vn 0 0.503653526 0.863905787
vn 0 0.503653765 0.863905609
vn -9.81292487e-07 0.514540553 0.857465923
vn -9.81292487e-07 0.514540553 0.857465923
vn 0 0.503653765 0.863905609
vn 0 0.503651381 0.863907039
vn -1.19423471e-12 0.514540553 0.857465982
vn 0 0.503653765 0.863905609
vn 0 0.500000775 0.866024911
vn 0 0.500000834 0.866024911
vn 0 0.503651381 0.863907039
vn 0 0.503653526 0.863905787
vn 0 0.500000775 0.866024911
vn 0 0.500000775 0.866024911
vn 0 0.503653765 0.863905609
vn -9.04815417e-15 0.556844234 0.830616951
vn 7.2381005e-14 0.532410979 0.846485972
vn 1.93745291e-06 0.532410979 0.846486032
vn -1.35722351e-14 0.556842208 0.830618382
vn -1.35722351e-14 0.556842208 0.830618382
vn 1.93745291e-06 0.532410979 0.846486032
vn 0 0.532413483 0.846484542
vn 0 0.556842148 0.830618322
vn 1.93745291e-06 0.532410979 0.846486032
vn -1.12850319e-06 0.514540553 0.857466102
vn 3.61889304e-14 0.514540553 0.857465982
vn 0 0.532413483 0.846484542
vn 7.2381005e-14 0.532410979 0.846485972
vn 0 0.514536381 0.857468486
vn -1.12850319e-06 0.514540553 0.857466102
vn 1.93745291e-06 0.532410979 0.846486032
vn 0 0.556842148 0.830618322
vn 0 0.532413483 0.846484542
vn 0 0.53241092 0.846486032
vn -7.96569282e-08 0.556842208 0.830618382
vn -7.96569282e-08 0.556842208 0.830618382
vn 0 0.53241092 0.846486032
vn 0 0.532411277 0.846485913
vn 0 0.556842208 0.830618322
vn 0 0.53241092 0.846486032
vn 9.81292033e-07 0.514540553 0.857465923
vn -1.35708475e-13 0.514540553 0.857465982
vn 0 0.532411277 0.846485913
vn 0 0.532413483 0.846484542
vn 3.61889304e-14 0.514540553 0.857465982
vn 9.81292033e-07 0.514540553 0.857465923
vn 0 0.53241092 0.846486032
vn 3.61889304e-14 0.514540553 0.857465982
vn 0 0.503651321 0.863907039
vn 0 0.503653765 0.863905609
vn 9.81292033e-07 0.514540553 0.857465923
vn 9.81292033e-07 0.514540553 0.857465923
vn 0 0.503653765 0.863905609
vn 0 0.503653526 0.863905787
vn -1.35708475e-13 0.514540553 0.857465982
vn 0 0.503653765 0.863905609
vn 0 0.500000775 0.866024911
vn 0 0.500000775 0.866024911
vn 0 0.503653526 0.863905787
vn 0 0.503651321 0.863907039
vn 0 0.500000775 0.866024911
vn 0 0.500000775 0.866024911
vn 0 0.503653765 0.863905609
vn 0 0.514536381 0.857468486
vn 0 0.503653765 0.863905609
vn 0 0.503653824 0.863905609
vn -1.12850319e-06 0.514540553 0.857466102
vn -1.12850319e-06 0.514540553 0.857466102
vn 0 0.503653824 0.863905609
vn 0 0.503651321 0.863907039
vn 3.61889304e-14 0.514540553 0.857465982
vn 0 0.503653824 0.863905609
vn 0 0.500000775 0.866024911
vn 0 0.500000775 0.866024911
vn 0 0.503651321 0.863907039
vn 0 0.503653765 0.863905609
vn 0 0.500000775 0.866024911
vn 0 0.500000775 0.866024911
vn 0 0.503653824 0.863905609
vn 1.0059459e-07 0.703207314 0.710984886
vn 0 0.661655724 0.749807835
vn 0 0.661655843 0.749807656
vn 0 0.703207314 0.710984886
vn 0 0.703207314 0.710984886
vn 0 0.661655843 0.749807656
vn 0 0.661655664 0.749807835
vn 0 0.703207254 0.710984886
vn 0 0.661655843 0.749807656
vn 1.58366403e-13 0.622507393 0.782613873
vn -4.07227895e-14 0.622507334 0.782613873
vn 0 0.661655664 0.749807835
vn 0 0.661655724 0.749807835
vn 4.52475429e-15 0.622509062 0.782612503
vn 1.58366403e-13 0.622507393 0.782613873
vn 0 0.661655843 0.749807656
vn 0 0.703207254 0.710984886
vn 0 0.661655664 0.749807835
vn 0 0.661655843 0.749807656
vn 0 0.703207254 0.710984886
vn 0 0.703207254 0.710984886
vn 0 0.661655843 0.749807656
vn 0 0.661655724 0.749807835
vn 0 0.703207254 0.710984886
vn 0 0.661655843 0.749807656
vn -4.52475514e-14 0.622507393 0.782613933
vn -1.35742629e-14 0.622507334 0.782613933
vn 0 0.661655724 0.749807835
vn 0 0.661655664 0.749807835
vn -4.07227895e-14 0.622507334 0.782613873
vn -4.52475514e-14 0.622507393 0.782613933
vn 0 0.661655843 0.749807656
vn -4.07227895e-14 0.622507334 0.782613873
vn 0 0.587179601 0.809456646
vn 0 0.587179422 0.809456825
vn -4.52475514e-14 0.622507393 0.782613933
vn -4.52475514e-14 0.622507393 0.782613933
vn 0 0.587179422 0.809456825
vn 0 0.587179601 0.809456646
vn -1.35742629e-14 0.622507334 0.782613933
vn 0 0.587179422 0.809456825
vn 0 0.556842208 0.830618322
vn 0 0.556842208 0.830618382
vn 0 0.587179601 0.809456646
vn 0 0.587179601 0.809456646
vn 0 0.556842208 0.830618322
vn 0 0.556842208 0.830618322
vn 0 0.587179422 0.809456825
vn 4.52475429e-15 0.622509062 0.782612503
vn 4.70537454e-13 0.587179542 0.809456706
vn 9.26350992e-07 0.587179482 0.809456825
vn 1.58366403e-13 0.622507393 0.782613873
vn 1.58366403e-13 0.622507393 0.782613873
vn 9.26350992e-07 0.587179482 0.809456825
vn 0 0.587179601 0.809456646
vn -4.07227895e-14 0.622507334 0.782613873
vn 9.26350992e-07 0.587179482 0.809456825
vn 0 0.556842208 0.830618382
vn 0 0.556842208 0.830618322
vn 0 0.587179601 0.809456646
vn 4.70537454e-13 0.587179542 0.809456706
vn 0 0.556844234 0.830616951
vn 0 0.556842208 0.830618382
vn 9.26350992e-07 0.587179482 0.809456825
vn 0 0.703207254 0.710984886
vn 0 0.661655724 0.749807835
vn 0 0.661655843 0.749807656
vn 0 0.703207314 0.710984886
vn 0 0.703207314 0.710984886
vn 0 0.661655843 0.749807656
vn 0 0.661655724 0.749807835
vn 0 0.703207314 0.710984945
vn 0 0.661655843 0.749807656
vn 0 0.622507334 0.782613873
vn 2.71485274e-14 0.622507334 0.782613933
vn 0 0.661655724 0.749807835
vn 0 0.661655724 0.749807835
vn -1.35742629e-14 0.622507334 0.782613933
vn 0 0.622507334 0.782613873
vn 0 0.661655843 0.749807656
vn 0 0.703207314 0.710984945
vn 0 0.661655724 0.749807835
vn 0 0.661655903 0.749807656
vn 0 0.703207314 0.710984886
vn 0 0.703207314 0.710984886
vn 0 0.661655903 0.749807656
vn 0 0.661655486 0.749807954
vn -1.00594612e-07 0.703207254 0.710984886
vn 0 0.661655903 0.749807656
vn 8.90503884e-08 0.622507393 0.782613873
vn 0 0.622509062 0.782612503
vn 0 0.661655486 0.749807954
vn 0 0.661655724 0.749807835
vn 2.71485274e-14 0.622507334 0.782613933
vn 8.90503884e-08 0.622507393 0.782613873
vn 0 0.661655903 0.749807656
vn 2.71485274e-14 0.622507334 0.782613933
vn 0 0.587179482 0.809456825
vn -9.26349742e-07 0.587179482 0.809456825
vn 8.90503884e-08 0.622507393 0.782613873
vn 8.90503884e-08 0.622507393 0.782613873
vn -9.26349742e-07 0.587179482 0.809456825
vn 0 0.587179542 0.809456646
vn 0 0.622509062 0.782612503
vn -9.26349742e-07 0.587179482 0.809456825
vn 0 0.556842208 0.830618382
vn -9.04815417e-15 0.556844234 0.830616951
vn 0 0.587179542 0.809456646
vn 0 0.587179482 0.809456825
vn 3.16685426e-14 0.556842208 0.830618322
vn 0 0.556842208 0.830618382
vn -9.26349742e-07 0.587179482 0.809456825
vn -1.35742629e-14 0.622507334 0.782613933
vn 0 0.587179601 0.809456646
vn 0 0.587179482 0.809456825
vn 0 0.622507334 0.782613873
vn 0 0.622507334 0.782613873
vn 0 0.587179482 0.809456825
vn 0 0.587179482 0.809456825
vn 2.71485274e-14 0.622507334 0.782613933
vn 0 0.587179482 0.809456825
vn 7.96569282e-08 0.556842208 0.830618382
vn 3.16685426e-14 0.556842208 0.830618322
vn 0 0.587179482 0.809456825
vn 0 0.587179601 0.809456646
vn 0 0.556842208 0.830618382
vn 7.96569282e-08 0.556842208 0.830618382
vn 0 0.587179482 0.809456825
vn 0 0.556842208 0.830618382
vn 0 0.532411218 0.846485794
vn 0 0.53241092 0.846486032
vn 7.96569282e-08 0.556842208 0.830618382
vn 7.96569282e-08 0.556842208 0.830618382
vn 0 0.53241092 0.846486032
vn 0 0.532413483 0.846484423
vn 3.16685426e-14 0.556842208 0.830618322
vn 0 0.53241092 0.846486032
vn -9.81292033e-07 0.514540553 0.857465923
vn -2.53322509e-13 0.514540553 0.857465982
vn 0 0.532413483 0.846484423
vn 0 0.532411218 0.846485794
vn 4.97597738e-14 0.514540553 0.857465923
vn -9.81292033e-07 0.514540553 0.857465923
vn 0 0.53241092 0.846486032
vn 3.16685426e-14 0.556842208 0.830618322
vn 0 0.532413483 0.846484423
vn -1.93745291e-06 0.53241092 0.846486032
vn 0 0.556842208 0.830618382
vn 0 0.556842208 0.830618382
vn -1.93745291e-06 0.53241092 0.846486032
vn 7.2381005e-14 0.532410979 0.846485972
vn -9.04815417e-15 0.556844234 0.830616951
vn -1.93745291e-06 0.53241092 0.846486032
vn 1.1285033e-06 0.514540553 0.857466102
vn 0 0.514536381 0.857468486
vn 7.2381005e-14 0.532410979 0.846485972
vn 0 0.532413483 0.846484423
vn -2.53322509e-13 0.514540553 0.857465982
vn 1.1285033e-06 0.514540553 0.857466102
vn -1.93745291e-06 0.53241092 0.846486032
vn -2.53322509e-13 0.514540553 0.857465982
vn 0 0.503651321 0.863907039
vn 0 0.503653765 0.863905609
vn 1.1285033e-06 0.514540553 0.857466102
vn 1.1285033e-06 0.514540553 0.857466102
vn 0 0.503653765 0.863905609
vn 0 0.503653765 0.863905609
vn 0 0.514536381 0.857468486
vn 0 0.503653765 0.863905609
vn 0 0.500000775 0.866025031
vn 0 0.500000775 0.866024911
vn 0 0.503653765 0.863905609
vn 0 0.503651321 0.863907039
vn 0 0.500000775 0.866025031
vn 0 0.500000775 0.866025031
vn 0 0.503653765 0.863905609
vn 4.97597738e-14 0.514540553 0.857465923
vn 0 0.503653467 0.863905787
vn 0 0.503653765 0.863905609
vn -9.81292033e-07 0.514540553 0.857465923
vn -9.81292033e-07 0.514540553 0.857465923
vn 0 0.503653765 0.863905609
vn 0 0.503651321 0.863907039
vn -2.53322509e-13 0.514540553 0.857465982
vn 0 0.503653765 0.863905609
vn 0 0.500000775 0.866024911
vn 0 0.500000775 0.866025031
vn 0 0.503651321 0.863907039
vn 0 0.503653467 0.863905787
vn 0 0.500000775 0.866024911
vn 0 0.500000775 0.866024911
vn 0 0.503653765 0.863905609
vn 0 0.556844234 0.830616951
vn 9.40952936e-13 0.532411158 0.846485913
vn 1.93745518e-06 0.53241092 0.846486032
vn 0 0.556842208 0.830618382
vn 0 0.556842208 0.830618382
vn 1.93745518e-06 0.53241092 0.846486032
vn 0 0.532413304 0.846484542
vn 0 0.556842208 0.830618322
vn 1.93745518e-06 0.53241092 0.846486032
vn -9.81293056e-07 0.514540553 0.857465982
vn 5.79022886e-13 0.514540553 0.857465982
vn 0 0.532413304 0.846484542
vn 9.40952936e-13 0.532411158 0.846485913
vn -4.52361588e-15 0.514536381 0.857468486
vn -9.81293056e-07 0.514540553 0.857465982
vn 1.93745518e-06 0.53241092 0.846486032
vn 0 0.556842208 0.830618322
vn 0 0.532413304 0.846484542
vn 0 0.53241092 0.846486032
vn 0 0.556842208 0.830618322
vn 0 0.556842208 0.830618322
vn 0 0.53241092 0.846486032
vn 0 0.532411218 0.846485794
vn 0 0.556842208 0.830618382
vn 0 0.53241092 0.846486032
vn 9.81292487e-07 0.514540553 0.857465982
vn 4.97597738e-14 0.514540553 0.857465923
vn 0 0.532411218 0.846485794
vn 0 0.532413304 0.846484542
vn 5.79022886e-13 0.514540553 0.857465982
vn 9.81292487e-07 0.514540553 0.857465982
vn 0 0.53241092 0.846486032
vn 5.79022886e-13 0.514540553 0.857465982
vn 0 0.503651381 0.863907039
vn 0 0.503653765 0.863905609
vn 9.81292487e-07 0.514540553 0.857465982
vn 9.81292487e-07 0.514540553 0.857465982
vn 0 0.503653765 0.863905609
vn 0 0.503653467 0.863905787
vn 4.97597738e-14 0.514540553 0.857465923
vn 0 0.503653765 0.863905609
vn 0 0.500000775 0.866024911
vn 0 0.500000775 0.866024911
vn 0 0.503653467 0.863905787
vn 0 0.503651381 0.863907039
vn 0 0.500000775 0.866024911
vn 0 0.500000775 0.866024911
vn 0 0.503653765 0.863905609
vn -4.52361588e-15 0.514536381 0.857468486
vn 0 0.503653467 0.863905787
vn 0 0.503653765 0.863905609
vn -9.81293056e-07 0.514540553 0.857465982
vn -9.81293056e-07 0.514540553 0.857465982
vn 0 0.503653765 0.863905609
vn 0 0.503651381 0.863907039
vn 5.79022886e-13 0.514540553 0.857465982
vn 0 0.503653765 0.863905609
vn 0 0.500000775 0.866024911
vn 0 0.500000775 0.866024911
vn 0 0.503651381 0.863907039
vn 0 0.503653467 0.863905787
vn 0 0.500000775 0.866024911
vn 0 0.500000775 0.866024911
vn 0 0.503653765 0.863905609
vn 0 0.9605093 0.278247923
vn 0 0.942936838 0.332971781
vn 0 0.942936838 0.332971781
vn 3.18429699e-07 0.9605093 0.278247893
vn 3.18429699e-07 0.9605093 0.278247893
vn 0 0.942936838 0.332971781
vn 0 0.942937076 0.332971245
vn 0 0.96050936 0.278247714
vn 0 0.942936838 0.332971781
vn 0 0.920850933 0.3899149
vn -6.58644126e-08 0.920850933 0.3899149
vn 0 0.942937076 0.332971245
vn 0 0.942936838 0.332971781
vn 6.58644126e-08 0.920850933 0.38991496
vn 0 0.920850933 0.3899149
vn 0 0.942936838 0.332971781
vn 0 0.96050936 0.278247714
vn 0 0.942937076 0.332971245
vn 0 0.942936838 0.332971632
vn -3.1842967e-07 0.9605093 0.278247923
vn -3.1842967e-07 0.9605093 0.278247923
vn 0 0.942936838 0.332971632
vn 0 0.942936838 0.332971781
vn 0 0.9605093 0.278247923
vn 0 0.942936838 0.332971632
vn -7.46737944e-14 0.920850933 0.3899149
vn 6.58643415e-08 0.920850933 0.38991496
vn 0 0.942936838 0.332971781
vn 0 0.942937076 0.332971245
vn -6.58644126e-08 0.920850933 0.3899149
vn -7.46737944e-14 0.920850933 0.3899149
vn 0 0.942936838 0.332971632
vn -6.58644126e-08 0.920850933 0.3899149
vn 0 0.893998027 0.448070943
vn 0 0.893997967 0.448071063
vn -7.46737944e-14 0.920850933 0.3899149
vn -7.46737944e-14 0.920850933 0.3899149
vn 0 0.893997967 0.448071063
vn 0 0.893998027 0.448070914
vn 6.58643415e-08 0.920850933 0.38991496
vn 0 0.893997967 0.448071063
vn 0 0.862421215 0.506191313
vn 0 0.862421215 0.506191313
vn 0 0.893998027 0.448070914
vn 0 0.893998027 0.448070943
vn 0 0.862421215 0.506191373
vn 0 0.862421215 0.506191313
vn 0 0.893997967 0.448071063
vn 6.58644126e-08 0.920850933 0.38991496
vn 0 0.893998027 0.448070943
vn 0 0.893997967 0.448070914
vn 0 0.920850933 0.3899149
vn 0 0.920850933 0.3899149
vn 0 0.893997967 0.448070914
vn 0 0.893998027 0.448070943
vn -6.58644126e-08 0.920850933 0.3899149
vn 0 0.893997967 0.448070914
vn 0 0.862421274 0.506191373
vn 0 0.862421215 0.506191373
vn 0 0.893998027 0.448070943
vn 0 0.893998027 0.448070943
vn 0 0.862421215 0.506191373
vn 0 0.862421274 0.506191373
vn 0 0.893997967 0.448070914
vn 0 0.9605093 0.278247923
vn 0 0.942936838 0.332971781
vn 0 0.942936838 0.332971781
vn 3.18429642e-07 0.9605093 0.278247893
vn 3.18429642e-07 0.9605093 0.278247893
vn 0 0.942936838 0.332971781
vn 0 0.942937076 0.332971215
vn 3.80116918e-13 0.96050936 0.278247714
vn 0 0.942936838 0.332971781
vn 0 0.920850933 0.3899149
vn -6.58643415e-08 0.920850933 0.3899149
vn 0 0.942937076 0.332971215
vn 0 0.942936838 0.332971781
vn 6.58643415e-08 0.920850933 0.38991496
vn 0 0.920850933 0.3899149
vn 0 0.942936838 0.332971781
vn 3.80116918e-13 0.96050936 0.278247714
vn 0 0.942937076 0.332971215
vn 0 0.942936838 0.332971632
vn -3.18429414e-07 0.9605093 0.278247923
vn -3.18429414e-07 0.9605093 0.278247923
vn 0 0.942936838 0.332971632
vn 0 0.942936778 0.332971781
vn 0 0.960509241 0.278247863
vn 0 0.942936838 0.332971632
vn 1.49347589e-13 0.920850933 0.3899149
vn 6.5864576e-08 0.920850873 0.3899149
vn 0 0.942936778 0.332971781
vn 0 0.942937076 0.332971215
vn -6.58643415e-08 0.920850933 0.3899149
vn 1.49347589e-13 0.920850933 0.3899149
vn 0 0.942936838 0.332971632
vn -6.58643415e-08 0.920850933 0.3899149
vn 0 0.893998027 0.448070914
vn 0 0.893997967 0.448071033
vn 1.49347589e-13 0.920850933 0.3899149
vn 1.49347589e-13 0.920850933 0.3899149
vn 0 0.893997967 0.448071033
vn 0 0.893997967 0.448070914
vn 6.5864576e-08 0.920850873 0.3899149
vn 0 0.893997967 0.448071033
vn 0 0.862421215 0.506191373
vn 0 0.862421215 0.506191373
vn 0 0.893997967 0.448070914
vn 0 0.893998027 0.448070914
vn 0 0.862421215 0.506191313
vn 0 0.862421215 0.506191373
vn 0 0.893997967 0.448071033
vn 6.58643415e-08 0.920850933 0.38991496
vn 0 0.893998027 0.448070914
vn 0 0.893997967 0.448070943
vn 0 0.920850933 0.3899149
vn 0 0.920850933 0.3899149
vn 0 0.893997967 0.448070943
vn 0 0.893998027 0.448070914
vn -6.58643415e-08 0.920850933 0.3899149
vn 0 0.893997967 0.448070943
vn 0 0.862421215 0.506191313
vn 0 0.862421215 0.506191313
vn 0 0.893998027 0.448070914
vn 0 0.893998027 0.448070914
vn 0 0.862421215 0.506191313
vn 0 0.862421215 0.506191313
vn 0 0.893997967 0.448070943
vn 0 0.862421215 0.506191313
vn 0 0.826542318 0.562874556
vn 0 0.826541483 0.562875867
vn 0 0.862421215 0.506191313
vn 0 0.862421215 0.506191313
vn 0 0.826541483 0.562875867
vn 0 0.826542318 0.562874615
vn 0 0.862421215 0.506191313
vn 0 0.826541483 0.562875867
vn 0 0.787195027 0.616704166
vn 2.02761636e-12 0.787194848 0.616704345
vn 0 0.826542318 0.562874615
vn 0 0.826542318 0.562874556
vn 8.32771135e-13 0.787194848 0.616704345
vn 0 0.787195027 0.616704166
vn 0 0.826541483 0.562875867
vn 0 0.862421215 0.506191313
vn 0 0.826542318 0.562874615
vn 0 0.826541483 0.562875867
vn 0 0.862421215 0.506191373
vn 0 0.862421215 0.506191373
vn 0 0.826541483 0.562875867
vn 0 0.826542199 0.562874556
vn 0 0.862421215 0.506191373
vn 0 0.826541483 0.562875867
vn 1.59312689e-12 0.787195027 0.616704106
vn 3.62074398e-14 0.787194848 0.616704345
vn 0 0.826542199 0.562874556
vn 0 0.826542318 0.562874615
vn 2.02761636e-12 0.787194848 0.616704345
vn 1.59312689e-12 0.787195027 0.616704106
vn 0 0.826541483 0.562875867
vn 2.02761636e-12 0.787194848 0.616704345
vn 0 0.745588243 0.66640687
vn 0 0.745589375 0.666405678
vn 1.59312689e-12 0.787195027 0.616704106
vn 1.59312689e-12 0.787195027 0.616704106
vn 0 0.745589375 0.666405678
vn 0 0.745588243 0.66640687
vn 3.62074398e-14 0.787194848 0.616704345
vn 0 0.745589375 0.666405678
vn 0 0.703207314 0.710984886
vn -1.00594519e-07 0.703207254 0.710984886
vn 0 0.745588243 0.66640687
vn 0 0.745588243 0.66640687
vn 0 0.703207314 0.710984886
vn 0 0.703207314 0.710984886
vn 0 0.745589375 0.666405678
vn 8.32771135e-13 0.787194848 0.616704345
vn 0 0.745588243 0.666406929
vn 0 0.745589375 0.666405678
vn 0 0.787195027 0.616704166
vn 0 0.787195027 0.616704166
vn 0 0.745589375 0.666405678
vn 0 0.745588243 0.66640687
vn 2.02761636e-12 0.787194848 0.616704345
vn 0 0.745589375 0.666405678
vn 0 0.703207254 0.710984886
vn 0 0.703207314 0.710984886
vn 0 0.745588243 0.66640687
vn 0 0.745588243 0.666406929
vn 0 0.703207314 0.710984886
vn 0 0.703207254 0.710984886
vn 0 0.745589375 0.666405678
vn 0 0.862421215 0.506191373
vn 0 0.826542318 0.562874556
vn 0 0.826541483 0.562875867
vn 0 0.862421274 0.506191373
vn 0 0.862421274 0.506191373
vn 0 0.826541483 0.562875867
vn 0 0.826542199 0.562874556
vn 0 0.862421215 0.506191373
vn 0 0.826541483 0.562875867
vn 0 0.787195027 0.616704106
vn 4.34489277e-13 0.787194848 0.616704404
vn 0 0.826542199 0.562874556
vn 0 0.826542318 0.562874556
vn -4.70696724e-13 0.787194848 0.616704404
vn 0 0.787195027 0.616704106
vn 0 0.826541483 0.562875867
vn 0 0.862421215 0.506191373
vn 0 0.826542199 0.562874556
vn 0 0.826541483 0.562875867
vn 0 0.862421215 0.506191313
vn 0 0.862421215 0.506191313
vn 0 0.826541483 0.562875867
vn 0 0.826542318 0.562874556
vn 0 0.862421215 0.506191313
vn 0 0.826541483 0.562875867
vn 7.96563445e-13 0.787195027 0.616704106
vn 8.32771135e-13 0.787194848 0.616704345
vn 0 0.826542318 0.562874556
vn 0 0.826542199 0.562874556
vn 4.34489277e-13 0.787194848 0.616704404
vn 7.96563445e-13 0.787195027 0.616704106
vn 0 0.826541483 0.562875867
vn 4.34489277e-13 0.787194848 0.616704404
vn 0 0.745588243 0.66640687
vn 0 0.745589375 0.666405678
vn 7.96563445e-13 0.787195027 0.616704106
vn 7.96563445e-13 0.787195027 0.616704106
vn 0 0.745589375 0.666405678
vn 0 0.745588243 0.666406929
vn 8.32771135e-13 0.787194848 0.616704345
vn 0 0.745589375 0.666405678
vn 0 0.703207314 0.710984886
vn 0 0.703207314 0.710984886
vn 0 0.745588243 0.666406929
vn 0 0.745588243 0.66640687
vn 0 0.703207254 0.710984886
vn 0 0.703207314 0.710984886
vn 0 0.745589375 0.666405678
vn -4.70696724e-13 0.787194848 0.616704404
vn 0 0.745588243 0.66640687
vn 0 0.745589375 0.666405678
vn 0 0.787195027 0.616704106
vn 0 0.787195027 0.616704106
vn 0 0.745589375 0.666405678
vn 0 0.745588243 0.66640687
vn 4.34489277e-13 0.787194848 0.616704404
vn 0 0.745589375 0.666405678
vn 0 0.703207254 0.710984886
vn 0 0.703207254 0.710984886
vn 0 0.745588243 0.66640687
vn 0 0.745588243 0.66640687
vn 1.00594654e-07 0.703207314 0.710984886
vn 0 0.703207254 0.710984886
vn 0 0.745589375 0.666405678
vn 0 0.960509241 0.278247863
vn 0 0.942936778 0.332971781
vn 0 0.942936838 0.332971781
vn 3.18428903e-07 0.9605093 0.278247893
vn 3.18428903e-07 0.9605093 0.278247893
vn 0 0.942936838 0.332971781
vn 0 0.942937076 0.332971215
vn -8.14536372e-13 0.96050936 0.278247714
vn 0 0.942936838 0.332971781
vn 0 0.920850933 0.3899149
vn -6.58646186e-08 0.920850933 0.3899149
vn 0 0.942937076 0.332971215
vn 0 0.942936778 0.332971781
vn 6.5864576e-08 0.920850873 0.3899149
vn 0 0.920850933 0.3899149
vn 0 0.942936838 0.332971781
vn -8.14536372e-13 0.96050936 0.278247714
vn 0 0.942937076 0.332971215
vn 0 0.942936838 0.332971632
vn -3.1842967e-07 0.9605093 0.278247923
vn -3.1842967e-07 0.9605093 0.278247923
vn 0 0.942936838 0.332971632
vn 0 0.942936838 0.332971781
vn 0 0.9605093 0.278247923
vn 0 0.942936838 0.332971632
vn -2.37598434e-13 0.920850873 0.3899149
vn 6.58643415e-08 0.920850933 0.38991496
vn 0 0.942936838 0.332971781
vn 0 0.942937076 0.332971215
vn -6.58646186e-08 0.920850933 0.3899149
vn -2.37598434e-13 0.920850873 0.3899149
vn 0 0.942936838 0.332971632
vn -6.58646186e-08 0.920850933 0.3899149
vn 0 0.893998027 0.448070914
vn 0 0.893997967 0.448071033
vn -2.37598434e-13 0.920850873 0.3899149
vn -2.37598434e-13 0.920850873 0.3899149
vn 0 0.893997967 0.448071033
vn 0 0.893997967 0.448070914
vn 6.58643415e-08 0.920850933 0.38991496
vn 0 0.893997967 0.448071033
vn 0 0.862421215 0.506191373
vn 0 0.862421215 0.506191373
vn 0 0.893997967 0.448070914
vn 0 0.893998027 0.448070914
vn 0 0.862421215 0.506191373
vn 0 0.862421215 0.506191373
vn 0 0.893997967 0.448071033
vn 6.5864576e-08 0.920850873 0.3899149
vn 0 0.893997967 0.448070914
vn 0 0.893997967 0.448070914
vn 0 0.920850933 0.3899149
vn 0 0.920850933 0.3899149
vn 0 0.893997967 0.448070914
vn 0 0.893998027 0.448070914
vn -6.58646186e-08 0.920850933 0.3899149
vn 0 0.893997967 0.448070914
vn 0 0.862421215 0.506191373
vn 0 0.862421215 0.506191373
vn 0 0.893998027 0.448070914
vn 0 0.893997967 0.448070914
vn 0 0.862421215 0.506191373
vn 0 0.862421215 0.506191373
vn 0 0.893997967 0.448070914
vn 0 0.9605093 0.278247923
vn 0 0.942936838 0.332971781
vn 0 0.942936838 0.332971781
vn 3.18430295e-07 0.9605093 0.278247923
vn 3.18430295e-07 0.9605093 0.278247923
vn 0 0.942936838 0.332971781
vn 0 0.942937076 0.332971245
vn 7.60233836e-13 0.96050936 0.278247714
vn 0 0.942936838 0.332971781
vn 0 0.920850933 0.3899149
vn -6.58643415e-08 0.920850933 0.3899149
vn 0 0.942937076 0.332971245
vn 0 0.942936838 0.332971781
vn 6.58643415e-08 0.920850933 0.38991496
vn 0 0.920850933 0.3899149
vn 0 0.942936838 0.332971781
vn 7.60233836e-13 0.96050936 0.278247714
vn 0 0.942937076 0.332971245
vn 0 0.942936838 0.332971632
vn -3.18429215e-07 0.9605093 0.278247923
vn -3.18429215e-07 0.9605093 0.278247923
vn 0 0.942936838 0.332971632
vn 0 0.942936838 0.332971632
vn 0 0.9605093 0.278247833
vn 0 0.942936838 0.332971632
vn -6.58643415e-08 0.920850873 0.3899149
vn 0 0.920850933 0.3899149
vn 0 0.942936838 0.332971632
vn 0 0.942937076 0.332971245
vn -6.58643415e-08 0.920850933 0.3899149
vn -6.58643415e-08 0.920850873 0.3899149
vn 0 0.942936838 0.332971632
vn -6.58643415e-08 0.920850933 0.3899149
vn 0 0.893998027 0.448070914
vn 0 0.893997967 0.448071033
vn -6.58643415e-08 0.920850873 0.3899149
vn -6.58643415e-08 0.920850873 0.3899149
vn 0 0.893997967 0.448071033
vn 0 0.893997967 0.448070973
vn 0 0.920850933 0.3899149
vn 0 0.893997967 0.448071033
vn 0 0.862421215 0.506191373
vn 0 0.862421215 0.506191373
vn 0 0.893997967 0.448070973
vn 0 0.893998027 0.448070914
vn 0 0.862421215 0.506191373
vn 0 0.862421215 0.506191373
vn 0 0.893997967 0.448071033
vn 6.58643415e-08 0.920850933 0.38991496
vn 0 0.893997967 0.448070914
vn 0 0.893997967 0.448070914
vn 0 0.920850933 0.3899149
vn 0 0.920850933 0.3899149
vn 0 0.893997967 0.448070914
vn 0 0.893998027 0.448070914
vn -6.58643415e-08 0.920850933 0.3899149
vn 0 0.893997967 0.448070914
vn 0 0.862421215 0.506191373
vn 0 0.862421215 0.506191373
vn 0 0.893998027 0.448070914
vn 0 0.893997967 0.448070914
vn 0 0.862421215 0.506191373
vn 0 0.862421215 0.506191373
vn 0 0.893997967 0.448070914
vn 0 0.862421215 0.506191373
vn 0 0.826542318 0.562874556
vn 0 0.826541483 0.562875867
vn 0 0.862421215 0.506191373
vn 0 0.862421215 0.506191373
vn 0 0.826541483 0.562875867
vn 0 0.826542318 0.562874556
vn 0 0.862421215 0.506191373
vn 0 0.826541483 0.562875867
vn -3.15004641e-12 0.787195027 0.616704106
vn -1.59312721e-12 0.787194848 0.616704404
vn 0 0.826542318 0.562874556
vn 0 0.826542318 0.562874556
vn -7.8208065e-12 0.787194848 0.616704404
vn -3.15004641e-12 0.787195027 0.616704106
vn 0 0.826541483 0.562875867
vn 0 0.862421215 0.506191373
vn 0 0.826542318 0.562874556
vn 0 0.826541483 0.562875867
vn 0 0.862421215 0.506191373
vn 0 0.862421215 0.506191373
vn 0 0.826541483 0.562875867
vn 0 0.826542199 0.562874615
vn 0 0.862421215 0.506191373
vn 0 0.826541483 0.562875867
vn 0 0.787195027 0.616704106
vn -1.41152327e-06 0.787194848 0.616704345
vn 0 0.826542199 0.562874615
vn 0 0.826542318 0.562874556
vn -1.59312721e-12 0.787194848 0.616704404
vn 0 0.787195027 0.616704106
vn 0 0.826541483 0.562875867
vn -1.59312721e-12 0.787194848 0.616704404
vn 0 0.745588303 0.66640687
vn 0 0.745589495 0.666405499
vn 0 0.787195027 0.616704106
vn 0 0.787195027 0.616704106
vn 0 0.745589495 0.666405499
vn 0 0.745588243 0.66640687
vn -1.41152327e-06 0.787194848 0.616704345
vn 0 0.745589495 0.666405499
vn 0 0.703207254 0.710984886
vn 2.01189039e-07 0.703207254 0.710984945
vn 0 0.745588243 0.66640687
vn 0 0.745588303 0.66640687
vn 2.35323859e-13 0.703207254 0.710984886
vn 0 0.703207254 0.710984886
vn 0 0.745589495 0.666405499
vn -7.8208065e-12 0.787194848 0.616704404
vn 0 0.745588243 0.66640687
vn 0 0.745589495 0.666405499
vn -3.15004641e-12 0.787195027 0.616704106
vn -3.15004641e-12 0.787195027 0.616704106
vn 0 0.745589495 0.666405499
vn 0 0.745588303 0.66640687
vn -1.59312721e-12 0.787194848 0.616704404
vn 0 0.745589495 0.666405499
vn 2.26272926e-13 0.703207254 0.710984886
vn 2.35323859e-13 0.703207254 0.710984886
vn 0 0.745588303 0.66640687
vn 0 0.745588243 0.66640687
vn 1.17661929e-13 0.703207254 0.710984886
vn 2.26272926e-13 0.703207254 0.710984886
vn 0 0.745589495 0.666405499
vn 0 0.862421215 0.506191373
vn 0 0.826542199 0.562874556
vn 0 0.826541483 0.562875867
vn 0 0.862421215 0.506191373
vn 0 0.862421215 0.506191373
vn 0 0.826541483 0.562875867
vn 0 0.826542318 0.562874615
vn 0 0.862421215 0.506191373
vn 0 0.826541483 0.562875867
vn -7.96563445e-13 0.787195027 0.616704106
vn -1.19484555e-12 0.787194848 0.616704345
vn 0 0.826542318 0.562874615
vn 0 0.826542199 0.562874556
vn 3.62074398e-14 0.787194848 0.616704345
vn -7.96563445e-13 0.787195027 0.616704106
vn 0 0.826541483 0.562875867
vn 0 0.862421215 0.506191373
vn 0 0.826542318 0.562874615
vn 0 0.826541483 0.562875867
vn 0 0.862421215 0.506191373
vn 0 0.862421215 0.506191373
vn 0 0.826541483 0.562875867
vn 0 0.826542318 0.562874556
vn 0 0.862421215 0.506191373
vn 0 0.826541483 0.562875867
vn -7.96563445e-13 0.787195027 0.616704106
vn -7.8208065e-12 0.787194848 0.616704404
vn 0 0.826542318 0.562874556
vn 0 0.826542318 0.562874615
vn -1.19484555e-12 0.787194848 0.616704345
vn -7.96563445e-13 0.787195027 0.616704106
vn 0 0.826541483 0.562875867
vn -1.19484555e-12 0.787194848 0.616704345
vn 0 0.745588243 0.66640687
vn 0 0.745589495 0.666405499
vn -7.96563445e-13 0.787195027 0.616704106
vn -7.96563445e-13 0.787195027 0.616704106
vn 0 0.745589495 0.666405499
vn 0 0.745588243 0.66640687
vn -7.8208065e-12 0.787194848 0.616704404
vn 0 0.745589495 0.666405499
vn 1.76492881e-13 0.703207254 0.710984886
vn 1.17661929e-13 0.703207254 0.710984886
vn 0 0.745588243 0.66640687
vn 0 0.745588243 0.66640687
vn -2.8510389e-13 0.703207254 0.710984886
vn 1.76492881e-13 0.703207254 0.710984886
vn 0 0.745589495 0.666405499
vn 3.62074398e-14 0.787194848 0.616704345
vn 0 0.745588243 0.66640687
vn 0 0.745589495 0.666405499
vn -7.96563445e-13 0.787195027 0.616704106
vn -7.96563445e-13 0.787195027 0.616704106
vn 0 0.745589495 0.666405499
vn 0 0.745588243 0.66640687
vn -1.19484555e-12 0.787194848 0.616704345
vn 0 0.745589495 0.666405499
vn 0 0.703207254 0.710984886
vn -2.8510389e-13 0.703207254 0.710984886
vn 0 0.745588243 0.66640687
vn 0 0.745588243 0.66640687
vn -1.00594519e-07 0.703207254 0.710984886
vn 0 0.703207254 0.710984886
vn 0 0.745589495 0.666405499
vn -1.00594519e-07 0.703207254 0.710984886
vn 0 0.661655486 0.749807954
vn 0 0.661655724 0.749807835
vn 0 0.703207254 0.710984886
vn 0 0.703207254 0.710984886
vn 0 0.661655724 0.749807835
vn 0 0.661655664 0.749807835
vn -2.8510389e-13 0.703207254 0.710984886
vn 0 0.661655724 0.749807835
vn -8.90502392e-08 0.622507334 0.782613933
vn -1.53841648e-13 0.622509181 0.782612503
vn 0 0.661655664 0.749807835
vn 0 0.661655486 0.749807954
vn 9.04950858e-15 0.622509062 0.782612562
vn -8.90502392e-08 0.622507334 0.782613933
vn 0 0.661655724 0.749807835
vn -2.8510389e-13 0.703207254 0.710984886
vn 0 0.661655664 0.749807835
vn 0 0.661655724 0.749807835
vn 1.76492881e-13 0.703207254 0.710984886
vn 1.76492881e-13 0.703207254 0.710984886
vn 0 0.661655724 0.749807835
vn 0 0.661655724 0.749807835
vn 1.17661929e-13 0.703207254 0.710984886
vn 0 0.661655724 0.749807835
vn -2.66960499e-13 0.622509181 0.782612503
vn -4.52475429e-15 0.622509062 0.782612503
vn 0 0.661655724 0.749807835
vn 0 0.661655664 0.749807835
vn -1.53841648e-13 0.622509181 0.782612503
vn -2.66960499e-13 0.622509181 0.782612503
vn 0 0.661655724 0.749807835
vn -1.53841648e-13 0.622509181 0.782612503
vn -9.26352186e-07 0.587181211 0.809455454
vn 0 0.587181211 0.809455454
vn -2.66960499e-13 0.622509181 0.782612503
vn -2.66960499e-13 0.622509181 0.782612503
vn 0 0.587181211 0.809455454
vn 9.26349003e-07 0.587179542 0.809456646
vn -4.52475429e-15 0.622509062 0.782612503
vn 0 0.587181211 0.809455454
vn 8.70905751e-07 0.556846082 0.83061564
vn 9.50564925e-07 0.556844234 0.830616951
vn 9.26349003e-07 0.587179542 0.809456646
vn -9.26352186e-07 0.587181211 0.809455454
vn -6.10750383e-13 0.556844175 0.830616951
vn 8.70905751e-07 0.556846082 0.83061564
vn 0 0.587181211 0.809455454
vn 9.04950858e-15 0.622509062 0.782612562
vn -3.61951883e-14 0.587179542 0.809456706
vn -2.0993205e-12 0.58718133 0.809455454
vn -8.90502392e-08 0.622507334 0.782613933
vn -8.90502392e-08 0.622507334 0.782613933
vn -2.0993205e-12 0.58718133 0.809455454
vn -9.26352186e-07 0.587181211 0.809455454
vn -1.53841648e-13 0.622509181 0.782612503
vn -2.0993205e-12 0.58718133 0.809455454
vn -9.5056339e-07 0.556846023 0.83061564
vn -6.10750383e-13 0.556844175 0.830616951
vn -9.26352186e-07 0.587181211 0.809455454
vn -3.61951883e-14 0.587179542 0.809456706
vn -9.50564811e-07 0.556844234 0.830616951
vn -9.5056339e-07 0.556846023 0.83061564
vn -2.0993205e-12 0.58718133 0.809455454
vn 1.17661929e-13 0.703207254 0.710984886
vn 0 0.661655724 0.749807835
vn 0 0.661655664 0.749807835
vn 2.26272926e-13 0.703207254 0.710984886
vn 2.26272926e-13 0.703207254 0.710984886
vn 0 0.661655664 0.749807835
vn 0 0.661655664 0.749807835
vn 2.35323859e-13 0.703207254 0.710984886
vn 0 0.661655664 0.749807835
vn 2.03613968e-13 0.622507334 0.782613933
vn 1.99089212e-13 0.622507334 0.782613933
vn 0 0.661655664 0.749807835
vn 0 0.661655724 0.749807835
vn -4.52475429e-15 0.622509062 0.782612503
vn 2.03613968e-13 0.622507334 0.782613933
vn 0 0.661655664 0.749807835
vn 2.35323859e-13 0.703207254 0.710984886
vn 0 0.661655664 0.749807835
vn 0 0.661655724 0.749807835
vn 0 0.703207254 0.710984886
vn 0 0.703207254 0.710984886
vn 0 0.661655724 0.749807835
vn 0 0.661655843 0.749807656
vn 2.01189039e-07 0.703207254 0.710984945
vn 0 0.661655724 0.749807835
vn -8.90503244e-08 0.622507334 0.782613933
vn 0 0.622509062 0.782612503
vn 0 0.661655843 0.749807656
vn 0 0.661655664 0.749807835
vn 1.99089212e-13 0.622507334 0.782613933
vn -8.90503244e-08 0.622507334 0.782613933
vn 0 0.661655724 0.749807835
vn 1.99089212e-13 0.622507334 0.782613933
vn 0 0.587179601 0.809456646
vn -9.2634906e-07 0.587179422 0.809456825
vn -8.90503244e-08 0.622507334 0.782613933
vn -8.90503244e-08 0.622507334 0.782613933
vn -9.2634906e-07 0.587179422 0.809456825
vn -1.85269846e-06 0.587179244 0.809456944
vn 0 0.622509062 0.782612503
vn -9.2634906e-07 0.587179422 0.809456825
vn 7.96568429e-08 0.556842089 0.830618441
vn 1.5931424e-07 0.556843996 0.830617011
vn -1.85269846e-06 0.587179244 0.809456944
vn 0 0.587179601 0.809456646
vn 0 0.556842208 0.830618382
vn 7.96568429e-08 0.556842089 0.830618441
vn -9.2634906e-07 0.587179422 0.809456825
vn -4.52475429e-15 0.622509062 0.782612503
vn 9.26349003e-07 0.587179542 0.809456646
vn 9.2634906e-07 0.587179482 0.809456825
vn 2.03613968e-13 0.622507334 0.782613933
vn 2.03613968e-13 0.622507334 0.782613933
vn 9.2634906e-07 0.587179482 0.809456825
vn 0 0.587179601 0.809456646
vn 1.99089212e-13 0.622507334 0.782613933
vn 9.2634906e-07 0.587179482 0.809456825
vn 0 0.556844234 0.830616951
vn 0 0.556842208 0.830618382
vn 0 0.587179601 0.809456646
vn 9.26349003e-07 0.587179542 0.809456646
vn 9.50564925e-07 0.556844234 0.830616951
vn 0 0.556844234 0.830616951
vn 9.2634906e-07 0.587179482 0.809456825
vn 9.50564925e-07 0.556844234 0.830616951
vn 1.93744495e-06 0.532415271 0.846483231
vn 1.93745041e-06 0.532412946 0.84648478
vn 0 0.556844234 0.830616951
vn 0 0.556844234 0.830616951
vn 1.93745041e-06 0.532412946 0.84648478
vn 1.04488856e-06 0.532412946 0.84648478
vn 0 0.556842208 0.830618382
vn 1.93745041e-06 0.532412946 0.84648478
vn 1.12849978e-06 0.514540553 0.857465982
vn 9.81289872e-07 0.514542639 0.85746479
vn 1.04488856e-06 0.532412946 0.84648478
vn 1.93744495e-06 0.532415271 0.846483231
vn 9.81285098e-07 0.514538527 0.857467234
vn 1.12849978e-06 0.514540553 0.857465982
vn 1.93745041e-06 0.532412946 0.84648478
vn 0 0.556842208 0.830618382
vn 1.04488856e-06 0.532412946 0.84648478
vn -1.86128932e-06 0.53241092 0.846486032
vn 7.96568429e-08 0.556842089 0.830618441
vn 7.96568429e-08 0.556842089 0.830618441
vn -1.86128932e-06 0.53241092 0.846486032
vn -3.87489081e-06 0.532414734 0.846483588
vn 1.5931424e-07 0.556843996 0.830617011
vn -1.86128932e-06 0.53241092 0.846486032
vn -8.34077809e-07 0.514542937 0.857464731
vn -3.63074901e-06 0.514538527 0.857467115
vn -3.87489081e-06 0.532414734 0.846483588
vn 1.04488856e-06 0.532412946 0.84648478
vn 9.81289872e-07 0.514542639 0.85746479
vn -8.34077809e-07 0.514542937 0.857464731
vn -1.86128932e-06 0.53241092 0.846486032
vn 9.81289872e-07 0.514542639 0.85746479
vn 0 0.50365597 0.863904417
vn 0 0.503658056 0.863903105
vn -8.34077809e-07 0.514542937 0.857464731
vn -8.34077809e-07 0.514542937 0.857464731
vn 0 0.503658056 0.863903105
vn 0 0.503651977 0.863906682
vn -3.63074901e-06 0.514538527 0.857467115
vn 0 0.503658056 0.863903105
vn 9.91086154e-07 0.500000775 0.866025031
vn 1.98217276e-06 0.500000536 0.86602515
vn 0 0.503651977 0.863906682
vn 0 0.50365597 0.863904417
vn 0 0.500002921 0.866023719
vn 9.91086154e-07 0.500000775 0.866025031
vn 0 0.503658056 0.863903105
vn 9.81285098e-07 0.514538527 0.857467234
vn 0 0.503653526 0.863905847
vn 0 0.50365591 0.863904417
vn 1.12849978e-06 0.514540553 0.857465982
vn 1.12849978e-06 0.514540553 0.857465982
vn 0 0.50365591 0.863904417
vn 0 0.50365597 0.863904417
vn 9.81289872e-07 0.514542639 0.85746479
vn 0 0.50365591 0.863904417
vn 0 0.500000775 0.866025031
vn 0 0.500002921 0.866023719
vn 0 0.50365597 0.863904417
vn 0 0.503653526 0.863905847
vn 0 0.500000775 0.866025031
vn 0 0.500000775 0.866025031
vn 0 0.50365591 0.863904417
vn -9.50564811e-07 0.556844234 0.830616951
vn -1.93744813e-06 0.532413065 0.846484661
vn 0 0.53241086 0.846486032
vn -9.5056339e-07 0.556846023 0.83061564
vn -9.5056339e-07 0.556846023 0.83061564
vn 0 0.53241086 0.846486032
vn -9.6872418e-07 0.532413423 0.846484542
vn -6.10750383e-13 0.556844175 0.830616951
vn 0 0.53241086 0.846486032
vn -1.12850535e-06 0.514536381 0.857468605
vn -9.81292601e-07 0.514538407 0.857467294
vn -9.6872418e-07 0.532413423 0.846484542
vn -1.93744813e-06 0.532413065 0.846484661
vn -9.81292601e-07 0.514538467 0.857467294
vn -1.12850535e-06 0.514536381 0.857468605
vn 0 0.53241086 0.846486032
vn -6.10750383e-13 0.556844175 0.830616951
vn -9.6872418e-07 0.532413423 0.846484542
vn -1.23047698e-12 0.532412887 0.84648484
vn 8.70905751e-07 0.556846082 0.83061564
vn 8.70905751e-07 0.556846082 0.83061564
vn -1.23047698e-12 0.532412887 0.84648484
vn 1.93744495e-06 0.532415271 0.846483231
vn 9.50564925e-07 0.556844234 0.830616951
vn -1.23047698e-12 0.532412887 0.84648484
vn -1.58326558e-13 0.514536381 0.857468486
vn 9.81285098e-07 0.514538527 0.857467234
vn 1.93744495e-06 0.532415271 0.846483231
vn -9.6872418e-07 0.532413423 0.846484542
vn -9.81292601e-07 0.514538407 0.857467294
vn -1.58326558e-13 0.514536381 0.857468486
vn -1.23047698e-12 0.532412887 0.84648484
vn -9.81292601e-07 0.514538407 0.857467294
vn -9.88665079e-07 0.503653526 0.863905787
vn 0 0.503653824 0.863905609
vn -1.58326558e-13 0.514536381 0.857468486
vn -1.58326558e-13 0.514536381 0.857468486
vn 0 0.503653824 0.863905609
vn 0 0.503653526 0.863905847
vn 9.81285098e-07 0.514538527 0.857467234
vn 0 0.503653824 0.863905609
vn 0 0.500000775 0.866025031
vn 0 0.500000775 0.866025031
vn 0 0.503653526 0.863905847
vn -9.88665079e-07 0.503653526 0.863905787
vn 0 0.50000298 0.866023719
vn 0 0.500000775 0.866025031
vn 0 0.503653824 0.863905609
vn -9.81292601e-07 0.514538467 0.857467294
vn 0 0.503653824 0.863905609
vn -2.20746576e-12 0.50365591 0.863904297
vn -1.12850535e-06 0.514536381 0.857468605
vn -1.12850535e-06 0.514536381 0.857468605
vn -2.20746576e-12 0.50365591 0.863904297
vn -9.88665079e-07 0.503653526 0.863905787
vn -9.81292601e-07 0.514538407 0.857467294
vn -2.20746576e-12 0.50365591 0.863904297
vn -9.91084789e-07 0.50000298 0.866023719
vn 0 0.50000298 0.866023719
vn -9.88665079e-07 0.503653526 0.863905787
vn 0 0.503653824 0.863905609
vn -1.98217231e-06 0.500000834 0.866024911
vn -9.91084789e-07 0.50000298 0.866023719
vn -2.20746576e-12 0.50365591 0.863904297
vn 1.00594654e-07 0.703207314 0.710984886
vn 0 0.661655724 0.749807835
vn 0 0.661655903 0.749807596
vn 0 0.703207254 0.710984886
vn 0 0.703207254 0.710984886
vn 0 0.661655903 0.749807596
vn 0 0.661655724 0.749807835
vn 0 0.703207254 0.710984886
vn 0 0.661655903 0.749807596
vn 0 0.622507334 0.782613873
vn -4.07227895e-14 0.622507334 0.782613873
vn 0 0.661655724 0.749807835
vn 0 0.661655724 0.749807835
vn 4.07227895e-14 0.622509062 0.782612503
vn 0 0.622507334 0.782613873
vn 0 0.661655903 0.749807596
vn 0 0.703207254 0.710984886
vn 0 0.661655724 0.749807835
vn 0 0.661655843 0.749807656
vn 0 0.703207314 0.710984886
vn 0 0.703207314 0.710984886
vn 0 0.661655843 0.749807656
vn 0 0.661655664 0.749807835
vn 0 0.703207314 0.710984886
vn 0 0.661655843 0.749807656
vn -9.50198511e-14 0.622507334 0.782613933
vn -9.95446062e-14 0.622507334 0.782613933
vn 0 0.661655664 0.749807835
vn 0 0.661655724 0.749807835
vn -4.07227895e-14 0.622507334 0.782613873
vn -9.50198511e-14 0.622507334 0.782613933
vn 0 0.661655843 0.749807656
vn -4.07227895e-14 0.622507334 0.782613873
vn 0 0.587179601 0.809456646
vn 0 0.587179422 0.809456825
vn -9.50198511e-14 0.622507334 0.782613933
vn -9.50198511e-14 0.622507334 0.782613933
vn 0 0.587179422 0.809456825
vn 0 0.587179601 0.809456646
vn -9.95446062e-14 0.622507334 0.782613933
vn 0 0.587179422 0.809456825
vn 0 0.556842208 0.830618322
vn 0 0.556842208 0.830618322
vn 0 0.587179601 0.809456646
vn 0 0.587179601 0.809456646
vn 0 0.556842208 0.830618322
vn 0 0.556842208 0.830618322
vn 0 0.587179422 0.809456825
vn 4.07227895e-14 0.622509062 0.782612503
vn -5.06732622e-13 0.587179542 0.809456706
vn 9.26349685e-07 0.587179482 0.809456825
vn 0 0.622507334 0.782613873
vn 0 0.622507334 0.782613873
vn 9.26349685e-07 0.587179482 0.809456825
vn 0 0.587179601 0.809456646
vn -4.07227895e-14 0.622507334 0.782613873
vn 9.26349685e-07 0.587179482 0.809456825
vn 0 0.556842208 0.830618322
vn 0 0.556842208 0.830618322
vn 0 0.587179601 0.809456646
vn -5.06732622e-13 0.587179542 0.809456706
vn 0 0.556844175 0.830616951
vn 0 0.556842208 0.830618322
vn 9.26349685e-07 0.587179482 0.809456825
vn 0 0.703207314 0.710984886
vn 0 0.661655664 0.749807835
vn 0 0.661655843 0.749807656
vn 0 0.703207254 0.710984886
vn 0 0.703207254 0.710984886
vn 0 0.661655843 0.749807656
vn 0 0.661655664 0.749807835
vn 0 0.703207314 0.710984886
vn 0 0.661655843 0.749807656
vn 0 0.622507393 0.782613933
vn -2.53386233e-13 0.622507334 0.782613873
vn 0 0.661655664 0.749807835
vn 0 0.661655664 0.749807835
vn -9.95446062e-14 0.622507334 0.782613933
vn 0 0.622507393 0.782613933
vn 0 0.661655843 0.749807656
vn 0 0.703207314 0.710984886
vn 0 0.661655664 0.749807835
vn 0 0.661655784 0.749807656
vn 0 0.703207314 0.710984886
vn 0 0.703207314 0.710984886
vn 0 0.661655784 0.749807656
vn 0 0.661655486 0.749807954
vn -1.00594519e-07 0.703207254 0.710984886
vn 0 0.661655784 0.749807656
vn 8.90501326e-08 0.622507334 0.782613933
vn 9.04950858e-15 0.622509062 0.782612562
vn 0 0.661655486 0.749807954
vn 0 0.661655664 0.749807835
vn -2.53386233e-13 0.622507334 0.782613873
vn 8.90501326e-08 0.622507334 0.782613933
vn 0 0.661655784 0.749807656
vn -2.53386233e-13 0.622507334 0.782613873
vn 0 0.587179542 0.809456825
vn -9.2634906e-07 0.587179422 0.809456825
vn 8.90501326e-08 0.622507334 0.782613933
vn 8.90501326e-08 0.622507334 0.782613933
vn -9.2634906e-07 0.587179422 0.809456825
vn -3.61951883e-14 0.587179542 0.809456706
vn 9.04950858e-15 0.622509062 0.782612562
vn -9.2634906e-07 0.587179422 0.809456825
vn -1.80963128e-13 0.556842208 0.830618322
vn -9.50564811e-07 0.556844234 0.830616951
vn -3.61951883e-14 0.587179542 0.809456706
vn 0 0.587179542 0.809456825
vn -2.4882429e-13 0.556842208 0.830618382
vn -1.80963128e-13 0.556842208 0.830618322
vn -9.2634906e-07 0.587179422 0.809456825
vn -9.95446062e-14 0.622507334 0.782613933
vn 0 0.587179601 0.809456646
vn 0 0.587179422 0.809456825
vn 0 0.622507393 0.782613933
vn 0 0.622507393 0.782613933
vn 0 0.587179422 0.809456825
vn 0 0.587179542 0.809456825
vn -2.53386233e-13 0.622507334 0.782613873
vn 0 0.587179422 0.809456825
vn 7.96569424e-08 0.556842208 0.830618203
vn -2.4882429e-13 0.556842208 0.830618382
vn 0 0.587179542 0.809456825
vn 0 0.587179601 0.809456646
vn 0 0.556842208 0.830618322
vn 7.96569424e-08 0.556842208 0.830618203
vn 0 0.587179422 0.809456825
vn 0 0.556842208 0.830618322
vn 0 0.532411277 0.846485913
vn 0 0.53241092 0.846486032
vn 7.96569424e-08 0.556842208 0.830618203
vn 7.96569424e-08 0.556842208 0.830618203
vn 0 0.53241092 0.846486032
vn 0 0.532413483 0.846484363
vn -2.4882429e-13 0.556842208 0.830618382
vn 0 0.53241092 0.846486032
vn -9.81292374e-07 0.514540553 0.857466102
vn 3.40175956e-12 0.514540553 0.857465982
vn 0 0.532413483 0.846484363
vn 0 0.532411277 0.846485913
vn 1.62850175e-13 0.514540553 0.857465923
vn -9.81292374e-07 0.514540553 0.857466102
vn 0 0.53241092 0.846486032
vn -2.4882429e-13 0.556842208 0.830618382
vn 0 0.532413483 0.846484363
vn -1.93745132e-06 0.532410979 0.846486032
vn -1.80963128e-13 0.556842208 0.830618322
vn -1.80963128e-13 0.556842208 0.830618322
vn -1.93745132e-06 0.532410979 0.846486032
vn -1.93744813e-06 0.532413065 0.846484661
vn -9.50564811e-07 0.556844234 0.830616951
vn -1.93745132e-06 0.532410979 0.846486032
vn 1.47213782e-07 0.514540553 0.857465982
vn -9.81292601e-07 0.514538467 0.857467294
vn -1.93744813e-06 0.532413065 0.846484661
vn 0 0.532413483 0.846484363
vn 3.40175956e-12 0.514540553 0.857465982
vn 1.47213782e-07 0.514540553 0.857465982
vn -1.93745132e-06 0.532410979 0.846486032
vn 3.40175956e-12 0.514540553 0.857465982
vn 0 0.503651381 0.863907039
vn -9.88660759e-07 0.503653765 0.863905609
vn 1.47213782e-07 0.514540553 0.857465982
vn 1.47213782e-07 0.514540553 0.857465982
vn -9.88660759e-07 0.503653765 0.863905609
vn 0 0.503653824 0.863905609
vn -9.81292601e-07 0.514538467 0.857467294
vn -9.88660759e-07 0.503653765 0.863905609
vn -9.91086154e-07 0.500000834 0.866024911
vn -1.98217231e-06 0.500000834 0.866024911
vn 0 0.503653824 0.863905609
vn 0 0.503651381 0.863907039
vn 0 0.500000834 0.866024911
vn -9.91086154e-07 0.500000834 0.866024911
vn -9.88660759e-07 0.503653765 0.863905609
vn 1.62850175e-13 0.514540553 0.857465923
vn 0 0.503653467 0.863905787
vn 0 0.503653765 0.863905609
vn -9.81292374e-07 0.514540553 0.857466102
vn -9.81292374e-07 0.514540553 0.857466102
vn 0 0.503653765 0.863905609
vn 0 0.503651381 0.863907039
vn 3.40175956e-12 0.514540553 0.857465982
vn 0 0.503653765 0.863905609
vn 0 0.500000775 0.866024911
vn 0 0.500000834 0.866024911
vn 0 0.503651381 0.863907039
vn 0 0.503653467 0.863905787
vn 0 0.500000775 0.866024911
vn 0 0.500000775 0.866024911
vn 0 0.503653765 0.863905609
vn 0 0.556844175 0.830616951
vn -1.01333395e-12 0.532411158 0.846485913
vn 1.93745245e-06 0.53241092 0.846486032
vn 0 0.556842208 0.830618322
vn 0 0.556842208 0.830618322
vn 1.93745245e-06 0.53241092 0.846486032
vn 0 0.532413304 0.846484542
vn 0 0.556842208 0.830618322
vn 1.93745245e-06 0.53241092 0.846486032
vn -9.81291805e-07 0.514540553 0.857466102
vn 5.79022886e-13 0.514540553 0.857465982
vn 0 0.532413304 0.846484542
vn -1.01333395e-12 0.532411158 0.846485913
vn -7.69014708e-14 0.514536381 0.857468486
vn -9.81291805e-07 0.514540553 0.857466102
vn 1.93745245e-06 0.53241092 0.846486032
vn 0 0.556842208 0.830618322
vn 0 0.532413304 0.846484542
vn 0 0.53241092 0.846486032
vn 0 0.556842208 0.830618322
vn 0 0.556842208 0.830618322
vn 0 0.53241092 0.846486032
vn 0 0.532411277 0.846485913
vn 0 0.556842208 0.830618322
vn 0 0.53241092 0.846486032
vn 9.81292601e-07 0.514540613 0.857465923
vn 1.62850175e-13 0.514540553 0.857465923
vn 0 0.532411277 0.846485913
vn 0 0.532413304 0.846484542
vn 5.79022886e-13 0.514540553 0.857465982
vn 9.81292601e-07 0.514540613 0.857465923
vn 0 0.53241092 0.846486032
vn 5.79022886e-13 0.514540553 0.857465982
vn 0 0.503651381 0.86390698
vn 0 0.503653765 0.863905609
vn 9.81292601e-07 0.514540613 0.857465923
vn 9.81292601e-07 0.514540613 0.857465923
vn 0 0.503653765 0.863905609
vn 0 0.503653467 0.863905787
vn 1.62850175e-13 0.514540553 0.857465923
vn 0 0.503653765 0.863905609
vn 0 0.500000775 0.866024911
vn 0 0.500000775 0.866024911
vn 0 0.503653467 0.863905787
vn 0 0.503651381 0.86390698
vn 0 0.500000775 0.866024911
vn 0 0.500000775 0.866024911
vn 0 0.503653765 0.863905609
vn -7.69014708e-14 0.514536381 0.857468486
vn 0 0.503653467 0.863905787
vn 0 0.503653824 0.863905609
vn -9.81291805e-07 0.514540553 0.857466102
vn -9.81291805e-07 0.514540553 0.857466102
vn 0 0.503653824 0.863905609
vn 0 0.503651381 0.86390698
vn 5.79022886e-13 0.514540553 0.857465982
vn 0 0.503653824 0.863905609
vn 0 0.500000775 0.866024911
vn 0 0.500000775 0.866024911
vn 0 0.503651381 0.86390698
vn 0 0.503653467 0.863905787
vn 0 0.500000775 0.866024911
vn 0 0.500000775 0.866024911
vn 0 0.503653824 0.863905609
vn -1.98217731e-06 0.500000536 0.86602515
vn -2.86103187e-07 0.500000775 0.866024911
vn -1.13413773e-06 0.500000775 0.866024911
vn -9.9109036e-07 0.500000775 0.866024911
vn -9.9109036e-07 0.500000775 0.866024911
vn -1.13413773e-06 0.500000775 0.866024911
vn -3.69113941e-12 0.499998957 0.866025984
vn 0 0.500002921 0.866023719
vn -1.13413773e-06 0.500000775 0.866024911
vn -1.43053498e-07 0.500000775 0.866025031
vn 9.91087404e-07 0.499998629 0.866026103
vn -3.69113941e-12 0.499998957 0.866025984
vn -2.86103187e-07 0.500000775 0.866024911
vn -1.98217958e-06 0.499999017 0.866025984
vn -1.43053498e-07 0.500000775 0.866025031
vn -1.13413773e-06 0.500000775 0.866024911
vn 0 0.500002921 0.866023719
vn -3.69113941e-12 0.499998957 0.866025984
vn 9.91087518e-07 0.499998689 0.866026223
vn 0 0.500000775 0.866025031
vn 0 0.500000775 0.866025031
vn 9.91087518e-07 0.499998689 0.866026223
vn 0 0.499998927 0.866025984
vn 0 0.500000775 0.866025031
vn 9.91087518e-07 0.499998689 0.866026223
vn -3.25688803e-13 0.500000775 0.866024911
vn -3.16641895e-13 0.499998629 0.866026223
vn 0 0.499998927 0.866025984
vn -3.69113941e-12 0.499998957 0.866025984
vn 9.91087404e-07 0.499998629 0.866026103
vn -3.25688803e-13 0.500000775 0.866024911
vn 9.91087518e-07 0.499998689 0.866026223
vn 9.91087404e-07 0.499998629 0.866026103
vn 0 0.500000477 0.86602515
vn 9.91086949e-07 0.500002921 0.866023719
vn -3.25688803e-13 0.500000775 0.866024911
vn -3.25688803e-13 0.500000775 0.866024911
vn 9.91086949e-07 0.500002921 0.866023719
vn 9.91088541e-07 0.500000477 0.86602515
vn -3.16641895e-13 0.499998629 0.866026223
vn 9.91086949e-07 0.500002921 0.866023719
vn 2.27982173e-12 0.499998361 0.866026342
vn 1.98217504e-06 0.500000477 0.86602515
vn 9.91088541e-07 0.500000477 0.86602515
vn 0 0.500000477 0.86602515
vn -1.98217549e-06 0.499998361 0.866026342
vn 2.27982173e-12 0.499998361 0.866026342
vn 9.91086949e-07 0.500002921 0.866023719
vn -1.98217958e-06 0.499999017 0.866025984
vn -1.98217685e-06 0.500000775 0.866024911
vn -9.91091383e-07 0.499996513 0.866027415
vn -1.43053498e-07 0.500000775 0.866025031
vn -1.43053498e-07 0.500000775 0.866025031
vn -9.91091383e-07 0.499996513 0.866027415
vn 0 0.500000477 0.86602515
vn 9.91087404e-07 0.499998629 0.866026103
vn -9.91091383e-07 0.499996513 0.866027415
vn 2.27982173e-12 0.499998331 0.866026342
vn -1.98217549e-06 0.499998361 0.866026342
vn 0 0.500000477 0.86602515
vn -1.98217685e-06 0.500000775 0.866024911
vn 1.98217731e-06 0.500000536 0.86602515
vn 2.27982173e-12 0.499998331 0.866026342
vn -9.91091383e-07 0.499996513 0.866027415
vn 0 0.500000775 0.866025031
vn 0 0.499998927 0.866025984
vn -9.91088768e-07 0.499998629 0.866026223
vn 0 0.500000775 0.866024911
vn 0 0.500000775 0.866024911
vn -9.91088768e-07 0.499998629 0.866026223
vn -3.61876463e-14 0.499998927 0.866025984
vn 0 0.50000298 0.866023719
vn -9.91088768e-07 0.499998629 0.866026223
vn -1.62844429e-13 0.499998719 0.866026223
vn 2.57836992e-13 0.499996573 0.866027415
vn -3.61876463e-14 0.499998927 0.866025984
vn 0 0.499998927 0.866025984
vn -3.16641895e-13 0.499998629 0.866026223
vn -1.62844429e-13 0.499998719 0.866026223
vn -9.91088768e-07 0.499998629 0.866026223
vn 0 0.50000298 0.866023719
vn -3.61876463e-14 0.499998927 0.866025984
vn 1.9821764e-06 0.499998689 0.866026223
vn 1.98217231e-06 0.500000775 0.866024911
vn 1.98217231e-06 0.500000775 0.866024911
vn 1.9821764e-06 0.499998689 0.866026223
vn 9.91084562e-07 0.500003278 0.86602354
vn 1.98217526e-06 0.499998599 0.866026223
vn 1.9821764e-06 0.499998689 0.866026223
vn 1.53797493e-13 0.499996543 0.866027415
vn 1.98217231e-06 0.500000775 0.866024911
vn 9.91084562e-07 0.500003278 0.86602354
vn -3.61876463e-14 0.499998927 0.866025984
vn 2.57836992e-13 0.499996573 0.866027415
vn 1.53797493e-13 0.499996543 0.866027415
vn 1.9821764e-06 0.499998689 0.866026223
vn 2.57836992e-13 0.499996573 0.866027415
vn 9.91085926e-07 0.499998331 0.866026342
vn 0 0.499998629 0.866026103
vn 1.53797493e-13 0.499996543 0.866027415
vn 1.53797493e-13 0.499996543 0.866027415
vn 0 0.499998629 0.866026103
vn 0 0.499998361 0.866026342
vn 1.98217231e-06 0.500000775 0.866024911
vn 0 0.499998629 0.866026103
vn 0 0.500000477 0.86602515
vn 0 0.500000477 0.86602515
vn 0 0.499998361 0.866026342
vn 9.91085926e-07 0.499998331 0.866026342
vn 0 0.500000477 0.86602515
vn 0 0.500000477 0.86602515
vn 0 0.499998629 0.866026103
vn -3.16641895e-13 0.499998629 0.866026223
vn 9.91088541e-07 0.500000477 0.86602515
vn 0 0.499998629 0.866026223
vn -1.62844429e-13 0.499998719 0.866026223
vn -1.62844429e-13 0.499998719 0.866026223
vn 0 0.499998629 0.866026223
vn 9.91085926e-07 0.499998331 0.866026342
vn 2.57836992e-13 0.499996573 0.866027415
vn 0 0.499998629 0.866026223
vn 9.91086381e-07 0.500000536 0.86602515
vn 0 0.500000477 0.86602515
vn 9.91085926e-07 0.499998331 0.866026342
vn 9.91088541e-07 0.500000477 0.86602515
vn 1.98217504e-06 0.500000477 0.86602515
vn 9.91086381e-07 0.500000536 0.86602515
vn 0 0.499998629 0.866026223
vn 1.98217504e-06 0.500000477 0.86602515
vn 0 0.500000477 0.86602515
vn 0 0.500002623 0.866023958
vn 9.91086381e-07 0.500000536 0.86602515
vn 9.91086381e-07 0.500000536 0.86602515
vn 0 0.500002623 0.866023958
vn 9.91087518e-07 0.500000477 0.86602515
vn 0 0.500000477 0.86602515
vn 0 0.500002623 0.866023958
vn 9.91087518e-07 0.500000477 0.86602515
vn 1.98217481e-06 0.500000834 0.866024911
vn 9.91087518e-07 0.500000477 0.86602515
vn 0 0.500000477 0.86602515
vn 0 0.500000775 0.866025031
vn 9.91087518e-07 0.500000477 0.86602515
vn 0 0.500002623 0.866023958
vn 0 0.500000477 0.86602515
vn 9.91087518e-07 0.500000477 0.86602515
vn 1.15800468e-12 0.499998361 0.866026342
vn 0 0.500000477 0.86602515
vn 0 0.500000477 0.86602515
vn 1.15800468e-12 0.499998361 0.866026342
vn 0 0.500000536 0.86602515
vn 0 0.500000477 0.86602515
vn 1.15800468e-12 0.499998361 0.866026342
vn 1.15800468e-12 0.500000536 0.86602515
vn -9.91087518e-07 0.499998689 0.866026223
vn 0 0.500000536 0.86602515
vn 9.91087518e-07 0.500000477 0.86602515
vn 1.98217481e-06 0.500000834 0.866024911
vn 1.15800468e-12 0.500000536 0.86602515
vn 1.15800468e-12 0.499998361 0.866026342
vn 1.98217481e-06 0.500000834 0.866024911
vn 9.91082175e-07 0.500001073 0.866024792
vn 9.91084448e-07 0.500003219 0.86602354
vn 1.15800468e-12 0.500000536 0.86602515
vn 1.15800468e-12 0.500000536 0.86602515
vn 9.91084448e-07 0.500003219 0.86602354
vn 4.52345579e-15 0.500001132 0.866024792
vn -9.91087518e-07 0.499998689 0.866026223
vn 9.91084448e-07 0.500003219 0.86602354
vn 0 0.500003576 0.866023421
vn 0 0.500003278 0.86602354
vn 4.52345579e-15 0.500001132 0.866024792
vn 9.91082175e-07 0.500001073 0.866024792
vn 9.91083311e-07 0.500001132 0.866024792
vn 0 0.500003576 0.866023421
vn 9.91084448e-07 0.500003219 0.86602354
vn 0 0.500000775 0.866025031
vn -3.12118414e-13 0.499998957 0.866025984
vn -3.21165349e-13 0.500001132 0.866024792
vn 9.91087518e-07 0.500000477 0.86602515
vn 9.91087518e-07 0.500000477 0.86602515
vn -3.21165349e-13 0.500001132 0.866024792
vn 9.91082175e-07 0.500001073 0.866024792
vn 1.98217481e-06 0.500000834 0.866024911
vn -3.21165349e-13 0.500001132 0.866024792
vn 0 0.500001431 0.866024613
vn 9.91083311e-07 0.500001132 0.866024792
vn 9.91082175e-07 0.500001073 0.866024792
vn -3.12118414e-13 0.499998957 0.866025984
vn -1.43049292e-07 0.500000834 0.866025031
vn 0 0.500001431 0.866024613
vn -3.21165349e-13 0.500001132 0.866024792
vn 1.98217731e-06 0.500000536 0.86602515
vn 0 0.499998331 0.866026342
vn 0 0.500002623 0.866023958
vn 2.27982173e-12 0.499998331 0.866026342
vn 2.27982173e-12 0.499998331 0.866026342
vn 0 0.500002623 0.866023958
vn 0 0.500000477 0.86602515
vn -1.98217549e-06 0.499998361 0.866026342
vn 0 0.500002623 0.866023958
vn -9.91088541e-07 0.500000477 0.86602515
vn 0 0.500000775 0.866025031
vn 0 0.500000477 0.86602515
vn 0 0.499998331 0.866026342
vn -1.98217731e-06 0.500000536 0.86602515
vn -9.91088541e-07 0.500000477 0.86602515
vn 0 0.500002623 0.866023958
vn -1.98217549e-06 0.499998361 0.866026342
vn 0 0.500000477 0.86602515
vn 0 0.499998331 0.866026342
vn 2.27982173e-12 0.499998361 0.866026342
vn 2.27982173e-12 0.499998361 0.866026342
vn 0 0.499998331 0.866026342
vn 0 0.500000477 0.86602515
vn 1.98217504e-06 0.500000477 0.86602515
vn 0 0.499998331 0.866026342
vn 0 0.500000477 0.86602515
vn 0 0.500000775 0.866025031
vn 0 0.500000477 0.86602515
vn 0 0.500000477 0.86602515
vn 0 0.500000775 0.866025031
vn 0 0.500000477 0.86602515
vn 0 0.499998331 0.866026342
vn 0 0.500000775 0.866025031
vn 4.52345536e-15 0.499998957 0.866025984
vn -3.25688803e-13 0.500000775 0.866024911
vn 0 0.500000477 0.86602515
vn 0 0.500000477 0.86602515
vn -3.25688803e-13 0.500000775 0.866024911
vn -3.12118414e-13 0.499998957 0.866025984
vn 0 0.500000775 0.866025031
vn -3.25688803e-13 0.500000775 0.866024911
vn 1.8455697e-12 0.500001073 0.866024792
vn -1.43049292e-07 0.500000834 0.866025031
vn -3.12118414e-13 0.499998957 0.866025984
vn 4.52345536e-15 0.499998957 0.866025984
vn 0 0.500000715 0.866024911
vn 1.8455697e-12 0.500001073 0.866024792
vn -3.25688803e-13 0.500000775 0.866024911
vn -1.98217731e-06 0.500000536 0.86602515
vn 0 0.500000775 0.866024911
vn -1.43051267e-07 0.500000775 0.866024911
vn -9.91088541e-07 0.500000477 0.86602515
vn -9.91088541e-07 0.500000477 0.86602515
vn -1.43051267e-07 0.500000775 0.866024911
vn 4.52345536e-15 0.499998957 0.866025984
vn 0 0.500000775 0.866025031
vn -1.43051267e-07 0.500000775 0.866024911
vn -1.43053583e-07 0.500001073 0.866024792
vn 0 0.500000715 0.866024911
vn 4.52345536e-15 0.499998957 0.866025984
vn 0 0.500000775 0.866024911
vn -1.98217958e-06 0.499999017 0.866025984
vn -1.43053583e-07 0.500001073 0.866024792
vn -1.43051267e-07 0.500000775 0.866024911
vn 1.98217526e-06 0.499998599 0.866026223
vn 9.91084562e-07 0.500003278 0.86602354
vn 0 0.499998629 0.866026223
vn 0 0.500000775 0.866024911
vn 0 0.500000775 0.866024911
vn 0 0.499998629 0.866026223
vn 0 0.499998927 0.866026044
vn 0 0.500000775 0.866024911
vn 0 0.499998629 0.866026223
vn 1.98217526e-06 0.499998689 0.866026223
vn -9.91090019e-07 0.499998719 0.866026223
vn 0 0.499998927 0.866026044
vn 9.91084562e-07 0.500003278 0.86602354
vn 1.98217231e-06 0.500000775 0.866024911
vn 1.98217526e-06 0.499998689 0.866026223
vn 0 0.499998629 0.866026223
vn 0 0.500000775 0.866024911
vn 0 0.499998927 0.866026044
vn 0 0.500000834 0.866025031
vn 0 0.500000775 0.866024911
vn 0 0.500000775 0.866024911
vn 0 0.500000834 0.866025031
vn 0 0.500001132 0.866024792
vn 0 0.500000775 0.866024911
vn 0 0.500000834 0.866025031
vn -9.91088541e-07 0.499998689 0.866026223
vn 9.91088882e-07 0.499998689 0.866026223
vn 0 0.500001132 0.866024792
vn 0 0.499998927 0.866026044
vn -9.91090019e-07 0.499998719 0.866026223
vn -9.91088541e-07 0.499998689 0.866026223
vn 0 0.500000834 0.866025031
vn -9.91090019e-07 0.499998719 0.866026223
vn 0 0.500002623 0.866023958
vn 0 0.500000775 0.866025031
vn -9.91088541e-07 0.499998689 0.866026223
vn -9.91088541e-07 0.499998689 0.866026223
vn 0 0.500000775 0.866025031
vn 0 0.500000477 0.86602515
vn 9.91088882e-07 0.499998689 0.866026223
vn 0 0.500000775 0.866025031
vn 0 0.500000477 0.86602515
vn 0 0.500002623 0.866023958
vn 0 0.500000477 0.86602515
vn 0 0.500002623 0.866023958
vn 0 0.500002563 0.866023958
vn 0 0.500000477 0.86602515
vn 0 0.500000775 0.866025031
vn 1.98217231e-06 0.500000775 0.866024911
vn 0 0.499998361 0.866026342
vn 9.91084676e-07 0.500002921 0.866023719
vn 1.98217526e-06 0.499998689 0.866026223
vn 1.98217526e-06 0.499998689 0.866026223
vn 9.91084676e-07 0.500002921 0.866023719
vn 0 0.500002623 0.866023958
vn -9.91090019e-07 0.499998719 0.866026223
vn 9.91084676e-07 0.500002921 0.866023719
vn 0 0.500000477 0.86602515
vn 0 0.500002563 0.866023958
vn 0 0.500002623 0.866023958
vn 0 0.499998361 0.866026342
vn 0 0.500000477 0.86602515
vn 0 0.500000477 0.86602515
vn 9.91084676e-07 0.500002921 0.866023719
vn 0 0.500000775 0.866024911
vn 0 0.500001132 0.866024792
vn 0 0.499998629 0.866026223
vn 0 0.500000775 0.866024911
vn 0 0.500000775 0.866024911
vn 0 0.499998629 0.866026223
vn 0 0.499998927 0.866025984
vn 0 0.500000775 0.866024911
vn 0 0.499998629 0.866026223
vn 9.91088768e-07 0.499998719 0.866026223
vn -9.910882e-07 0.499998689 0.866026223
vn 0 0.499998927 0.866025984
vn 0 0.500001132 0.866024792
vn 9.91088882e-07 0.499998689 0.866026223
vn 9.91088768e-07 0.499998719 0.866026223
vn 0 0.499998629 0.866026223
vn 0 0.500000775 0.866024911
vn 0 0.499998927 0.866025984
vn 0 0.500000775 0.866024911
vn 0 0.500000775 0.866024911
vn 0 0.500000775 0.866024911
vn 0 0.500000775 0.866024911
vn 0 0.500003278 0.86602354
vn 0 0.500000775 0.866024911
vn 0 0.500000775 0.866024911
vn -1.98217595e-06 0.499998629 0.866026103
vn 9.91087859e-07 0.500000775 0.866024911
vn 0 0.500003278 0.86602354
vn 0 0.499998927 0.866025984
vn -9.910882e-07 0.499998689 0.866026223
vn -1.98217595e-06 0.499998629 0.866026103
vn 0 0.500000775 0.866024911
vn -9.910882e-07 0.499998689 0.866026223
vn 0 0.500002623 0.866023958
vn -9.91086722e-07 0.500000834 0.866024911
vn -1.98217595e-06 0.499998629 0.866026103
vn -1.98217595e-06 0.499998629 0.866026103
vn -9.91086722e-07 0.500000834 0.866024911
vn 6.51377606e-13 0.499998361 0.866026342
vn 9.91087859e-07 0.500000775 0.866024911
vn -9.91086722e-07 0.500000834 0.866024911
vn 0 0.500000477 0.86602515
vn 0 0.500000477 0.86602515
vn 6.51377606e-13 0.499998361 0.866026342
vn 0 0.500002623 0.866023958
vn 0 0.500000477 0.86602515
vn 0 0.500000477 0.86602515
vn -9.91086722e-07 0.500000834 0.866024911
vn 9.91088882e-07 0.499998689 0.866026223
vn 0 0.500000477 0.86602515
vn 0 0.500002921 0.866023719
vn 9.91088768e-07 0.499998719 0.866026223
vn 9.91088768e-07 0.499998719 0.866026223
vn 0 0.500002921 0.866023719
vn 0 0.500002623 0.866023958
vn -9.910882e-07 0.499998689 0.866026223
vn 0 0.500002921 0.866023719
vn 0 0.500000477 0.86602515
vn 0 0.500000477 0.86602515
vn 0 0.500002623 0.866023958
vn 0 0.500000477 0.86602515
vn 0 0.500002623 0.866023958
vn 0 0.500000477 0.86602515
vn 0 0.500002921 0.866023719
vn 0 0.500002623 0.866023958
vn 1.15800468e-12 0.500000536 0.86602515
vn 9.91087518e-07 0.500000536 0.86602515
vn 0 0.500000477 0.86602515
vn 0 0.500000477 0.86602515
vn 9.91087518e-07 0.500000536 0.86602515
vn 0 0.500000536 0.86602515
vn 0 0.500000477 0.86602515
vn 9.91087518e-07 0.500000536 0.86602515
vn 0 0.500000477 0.86602515
vn 9.91086949e-07 0.500000536 0.86602515
vn 0 0.500000536 0.86602515
vn 1.15800468e-12 0.500000536 0.86602515
vn -9.91087518e-07 0.499998629 0.866026223
vn 0 0.500000477 0.86602515
vn 9.91087518e-07 0.500000536 0.86602515
vn 0 0.500000477 0.86602515
vn 0 0.500000536 0.86602515
vn -9.91088314e-07 0.499998361 0.866026342
vn 0 0.500000477 0.86602515
vn 0 0.500000477 0.86602515
vn -9.91088314e-07 0.499998361 0.866026342
vn 5.06627075e-13 0.500000536 0.86602515
vn 0 0.500000477 0.86602515
vn -9.91088314e-07 0.499998361 0.866026342
vn 0 0.500000536 0.86602509
vn -9.91088314e-07 0.499998331 0.866026342
vn 5.06627075e-13 0.500000536 0.86602515
vn 0 0.500000536 0.86602515
vn 9.91086949e-07 0.500000536 0.86602515
vn 0 0.500000536 0.86602509
vn -9.91088314e-07 0.499998361 0.866026342
vn 9.91086949e-07 0.500000536 0.86602515
vn 0 0.500000775 0.866024911
vn 0 0.500003338 0.86602354
vn 0 0.500000536 0.86602509
vn 0 0.500000536 0.86602509
vn 0 0.500003338 0.86602354
vn 0 0.500000775 0.866024911
vn -9.91088314e-07 0.499998331 0.866026342
vn 0 0.500003338 0.86602354
vn 0 0.500003278 0.86602354
vn -6.33283844e-14 0.500003278 0.86602354
vn 0 0.500000775 0.866024911
vn 0 0.500000775 0.866024911
vn 6.78518453e-14 0.500003278 0.86602354
vn 0 0.500003278 0.86602354
vn 0 0.500003338 0.86602354
vn -9.91087518e-07 0.499998629 0.866026223
vn 1.58320947e-13 0.500001132 0.866024792
vn 1.43051523e-07 0.500001132 0.866024792
vn 0 0.500000477 0.86602515
vn 0 0.500000477 0.86602515
vn 1.43051523e-07 0.500001132 0.866024792
vn 0 0.500000775 0.866024911
vn 9.91086949e-07 0.500000536 0.86602515
vn 1.43051523e-07 0.500001132 0.866024792
vn 1.43052219e-07 0.500003576 0.866023421
vn 6.78518453e-14 0.500003278 0.86602354
vn 0 0.500000775 0.866024911
vn 1.58320947e-13 0.500001132 0.866024792
vn 0 0.500003338 0.86602354
vn 1.43052219e-07 0.500003576 0.866023421
vn 1.43051523e-07 0.500001132 0.866024792
vn 0 0.500000477 0.86602515
vn 0 0.500000536 0.86602515
vn -2.20744647e-12 0.500000536 0.86602515
vn 0 0.500000477 0.86602515
vn 0 0.500000477 0.86602515
vn -2.20744647e-12 0.500000536 0.86602515
vn -4.01682854e-12 0.500000477 0.86602515
vn 0 0.500002563 0.866023958
vn -2.20744647e-12 0.500000536 0.86602515
vn 0 0.500000477 0.86602515
vn 9.91090587e-07 0.499998689 0.866026223
vn -4.01682854e-12 0.500000477 0.86602515
vn 0 0.500000536 0.86602515
vn -9.91087518e-07 0.499998689 0.866026223
vn 0 0.500000477 0.86602515
vn -2.20744647e-12 0.500000536 0.86602515
vn 0 0.500002563 0.866023958
vn -4.01682854e-12 0.500000477 0.86602515
vn 0 0.499998361 0.866026342
vn 0 0.500000477 0.86602515
vn 0 0.500000477 0.86602515
vn 0 0.499998361 0.866026342
vn 1.15800468e-12 0.500000536 0.86602515
vn 0 0.500002623 0.866023958
vn 0 0.499998361 0.866026342
vn 1.15800468e-12 0.500000536 0.86602515
vn -9.91087518e-07 0.499998629 0.866026223
vn 1.15800468e-12 0.500000536 0.86602515
vn -4.01682854e-12 0.500000477 0.86602515
vn 9.91090587e-07 0.499998689 0.866026223
vn 1.15800468e-12 0.500000536 0.86602515
vn 0 0.499998361 0.866026342
vn 9.91090587e-07 0.499998689 0.866026223
vn -5.88049249e-13 0.500001132 0.866024792
vn 0 0.500003278 0.866023481
vn 1.15800468e-12 0.500000536 0.86602515
vn 1.15800468e-12 0.500000536 0.86602515
vn 0 0.500003278 0.866023481
vn 1.58320947e-13 0.500001132 0.866024792
vn -9.91087518e-07 0.499998629 0.866026223
vn 0 0.500003278 0.866023481
vn 0 0.500003576 0.866023302
vn 0 0.500003338 0.86602354
vn 1.58320947e-13 0.500001132 0.866024792
vn -5.88049249e-13 0.500001132 0.866024792
vn 0 0.500003278 0.86602354
vn 0 0.500003576 0.866023302
vn 0 0.500003278 0.866023481
vn -9.91087518e-07 0.499998689 0.866026223
vn 4.52345579e-15 0.500001132 0.866024792
vn -3.21165349e-13 0.500001132 0.866024792
vn 0 0.500000477 0.86602515
vn 0 0.500000477 0.86602515
vn -3.21165349e-13 0.500001132 0.866024792
vn -5.88049249e-13 0.500001132 0.866024792
vn 9.91090587e-07 0.499998689 0.866026223
vn -3.21165349e-13 0.500001132 0.866024792
vn 0 0.500003576 0.866023362
vn 0 0.500003278 0.86602354
vn -5.88049249e-13 0.500001132 0.866024792
vn 4.52345579e-15 0.500001132 0.866024792
vn 0 0.500003278 0.86602354
vn 0 0.500003576 0.866023362
vn -3.21165349e-13 0.500001132 0.866024792
vn 0 0.500003278 0.86602354
vn 0 0.500002682 0.866023839
vn 0 0.500002921 0.866023719
vn 0 0.500003576 0.866023362
vn 0 0.500003576 0.866023362
vn 0 0.500002921 0.866023719
vn 0 0.500002682 0.866023839
vn 0 0.500003278 0.86602354
vn 0 0.500002921 0.866023719
vn 1.71891323e-13 0.500002682 0.866023958
vn -5.20197438e-13 0.500002921 0.866023719
vn 0 0.500002682 0.866023839
vn 0 0.500002682 0.866023839
vn 4.52345536e-15 0.499998599 0.866026223
vn 1.71891323e-13 0.500002682 0.866023958
vn 0 0.500002921 0.866023719
vn 0 0.500003278 0.86602354
vn 0 0.500002682 0.866023839
vn 0 0.500002921 0.866023719
vn 0 0.500003576 0.866023302
vn 0 0.500003576 0.866023302
vn 0 0.500002921 0.866023719
vn 0 0.500002682 0.866023839
vn 0 0.500003338 0.86602354
vn 0 0.500002921 0.866023719
vn -1.71891323e-13 0.500002682 0.866023958
vn -1.62844374e-13 0.499998569 0.866026103
vn 0 0.500002682 0.866023839
vn 0 0.500002682 0.866023839
vn -5.20197438e-13 0.500002921 0.866023719
vn -1.71891323e-13 0.500002682 0.866023958
vn 0 0.500002921 0.866023719
vn -5.20197438e-13 0.500002921 0.866023719
vn -5.74478887e-13 0.499998987 0.866025984
vn 1.98217504e-06 0.499998569 0.866026103
vn -1.71891323e-13 0.500002682 0.866023958
vn -1.71891323e-13 0.500002682 0.866023958
vn 1.98217504e-06 0.499998569 0.866026103
vn -2.2436341e-12 0.499998927 0.866025984
vn -1.62844374e-13 0.499998569 0.866026103
vn 1.98217504e-06 0.499998569 0.866026103
vn 0 0.499996454 0.866027415
vn -9.9108604e-07 0.500002682 0.866023958
vn -2.2436341e-12 0.499998927 0.866025984
vn -5.74478887e-13 0.499998987 0.866025984
vn 0 0.499998331 0.866026342
vn 0 0.499996454 0.866027415
vn 1.98217504e-06 0.499998569 0.866026103
vn 4.52345536e-15 0.499998599 0.866026223
vn 0 0.499998927 0.866025984
vn -1.98217572e-06 0.499998629 0.866026223
vn 1.71891323e-13 0.500002682 0.866023958
vn 1.71891323e-13 0.500002682 0.866023958
vn -1.98217572e-06 0.499998629 0.866026223
vn -5.74478887e-13 0.499998987 0.866025984
vn -5.20197438e-13 0.500002921 0.866023719
vn -1.98217572e-06 0.499998629 0.866026223
vn 0 0.499996454 0.866027415
vn 0 0.499998331 0.866026342
vn -5.74478887e-13 0.499998987 0.866025984
vn 0 0.499998927 0.866025984
vn 9.91085017e-07 0.500002682 0.866023958
vn 0 0.499996454 0.866027415
vn -1.98217572e-06 0.499998629 0.866026223
vn 0 0.500003338 0.86602354
vn 0 0.500002682 0.866023839
vn 1.43052048e-07 0.50000298 0.866023719
vn 1.43052219e-07 0.500003576 0.866023421
vn 1.43052219e-07 0.500003576 0.866023421
vn 1.43052048e-07 0.50000298 0.866023719
vn 1.43052048e-07 0.50000298 0.866023719
vn 6.78518453e-14 0.500003278 0.86602354
vn 1.43052048e-07 0.50000298 0.866023719
vn 0 0.500002682 0.866023958
vn 7.68987535e-14 0.500003338 0.86602354
vn 1.43052048e-07 0.50000298 0.866023719
vn 0 0.500002682 0.866023839
vn -1.62844374e-13 0.499998569 0.866026103
vn 0 0.500002682 0.866023958
vn 1.43052048e-07 0.50000298 0.866023719
vn 6.78518453e-14 0.500003278 0.86602354
vn 1.43052048e-07 0.50000298 0.866023719
vn 0 0.50000298 0.866023719
vn 0 0.500003278 0.86602354
vn 0 0.500003278 0.86602354
vn 0 0.50000298 0.866023719
vn -1.43052048e-07 0.500002921 0.866023719
vn -6.33283844e-14 0.500003278 0.86602354
vn 0 0.50000298 0.866023719
vn 0 0.50000298 0.866023719
vn -7.68987399e-14 0.499998957 0.866025984
vn -1.43052048e-07 0.500002921 0.866023719
vn 1.43052048e-07 0.50000298 0.866023719
vn 7.68987535e-14 0.500003338 0.86602354
vn 0 0.50000298 0.866023719
vn 0 0.50000298 0.866023719
vn 7.68987535e-14 0.500003338 0.86602354
vn -7.23752926e-14 0.499998987 0.866025984
vn 1.98217344e-06 0.500000834 0.866025031
vn 0 0.50000298 0.866023719
vn 0 0.50000298 0.866023719
vn 1.98217344e-06 0.500000834 0.866025031
vn -1.08562942e-12 0.499998927 0.866025984
vn -7.68987399e-14 0.499998957 0.866025984
vn 1.98217344e-06 0.500000834 0.866025031
vn 0 0.499996543 0.866027415
vn 9.91085585e-07 0.500002682 0.866023958
vn -1.08562942e-12 0.499998927 0.866025984
vn -7.23752926e-14 0.499998987 0.866025984
vn 5.06627021e-13 0.499998331 0.866026342
vn 0 0.499996543 0.866027415
vn 1.98217344e-06 0.500000834 0.866025031
vn -1.62844374e-13 0.499998569 0.866026103
vn -2.2436341e-12 0.499998927 0.866025984
vn -1.98217458e-06 0.500000834 0.866025031
vn 0 0.500002682 0.866023958
vn 0 0.500002682 0.866023958
vn -1.98217458e-06 0.500000834 0.866025031
vn -7.23752926e-14 0.499998987 0.866025984
vn 7.68987535e-14 0.500003338 0.86602354
vn -1.98217458e-06 0.500000834 0.866025031
vn 0 0.499996513 0.866027415
vn 5.06627021e-13 0.499998331 0.866026342
vn -7.23752926e-14 0.499998987 0.866025984
vn -2.2436341e-12 0.499998927 0.866025984
vn -9.9108604e-07 0.500002682 0.866023958
vn 0 0.499996513 0.866027415
vn -1.98217458e-06 0.500000834 0.866025031
vn -9.9108604e-07 0.500002682 0.866023958
vn 1.12181705e-12 0.499998331 0.866026461
vn 0 0.499998331 0.866026461
vn 0 0.499996513 0.866027415
vn 0 0.499996513 0.866027415
vn 0 0.499998331 0.866026461
vn -4.70439388e-13 0.499998361 0.866026342
vn 5.06627021e-13 0.499998331 0.866026342
vn 0 0.499998331 0.866026461
vn 0 0.500002623 0.866023958
vn 6.15189974e-13 0.500000477 0.86602515
vn -4.70439388e-13 0.499998361 0.866026342
vn 1.12181705e-12 0.499998331 0.866026461
vn -1.15800446e-12 0.500000417 0.86602509
vn 0 0.500002623 0.866023958
vn 0 0.499998331 0.866026461
vn 5.06627021e-13 0.499998331 0.866026342
vn -4.70439388e-13 0.499998361 0.866026342
vn 0 0.49999842 0.866026402
vn 0 0.499996543 0.866027415
vn 0 0.499996543 0.866027415
vn 0 0.49999842 0.866026402
vn 5.06627075e-13 0.500000536 0.86602515
vn 9.91085585e-07 0.500002682 0.866023958
vn 0 0.49999842 0.866026402
vn -9.91085585e-07 0.500002682 0.866023839
vn 0 0.500000477 0.86602515
vn 5.06627075e-13 0.500000536 0.86602515
vn -4.70439388e-13 0.499998361 0.866026342
vn 6.15189974e-13 0.500000477 0.86602515
vn -9.91085585e-07 0.500002682 0.866023839
vn 0 0.49999842 0.866026402
vn 6.15189974e-13 0.500000477 0.86602515
vn 0 0.500002682 0.866023958
vn 0 0.500000477 0.86602515
vn -9.91085585e-07 0.500002682 0.866023839
vn -9.91085585e-07 0.500002682 0.866023839
vn 0 0.500000477 0.86602515
vn 0 0.500000477 0.86602515
vn 0 0.500000477 0.86602515
vn 0 0.500000477 0.86602515
vn 0 0.500001132 0.866024792
vn 0 0.500000477 0.86602515
vn 0 0.500000477 0.86602515
vn 0 0.500002682 0.866023958
vn 0 0.500000536 0.86602515
vn 0 0.500001132 0.866024792
vn 0 0.500000477 0.86602515
vn -1.15800446e-12 0.500000417 0.86602509
vn 0 0.500002682 0.866023958
vn 0 0.500000477 0.86602515
vn 0 0.500002623 0.866023958
vn 0 0.500002623 0.866023958
vn 0 0.500000477 0.86602515
vn 0 0.500002682 0.866023958
vn 6.15189974e-13 0.500000477 0.86602515
vn 0 0.500000477 0.86602515
vn 0 0.500001132 0.866024792
vn 0 0.500000536 0.86602515
vn 0 0.500002682 0.866023958
vn 0 0.500002682 0.866023958
vn 0 0.500000477 0.86602515
vn 0 0.500001132 0.866024792
vn 0 0.500000477 0.86602515
vn 9.91085017e-07 0.500002682 0.866023958
vn -3.61876463e-14 0.499998331 0.866026461
vn -2.20744647e-12 0.500000536 0.86602515
vn 0 0.499996454 0.866027415
vn 0 0.499996454 0.866027415
vn -2.20744647e-12 0.500000536 0.86602515
vn -4.0530166e-12 0.499998331 0.866026342
vn 0 0.499998331 0.866026342
vn -2.20744647e-12 0.500000536 0.86602515
vn 1.12181705e-12 0.500002623 0.866023958
vn -3.61876458e-12 0.500000536 0.86602509
vn -4.0530166e-12 0.499998331 0.866026342
vn -3.61876463e-14 0.499998331 0.866026461
vn 0 0.500000417 0.86602509
vn 1.12181705e-12 0.500002623 0.866023958
vn -2.20744647e-12 0.500000536 0.86602515
vn 0 0.499998331 0.866026342
vn -4.0530166e-12 0.499998331 0.866026342
vn 0 0.500000536 0.86602515
vn 0 0.499996454 0.866027415
vn 0 0.499996454 0.866027415
vn 0 0.500000536 0.86602515
vn 1.12181705e-12 0.499998331 0.866026461
vn -9.9108604e-07 0.500002682 0.866023958
vn 0 0.500000536 0.86602515
vn -1.12181705e-12 0.500002623 0.866023958
vn -1.15800446e-12 0.500000417 0.86602509
vn 1.12181705e-12 0.499998331 0.866026461
vn -4.0530166e-12 0.499998331 0.866026342
vn -3.61876458e-12 0.500000536 0.86602509
vn -1.12181705e-12 0.500002623 0.866023958
vn 0 0.500000536 0.86602515
vn -3.61876458e-12 0.500000536 0.86602509
vn 0 0.500002682 0.866023958
vn 0 0.500000477 0.86602515
vn -1.12181705e-12 0.500002623 0.866023958
vn -1.12181705e-12 0.500002623 0.866023958
vn 0 0.500000477 0.86602515
vn 0 0.500002682 0.866023958
vn -1.15800446e-12 0.500000417 0.86602509
vn 0 0.500000477 0.86602515
vn 0 0.500001132 0.866024792
vn 0 0.500000477 0.86602515
vn 0 0.500002682 0.866023958
vn 0 0.500002682 0.866023958
vn 0 0.500000477 0.86602515
vn 0 0.500001132 0.866024792
vn 0 0.500000477 0.86602515
vn 0 0.500000417 0.86602509
vn 0 0.500002682 0.866023958
vn 0 0.500000477 0.86602515
vn 1.12181705e-12 0.500002623 0.866023958
vn 1.12181705e-12 0.500002623 0.866023958
vn 0 0.500000477 0.86602515
vn 0 0.500002682 0.866023958
vn -3.61876458e-12 0.500000536 0.86602509
vn 0 0.500000477 0.86602515
vn 0 0.500001132 0.866024792
vn 0 0.500000477 0.86602515
vn 0 0.500002682 0.866023958
vn 0 0.500002682 0.866023958
vn 0 0.500000477 0.86602515
vn 0 0.500001132 0.866024792
vn 0 0.500000477 0.86602515
vn -1.98217958e-06 0.499999017 0.866025984
vn -1.98217685e-06 0.500000775 0.866024911
vn -9.91091383e-07 0.499996513 0.866027415
vn -1.43053583e-07 0.500001073 0.866024792
vn -1.43053583e-07 0.500001073 0.866024792
vn -9.91091383e-07 0.499996513 0.866027415
vn 0 0.500000477 0.86602515
vn 0 0.500000715 0.866024911
vn -9.91091383e-07 0.499996513 0.866027415
vn 2.27982173e-12 0.499998331 0.866026342
vn -1.98217549e-06 0.499998361 0.866026342
vn 0 0.500000477 0.86602515
vn -1.98217685e-06 0.500000775 0.866024911
vn 1.98217731e-06 0.500000536 0.86602515
vn 2.27982173e-12 0.499998331 0.866026342
vn -9.91091383e-07 0.499996513 0.866027415
vn 0 0.500000715 0.866024911
vn 0 0.500000477 0.86602515
vn 0 0.500000775 0.866025031
vn 1.8455697e-12 0.500001073 0.866024792
vn 1.8455697e-12 0.500001073 0.866024792
vn 0 0.500000775 0.866025031
vn -1.43051793e-07 0.500002623 0.866023958
vn -1.43049292e-07 0.500000834 0.866025031
vn 0 0.500000775 0.866025031
vn -9.91084789e-07 0.50000298 0.866023719
vn -1.43051977e-07 0.500003278 0.86602354
vn -1.43051793e-07 0.500002623 0.866023958
vn 0 0.500000477 0.86602515
vn -1.98217549e-06 0.499998361 0.866026342
vn -9.91084789e-07 0.50000298 0.866023719
vn 0 0.500000775 0.866025031
vn -1.98217549e-06 0.499998361 0.866026342
vn -2.12522332e-06 0.500001132 0.866024792
vn -2.26827638e-06 0.499998927 0.866025984
vn -9.91084789e-07 0.50000298 0.866023719
vn -9.91084789e-07 0.50000298 0.866023719
vn -2.26827638e-06 0.499998927 0.866025984
vn -3.25688803e-13 0.499999017 0.866025984
vn -1.43051977e-07 0.500003278 0.86602354
vn -2.26827638e-06 0.499998927 0.866025984
vn 0 0.499996454 0.866027415
vn -9.91089109e-07 0.499996215 0.866027653
vn -3.25688803e-13 0.499999017 0.866025984
vn -2.12522332e-06 0.500001132 0.866024792
vn 0 0.500003219 0.866023481
vn 0 0.499996454 0.866027415
vn -2.26827638e-06 0.499998927 0.866025984
vn 1.98217731e-06 0.500000536 0.86602515
vn 0 0.499998987 0.866025984
vn 0 0.500003278 0.86602354
vn 2.27982173e-12 0.499998331 0.866026342
vn 2.27982173e-12 0.499998331 0.866026342
vn 0 0.500003278 0.86602354
vn -2.12522332e-06 0.500001132 0.866024792
vn -1.98217549e-06 0.499998361 0.866026342
vn 0 0.500003278 0.86602354
vn -9.91088086e-07 0.500001073 0.866024792
vn 0 0.500003219 0.866023481
vn -2.12522332e-06 0.500001132 0.866024792
vn 0 0.499998987 0.866025984
vn -1.9821764e-06 0.500001132 0.866024792
vn -9.91088086e-07 0.500001073 0.866024792
vn 0 0.500003278 0.86602354
vn -1.43049292e-07 0.500000834 0.866025031
vn -1.43051793e-07 0.500002623 0.866023958
vn -1.43051281e-07 0.500000775 0.866025031
vn 0 0.500001431 0.866024613
vn 0 0.500001431 0.866024613
vn -1.43051281e-07 0.500000775 0.866025031
vn 0 0.500002623 0.866023958
vn 9.91083311e-07 0.500001132 0.866024792
vn -1.43051281e-07 0.500000775 0.866025031
vn 1.71891323e-13 0.500002682 0.866023958
vn -2.53313538e-13 0.500002921 0.866023719
vn 0 0.500002623 0.866023958
vn -1.43051793e-07 0.500002623 0.866023958
vn -1.43051977e-07 0.500003278 0.86602354
vn 1.71891323e-13 0.500002682 0.866023958
vn -1.43051281e-07 0.500000775 0.866025031
vn 9.91083311e-07 0.500001132 0.866024792
vn 0 0.500002623 0.866023958
vn 0 0.500002921 0.866023719
vn 0 0.500003576 0.866023421
vn 0 0.500003576 0.866023421
vn 0 0.500002921 0.866023719
vn 0 0.500002682 0.866023839
vn 0 0.500003278 0.86602354
vn 0 0.500002921 0.866023719
vn -1.71891323e-13 0.500002682 0.866023958
vn 4.52345536e-15 0.499998599 0.866026223
vn 0 0.500002682 0.866023839
vn 0 0.500002623 0.866023958
vn -2.53313538e-13 0.500002921 0.866023719
vn -1.71891323e-13 0.500002682 0.866023958
vn 0 0.500002921 0.866023719
vn -2.53313538e-13 0.500002921 0.866023719
vn -8.27792424e-13 0.499999017 0.866025984
vn 1.98217231e-06 0.500000834 0.866025031
vn -1.71891323e-13 0.500002682 0.866023958
vn -1.71891323e-13 0.500002682 0.866023958
vn 1.98217231e-06 0.500000834 0.866025031
vn 0 0.499998927 0.866025984
vn 4.52345536e-15 0.499998599 0.866026223
vn 1.98217231e-06 0.500000834 0.866025031
vn -1.12181705e-12 0.499996543 0.866027415
vn 9.91085017e-07 0.500002682 0.866023958
vn 0 0.499998927 0.866025984
vn -8.27792424e-13 0.499999017 0.866025984
vn -1.80938229e-12 0.499998331 0.866026342
vn -1.12181705e-12 0.499996543 0.866027415
vn 1.98217231e-06 0.500000834 0.866025031
vn -1.43051977e-07 0.500003278 0.86602354
vn -3.25688803e-13 0.499999017 0.866025984
vn -3.16641895e-13 0.500000775 0.866025031
vn 1.71891323e-13 0.500002682 0.866023958
vn 1.71891323e-13 0.500002682 0.866023958
vn -3.16641895e-13 0.500000775 0.866025031
vn -8.27792424e-13 0.499999017 0.866025984
vn -2.53313538e-13 0.500002921 0.866023719
vn -3.16641895e-13 0.500000775 0.866025031
vn 1.12181705e-12 0.499996543 0.866027415
vn -1.80938229e-12 0.499998331 0.866026342
vn -8.27792424e-13 0.499999017 0.866025984
vn -3.25688803e-13 0.499999017 0.866025984
vn -9.91089109e-07 0.499996215 0.866027653
vn 1.12181705e-12 0.499996543 0.866027415
vn -3.16641895e-13 0.500000775 0.866025031
vn -9.91089109e-07 0.499996215 0.866027653
vn 0 0.499998331 0.866026342
vn -9.91088882e-07 0.499998331 0.866026461
vn 1.12181705e-12 0.499996543 0.866027415
vn 1.12181705e-12 0.499996543 0.866027415
vn -9.91088882e-07 0.499998331 0.866026461
vn 3.61876463e-14 0.499998331 0.866026461
vn -1.80938229e-12 0.499998331 0.866026342
vn -9.91088882e-07 0.499998331 0.866026461
vn 1.15800468e-12 0.500000477 0.86602515
vn -1.80938229e-12 0.499998331 0.866026461
vn 3.61876463e-14 0.499998331 0.866026461
vn 0 0.499998331 0.866026342
vn -9.91086381e-07 0.500000536 0.86602509
vn 1.15800468e-12 0.500000477 0.86602515
vn -9.91088882e-07 0.499998331 0.866026461
vn -1.80938229e-12 0.499998331 0.866026342
vn 3.61876463e-14 0.499998331 0.866026461
vn 1.15800468e-12 0.499998331 0.866026461
vn -1.12181705e-12 0.499996543 0.866027415
vn -1.12181705e-12 0.499996543 0.866027415
vn 1.15800468e-12 0.499998331 0.866026461
vn -3.61876463e-14 0.499998331 0.866026461
vn 9.91085017e-07 0.500002682 0.866023958
vn 1.15800468e-12 0.499998331 0.866026461
vn -1.12181705e-12 0.500002623 0.866023958
vn 0 0.500000417 0.86602509
vn -3.61876463e-14 0.499998331 0.866026461
vn 3.61876463e-14 0.499998331 0.866026461
vn -1.80938229e-12 0.499998331 0.866026461
vn -1.12181705e-12 0.500002623 0.866023958
vn 1.15800468e-12 0.499998331 0.866026461
vn -1.80938229e-12 0.499998331 0.866026461
vn -9.91083198e-07 0.500002682 0.866023839
vn -9.91086381e-07 0.500000477 0.86602515
vn -1.12181705e-12 0.500002623 0.866023958
vn -1.12181705e-12 0.500002623 0.866023958
vn -9.91086381e-07 0.500000477 0.86602515
vn 0 0.500002682 0.866023958
vn 0 0.500000417 0.86602509
vn -9.91086381e-07 0.500000477 0.86602515
vn 0 0.500001132 0.866024792
vn 0 0.500000477 0.86602515
vn 0 0.500002682 0.866023958
vn -9.91083198e-07 0.500002682 0.866023839
vn 0 0.500002623 0.866023958
vn 0 0.500001132 0.866024792
vn -9.91086381e-07 0.500000477 0.86602515
vn -9.91086381e-07 0.500000536 0.86602509
vn 0 0.500002623 0.866023958
vn 0 0.500000477 0.86602515
vn 1.15800468e-12 0.500000477 0.86602515
vn 1.15800468e-12 0.500000477 0.86602515
vn 0 0.500000477 0.86602515
vn -9.91083198e-07 0.500002682 0.866023839
vn -1.80938229e-12 0.499998331 0.866026461
vn 0 0.500000477 0.86602515
vn 0 0.500003278 0.86602354
vn 0 0.500002623 0.866023958
vn -9.91083198e-07 0.500002682 0.866023839
vn 0 0.500002623 0.866023958
vn 0 0.500002563 0.866023958
vn 0 0.500003278 0.86602354
vn 0 0.500000477 0.86602515
vn -1.9821764e-06 0.500001132 0.866024792
vn 0 0.500000477 0.86602515
vn -9.91086381e-07 0.500000536 0.86602509
vn -9.91088086e-07 0.500001073 0.866024792
vn -9.91088086e-07 0.500001073 0.866024792
vn -9.91086381e-07 0.500000536 0.86602509
vn 3.61876463e-14 0.499998331 0.866026461
vn 0 0.500003219 0.866023481
vn -9.91086381e-07 0.500000536 0.86602509
vn -2.20744647e-12 0.500000477 0.86602515
vn 9.91087745e-07 0.499998331 0.866026461
vn 3.61876463e-14 0.499998331 0.866026461
vn 0 0.500000477 0.86602515
vn -1.98217981e-06 0.499998361 0.866026342
vn -2.20744647e-12 0.500000477 0.86602515
vn -9.91086381e-07 0.500000536 0.86602509
vn 0 0.500003219 0.866023481
vn 3.61876463e-14 0.499998331 0.866026461
vn 9.91087745e-07 0.499998361 0.866026342
vn 0 0.499996454 0.866027415
vn 0 0.499996454 0.866027415
vn 9.91087745e-07 0.499998361 0.866026342
vn 0 0.499998331 0.866026342
vn -9.91089109e-07 0.499996215 0.866027653
vn 9.91087745e-07 0.499998361 0.866026342
vn 0 0.500000477 0.86602515
vn -9.91086381e-07 0.500000536 0.86602509
vn 0 0.499998331 0.866026342
vn 3.61876463e-14 0.499998331 0.866026461
vn 9.91087745e-07 0.499998331 0.866026461
vn 0 0.500000477 0.86602515
vn 9.91087745e-07 0.499998361 0.866026342
vn 9.91087745e-07 0.499998331 0.866026461
vn 0 0.500002623 0.866023958
vn 0 0.500002563 0.866023958
vn 0 0.500000477 0.86602515
vn 0 0.500000477 0.86602515
vn 0 0.500002563 0.866023958
vn 0 0.500002623 0.866023958
vn -9.91086381e-07 0.500000536 0.86602509
vn 0 0.500002563 0.866023958
vn 0 0.500003278 0.86602354
vn 0 0.500002563 0.866023958
vn 0 0.500002623 0.866023958
vn 0 0.500002623 0.866023958
vn -9.91087745e-07 0.499998331 0.866026461
vn 0 0.500003278 0.86602354
vn 0 0.500002563 0.866023958
vn -1.98217981e-06 0.499998361 0.866026342
vn -1.98217731e-06 0.500000536 0.86602515
vn -9.91089905e-07 0.499998331 0.866026342
vn -2.20744647e-12 0.500000477 0.86602515
vn -2.20744647e-12 0.500000477 0.86602515
vn -9.91089905e-07 0.499998331 0.866026342
vn 0 0.500002623 0.866023958
vn 9.91087745e-07 0.499998331 0.866026461
vn -9.91089905e-07 0.499998331 0.866026342
vn -9.91087745e-07 0.499998361 0.866026342
vn -9.91087745e-07 0.499998331 0.866026461
vn 0 0.500002623 0.866023958
vn -1.98217731e-06 0.500000536 0.86602515
vn 0 0.500000477 0.86602515
vn -9.91087745e-07 0.499998361 0.866026342
vn -9.91089905e-07 0.499998331 0.866026342
vn 0 0.500000775 0.866024911
vn 0 0.500003278 0.86602354
vn 0 0.499998629 0.866026223
vn 0 0.500000775 0.866024911
vn 0 0.500000775 0.866024911
vn 0 0.499998629 0.866026223
vn 0 0.499998927 0.866025984
vn 0 0.500000775 0.866024911
vn 0 0.499998629 0.866026223
vn 1.98217754e-06 0.499998689 0.866026223
vn -9.91089223e-07 0.499998689 0.866026223
vn 0 0.499998927 0.866025984
vn 0 0.500003278 0.86602354
vn 9.91087859e-07 0.500000775 0.866024911
vn 1.98217754e-06 0.499998689 0.866026223
vn 0 0.499998629 0.866026223
vn 0 0.500000775 0.866024911
vn 0 0.499998927 0.866025984
vn 0 0.500000775 0.866024911
vn 0 0.500000775 0.866024911
vn 0 0.500000775 0.866024911
vn 0 0.500000775 0.866024911
vn 0 0.500001132 0.866024792
vn 0 0.500000775 0.866024911
vn 0 0.500000775 0.866024911
vn -9.91088655e-07 0.499998719 0.866026223
vn 9.91089564e-07 0.499998719 0.866026223
vn 0 0.500001132 0.866024792
vn 0 0.499998927 0.866025984
vn -9.91089223e-07 0.499998689 0.866026223
vn -9.91088655e-07 0.499998719 0.866026223
vn 0 0.500000775 0.866024911
vn -9.91089223e-07 0.499998689 0.866026223
vn 0 0.500002623 0.866023839
vn 0 0.500000775 0.866024911
vn -9.91088655e-07 0.499998719 0.866026223
vn -9.91088655e-07 0.499998719 0.866026223
vn 0 0.500000775 0.866024911
vn 0 0.500000536 0.86602515
vn 9.91089564e-07 0.499998719 0.866026223
vn 0 0.500000775 0.866024911
vn 0 0.500000477 0.86602515
vn 0 0.500002623 0.866023839
vn 0 0.500000536 0.86602515
vn 0 0.500002623 0.866023839
vn 0 0.500002623 0.866023839
vn 0 0.500000477 0.86602515
vn 0 0.500000775 0.866024911
vn 9.91087859e-07 0.500000775 0.866024911
vn 6.51377606e-13 0.499998361 0.866026342
vn 9.91085699e-07 0.500002921 0.866023719
vn 1.98217754e-06 0.499998689 0.866026223
vn 1.98217754e-06 0.499998689 0.866026223
vn 9.91085699e-07 0.500002921 0.866023719
vn 0 0.500002623 0.866023839
vn -9.91089223e-07 0.499998689 0.866026223
vn 9.91085699e-07 0.500002921 0.866023719
vn 0 0.500000477 0.86602515
vn 0 0.500002623 0.866023839
vn 0 0.500002623 0.866023839
vn 6.51377606e-13 0.499998361 0.866026342
vn 0 0.500000477 0.86602515
vn 0 0.500000477 0.86602515
vn 9.91085699e-07 0.500002921 0.866023719
vn 0 0.500000775 0.866024911
vn 0 0.500001132 0.866024792
vn 0 0.499998719 0.866026223
vn 0 0.500000775 0.866024911
vn 0 0.500000775 0.866024911
vn 0 0.499998719 0.866026223
vn 0 0.499998927 0.866025984
vn 0 0.500000775 0.866025031
vn 0 0.499998719 0.866026223
vn 9.91089109e-07 0.499998719 0.866026223
vn -9.91088086e-07 0.499998569 0.866026103
vn 0 0.499998927 0.866025984
vn 0 0.500001132 0.866024792
vn 9.91089564e-07 0.499998719 0.866026223
vn 9.91089109e-07 0.499998719 0.866026223
vn 0 0.499998719 0.866026223
vn 0 0.500000775 0.866025031
vn 0 0.499998927 0.866025984
vn 0 0.500000834 0.866025031
vn 0 0.500000775 0.866025031
vn 0 0.500000775 0.866025031
vn 0 0.500000834 0.866025031
vn 0 0.500003278 0.86602354
vn 0 0.500000775 0.866024911
vn 0 0.500000834 0.866025031
vn -1.98217685e-06 0.499998689 0.866026223
vn 9.91087177e-07 0.500000834 0.866024911
vn 0 0.500003278 0.86602354
vn 0 0.499998927 0.866025984
vn -9.91088086e-07 0.499998569 0.866026103
vn -1.98217685e-06 0.499998689 0.866026223
vn 0 0.500000834 0.866025031
vn -9.91088086e-07 0.499998569 0.866026103
vn 0 0.500002623 0.866023839
vn -9.91087177e-07 0.500000834 0.866025031
vn -1.98217685e-06 0.499998689 0.866026223
vn -1.98217685e-06 0.499998689 0.866026223
vn -9.91087177e-07 0.500000834 0.866025031
vn -3.61876463e-14 0.499998331 0.866026342
vn 9.91087177e-07 0.500000834 0.866024911
vn -9.91087177e-07 0.500000834 0.866025031
vn 0 0.500000477 0.86602515
vn 0 0.500000417 0.86602509
vn -3.61876463e-14 0.499998331 0.866026342
vn 0 0.500002623 0.866023839
vn 0 0.500000477 0.86602515
vn 0 0.500000477 0.86602515
vn -9.91087177e-07 0.500000834 0.866025031
vn 9.91089564e-07 0.499998719 0.866026223
vn 0 0.500000536 0.86602515
vn 0 0.500002921 0.866023719
vn 9.91089109e-07 0.499998719 0.866026223
vn 9.91089109e-07 0.499998719 0.866026223
vn 0 0.500002921 0.866023719
vn 0 0.500002623 0.866023839
vn -9.91088086e-07 0.499998569 0.866026103
vn 0 0.500002921 0.866023719
vn 0 0.500000477 0.86602515
vn 0 0.500000477 0.86602515
vn 0 0.500002623 0.866023839
vn 0 0.500000536 0.86602515
vn 0 0.500002623 0.866023839
vn 0 0.500000477 0.86602515
vn 0 0.500002921 0.866023719
vn 0 0.500002623 0.866023839
vn 9.40878668e-13 0.500000417 0.86602515
vn 9.91087177e-07 0.500000536 0.86602515
vn 0 0.500000477 0.86602515
vn 0 0.500000477 0.86602515
vn 9.91087177e-07 0.500000536 0.86602515
vn 0 0.500000477 0.86602515
vn 0 0.500000477 0.86602515
vn 9.91087177e-07 0.500000536 0.86602515
vn 0 0.500000477 0.86602515
vn 9.91087177e-07 0.500000775 0.866024911
vn 0 0.500000477 0.86602515
vn 9.40878668e-13 0.500000417 0.86602515
vn -9.91089109e-07 0.499998719 0.866026223
vn 0 0.500000477 0.86602515
vn 9.91087177e-07 0.500000536 0.86602515
vn 0 0.500000477 0.86602515
vn 0 0.500000477 0.86602515
vn -9.91088541e-07 0.499998301 0.866026342
vn 0 0.500000477 0.86602515
vn 0 0.500000477 0.86602515
vn -9.91088541e-07 0.499998301 0.866026342
vn 3.61876463e-14 0.500000477 0.86602515
vn 0 0.500000417 0.86602509
vn -9.91088541e-07 0.499998301 0.866026342
vn 3.25688776e-13 0.500000417 0.86602515
vn -9.91088314e-07 0.499998599 0.866026223
vn 3.61876463e-14 0.500000477 0.86602515
vn 0 0.500000477 0.86602515
vn 9.91087177e-07 0.500000775 0.866024911
vn 3.25688776e-13 0.500000417 0.86602515
vn -9.91088541e-07 0.499998301 0.866026342
vn 9.91087177e-07 0.500000775 0.866024911
vn 9.04691073e-15 0.500001073 0.866024792
vn 0 0.500003159 0.86602354
vn 3.25688776e-13 0.500000417 0.86602515
vn 3.25688776e-13 0.500000417 0.86602515
vn 0 0.500003159 0.86602354
vn -4.52345579e-15 0.500001132 0.866024792
vn -9.91088314e-07 0.499998599 0.866026223
vn 0 0.500003159 0.86602354
vn 0 0.500003576 0.866023421
vn 0 0.500003219 0.86602354
vn -4.52345579e-15 0.500001132 0.866024792
vn 9.04691073e-15 0.500001073 0.866024792
vn 0 0.500003278 0.86602354
vn 0 0.500003576 0.866023421
vn 0 0.500003159 0.86602354
vn -9.91089109e-07 0.499998719 0.866026223
vn -4.52345579e-15 0.500001132 0.866024792
vn 2.26172789e-14 0.500001132 0.866024792
vn 0 0.500000477 0.86602515
vn 0 0.500000477 0.86602515
vn 2.26172789e-14 0.500001132 0.866024792
vn 9.04691073e-15 0.500001073 0.866024792
vn 9.91087177e-07 0.500000775 0.866024911
vn 2.26172789e-14 0.500001132 0.866024792
vn 0 0.500003576 0.866023421
vn 0 0.500003278 0.86602354
vn 9.04691073e-15 0.500001073 0.866024792
vn -4.52345579e-15 0.500001132 0.866024792
vn 0 0.500003278 0.86602354
vn 0 0.500003576 0.866023421
vn 2.26172789e-14 0.500001132 0.866024792
vn 0 0.500000477 0.86602515
vn 5.06627075e-13 0.500000536 0.86602515
vn 5.42814708e-13 0.500000536 0.86602515
vn 0 0.500000477 0.86602515
vn 0 0.500000477 0.86602515
vn 5.42814708e-13 0.500000536 0.86602515
vn -9.40878777e-13 0.500000536 0.86602509
vn 0 0.500002623 0.866023839
vn 5.42814708e-13 0.500000536 0.86602515
vn 0 0.500000477 0.86602515
vn 9.91089678e-07 0.499998719 0.866026223
vn -9.40878777e-13 0.500000536 0.86602509
vn 5.06627075e-13 0.500000536 0.86602515
vn -9.91088314e-07 0.499998331 0.866026342
vn 0 0.500000477 0.86602515
vn 5.42814708e-13 0.500000536 0.86602515
vn 0 0.500002623 0.866023839
vn -9.40878777e-13 0.500000536 0.86602509
vn -2.53313538e-13 0.49999842 0.866026402
vn 0 0.500000477 0.86602515
vn 0 0.500000477 0.86602515
vn -2.53313538e-13 0.49999842 0.866026402
vn 9.40878668e-13 0.500000417 0.86602515
vn 0 0.500002623 0.866023839
vn -2.53313538e-13 0.49999842 0.866026402
vn 0 0.500000536 0.86602515
vn -9.91089109e-07 0.499998719 0.866026223
vn 9.40878668e-13 0.500000417 0.86602515
vn -9.40878777e-13 0.500000536 0.86602509
vn 9.91089678e-07 0.499998719 0.866026223
vn 0 0.500000536 0.86602515
vn -2.53313538e-13 0.49999842 0.866026402
vn 9.91089678e-07 0.499998719 0.866026223
vn -1.31180223e-13 0.500001132 0.866024792
vn -3.16641922e-14 0.500003278 0.866023481
vn 0 0.500000536 0.86602515
vn 0 0.500000536 0.86602515
vn -3.16641922e-14 0.500003278 0.866023481
vn -4.52345579e-15 0.500001132 0.866024792
vn -9.91089109e-07 0.499998719 0.866026223
vn -3.16641922e-14 0.500003278 0.866023481
vn 0 0.500003576 0.866023362
vn 0 0.500003278 0.86602354
vn -4.52345579e-15 0.500001132 0.866024792
vn -1.31180223e-13 0.500001132 0.866024792
vn 0 0.500003278 0.86602354
vn 0 0.500003576 0.866023362
vn -3.16641922e-14 0.500003278 0.866023481
vn -9.91088314e-07 0.499998331 0.866026342
vn 0 0.500000775 0.866024911
vn -1.43051466e-07 0.500001132 0.866024792
vn 0 0.500000477 0.86602515
vn 0 0.500000477 0.86602515
vn -1.43051466e-07 0.500001132 0.866024792
vn -1.31180223e-13 0.500001132 0.866024792
vn 9.91089678e-07 0.499998719 0.866026223
vn -1.43051466e-07 0.500001132 0.866024792
vn -1.43052219e-07 0.500003576 0.866023362
vn 0 0.500003278 0.86602354
vn -1.31180223e-13 0.500001132 0.866024792
vn 0 0.500000775 0.866024911
vn -6.33283844e-14 0.500003278 0.86602354
vn -1.43052219e-07 0.500003576 0.866023362
vn -1.43051466e-07 0.500001132 0.866024792
vn 0 0.500000775 0.866024911
vn 0 0.500003278 0.86602354
vn 0 0.499998629 0.866026223
vn 0 0.500000775 0.866024911
vn 0 0.500000775 0.866024911
vn 0 0.499998629 0.866026223
vn 0 0.499998927 0.866025984
vn 0 0.500000775 0.866024911
vn 0 0.499998629 0.866026223
vn 1.98217731e-06 0.499998689 0.866026223
vn -9.91088314e-07 0.499998569 0.866026103
vn 0 0.499998927 0.866025984
vn 0 0.500003278 0.86602354
vn 9.91087177e-07 0.500000834 0.866024911
vn 1.98217731e-06 0.499998689 0.866026223
vn 0 0.499998629 0.866026223
vn 0 0.500000775 0.866024911
vn 0 0.499998927 0.866025984
vn 0 0.500000834 0.866025031
vn 0 0.500000775 0.866024911
vn 0 0.500000775 0.866024911
vn 0 0.500000834 0.866025031
vn 0 0.500001073 0.866024792
vn 0 0.500000775 0.866024911
vn 0 0.500000834 0.866025031
vn -9.91088314e-07 0.499998689 0.866026223
vn 9.91089109e-07 0.499998629 0.866026223
vn 0 0.500001073 0.866024792
vn 0 0.499998927 0.866025984
vn -9.91088314e-07 0.499998569 0.866026103
vn -9.91088314e-07 0.499998689 0.866026223
vn 0 0.500000834 0.866025031
vn -9.91088314e-07 0.499998569 0.866026103
vn 0 0.500002623 0.866023958
vn 0 0.500000775 0.866025031
vn -9.91088314e-07 0.499998689 0.866026223
vn -9.91088314e-07 0.499998689 0.866026223
vn 0 0.500000775 0.866025031
vn 0 0.500000477 0.86602515
vn 9.91089109e-07 0.499998629 0.866026223
vn 0 0.500000775 0.866025031
vn 0 0.500000477 0.86602515
vn 0 0.500002682 0.866023898
vn 0 0.500000477 0.86602515
vn 0 0.500002623 0.866023958
vn 0 0.500002623 0.866023958
vn 0 0.500000477 0.86602515
vn 0 0.500000775 0.866025031
vn 9.91087177e-07 0.500000834 0.866024911
vn -3.61876463e-14 0.499998331 0.866026342
vn 9.91085471e-07 0.500002921 0.866023719
vn 1.98217731e-06 0.499998689 0.866026223
vn 1.98217731e-06 0.499998689 0.866026223
vn 9.91085471e-07 0.500002921 0.866023719
vn 0 0.500002623 0.866023958
vn -9.91088314e-07 0.499998569 0.866026103
vn 9.91085471e-07 0.500002921 0.866023719
vn 0 0.500000477 0.86602515
vn 0 0.500002623 0.866023958
vn 0 0.500002623 0.866023958
vn -3.61876463e-14 0.499998331 0.866026342
vn 0 0.500000417 0.86602509
vn 0 0.500000477 0.86602515
vn 9.91085471e-07 0.500002921 0.866023719
vn 0 0.500000775 0.866024911
vn 0 0.500001073 0.866024792
vn 0 0.499998629 0.866026223
vn 0 0.500000775 0.866024911
vn 0 0.500000775 0.866024911
vn 0 0.499998629 0.866026223
vn 0 0.499998927 0.866025984
vn 0 0.500000834 0.866024911
vn 0 0.499998629 0.866026223
vn 9.91088768e-07 0.499998719 0.866026223
vn -9.91087632e-07 0.499998569 0.866026103
vn 0 0.499998927 0.866025984
vn 0 0.500001073 0.866024792
vn 9.91089109e-07 0.499998629 0.866026223
vn 9.91088768e-07 0.499998719 0.866026223
vn 0 0.499998629 0.866026223
vn 0 0.500000834 0.866024911
vn 0 0.499998927 0.866025984
vn 0 0.500000834 0.866025031
vn 0 0.500000775 0.866024911
vn 0 0.500000775 0.866024911
vn 0 0.500000834 0.866025031
vn 0 0.500003278 0.86602354
vn 0 0.500000775 0.866024911
vn 0 0.500000834 0.866025031
vn -1.9821764e-06 0.499998599 0.866026223
vn 9.91085926e-07 0.500000834 0.866024911
vn 0 0.500003278 0.86602354
vn 0 0.499998927 0.866025984
vn -9.91087632e-07 0.499998569 0.866026103
vn -1.9821764e-06 0.499998599 0.866026223
vn 0 0.500000834 0.866025031
vn -9.91087632e-07 0.499998569 0.866026103
vn 0 0.500002623 0.866023958
vn -9.9108729e-07 0.500000834 0.866025031
vn -1.9821764e-06 0.499998599 0.866026223
vn -1.9821764e-06 0.499998599 0.866026223
vn -9.9108729e-07 0.500000834 0.866025031
vn -6.15189974e-13 0.499998361 0.866026342
vn 9.91085926e-07 0.500000834 0.866024911
vn -9.9108729e-07 0.500000834 0.866025031
vn 0 0.500000477 0.86602515
vn 0 0.500000536 0.86602515
vn -6.15189974e-13 0.499998361 0.866026342
vn 0 0.500002623 0.866023958
vn 0 0.500000477 0.86602515
vn 0 0.500000477 0.86602515
vn -9.9108729e-07 0.500000834 0.866025031
vn 9.91089109e-07 0.499998629 0.866026223
vn 0 0.500000477 0.86602515
vn 0 0.500002921 0.866023719
vn 9.91088768e-07 0.499998719 0.866026223
vn 9.91088768e-07 0.499998719 0.866026223
vn 0 0.500002921 0.866023719
vn 0 0.500002623 0.866023958
vn -9.91087632e-07 0.499998569 0.866026103
vn 0 0.500002921 0.866023719
vn 0 0.500000477 0.86602515
vn 0 0.500000477 0.86602515
vn 0 0.500002623 0.866023958
vn 0 0.500000477 0.86602515
vn 0 0.500002682 0.866023898
vn 0 0.500000477 0.86602515
vn 0 0.500002921 0.866023719
vn 0 0.500002682 0.866023898
vn 1.91794497e-12 0.500000417 0.86602509
vn 9.91087518e-07 0.500000536 0.86602515
vn 0 0.500000477 0.86602515
vn 0 0.500000477 0.86602515
vn 9.91087518e-07 0.500000536 0.86602515
vn 0 0.500000477 0.86602515
vn 0 0.500000477 0.86602515
vn 9.91087518e-07 0.500000536 0.86602515
vn 0 0.500000477 0.86602515
vn 9.91086381e-07 0.500000477 0.86602515
vn 0 0.500000477 0.86602515
vn 1.91794497e-12 0.500000417 0.86602509
vn -9.91088882e-07 0.499998629 0.866026223
vn 0 0.500000477 0.86602515
vn 9.91087518e-07 0.500000536 0.86602515
vn 0 0.500000477 0.86602515
vn 0 0.500000477 0.86602515
vn -9.91088996e-07 0.499998331 0.866026342
vn 0 0.500000477 0.86602515
vn 0 0.500000477 0.86602515
vn -9.91088996e-07 0.499998331 0.866026342
vn -5.42814708e-13 0.500000536 0.86602515
vn 0 0.500000536 0.86602515
vn -9.91088996e-07 0.499998331 0.866026342
vn -1.15800468e-12 0.500000536 0.86602515
vn -9.91088996e-07 0.499998361 0.866026342
vn -5.42814708e-13 0.500000536 0.86602515
vn 0 0.500000477 0.86602515
vn 9.91086381e-07 0.500000477 0.86602515
vn -1.15800468e-12 0.500000536 0.86602515
vn -9.91088996e-07 0.499998331 0.866026342
vn 9.91086381e-07 0.500000477 0.86602515
vn 0 0.500000775 0.866024911
vn 0 0.500003278 0.86602354
vn -1.15800468e-12 0.500000536 0.86602515
vn -1.15800468e-12 0.500000536 0.86602515
vn 0 0.500003278 0.86602354
vn 0 0.500000775 0.866024911
vn -9.91088996e-07 0.499998361 0.866026342
vn 0 0.500003278 0.86602354
vn 7.68987467e-14 0.500003278 0.86602354
vn 6.78518385e-14 0.500003278 0.86602354
vn 0 0.500000775 0.866024911
vn 0 0.500000775 0.866024911
vn -2.57836992e-13 0.500003278 0.86602354
vn 7.68987467e-14 0.500003278 0.86602354
vn 0 0.500003278 0.86602354
vn -9.91088882e-07 0.499998629 0.866026223
vn 1.9450858e-13 0.500001073 0.866024792
vn 1.43051523e-07 0.500001132 0.866024792
vn 0 0.500000477 0.86602515
vn 0 0.500000477 0.86602515
vn 1.43051523e-07 0.500001132 0.866024792
vn 0 0.500000775 0.866024911
vn 9.91086381e-07 0.500000477 0.86602515
vn 1.43051523e-07 0.500001132 0.866024792
vn 1.43052148e-07 0.500003576 0.866023302
vn -2.57836992e-13 0.500003278 0.86602354
vn 0 0.500000775 0.866024911
vn 1.9450858e-13 0.500001073 0.866024792
vn 0 0.500003278 0.86602354
vn 1.43052148e-07 0.500003576 0.866023302
vn 1.43051523e-07 0.500001132 0.866024792
vn 0 0.500000417 0.86602509
vn 3.61876463e-14 0.500000477 0.86602515
vn 1.44750558e-13 0.500000417 0.86602509
vn 0 0.500000477 0.86602515
vn 0 0.500000477 0.86602515
vn 1.44750558e-13 0.500000417 0.86602509
vn 1.44750558e-13 0.500000417 0.86602509
vn 0 0.500002623 0.866023958
vn 1.44750558e-13 0.500000417 0.86602509
vn 0 0.500000477 0.86602515
vn 9.91088427e-07 0.499998689 0.866026223
vn 1.44750558e-13 0.500000417 0.86602509
vn 3.61876463e-14 0.500000477 0.86602515
vn -9.91088314e-07 0.499998599 0.866026223
vn 0 0.500000477 0.86602515
vn 1.44750558e-13 0.500000417 0.86602509
vn 0 0.500002623 0.866023958
vn 1.44750558e-13 0.500000417 0.86602509
vn 2.53313538e-13 0.499998361 0.866026342
vn 0 0.500000477 0.86602515
vn 0 0.500000477 0.86602515
vn 2.53313538e-13 0.499998361 0.866026342
vn 1.91794497e-12 0.500000417 0.86602509
vn 0 0.500002682 0.866023898
vn 2.53313538e-13 0.499998361 0.866026342
vn 0 0.500000536 0.86602515
vn -9.91088882e-07 0.499998629 0.866026223
vn 1.91794497e-12 0.500000417 0.86602509
vn 1.44750558e-13 0.500000417 0.86602509
vn 9.91088427e-07 0.499998689 0.866026223
vn 0 0.500000536 0.86602515
vn 2.53313538e-13 0.499998361 0.866026342
vn 9.91088427e-07 0.499998689 0.866026223
vn 3.16641922e-14 0.500001132 0.866024792
vn 3.16641922e-14 0.500003278 0.86602354
vn 0 0.500000536 0.86602515
vn 0 0.500000536 0.86602515
vn 3.16641922e-14 0.500003278 0.86602354
vn 1.9450858e-13 0.500001073 0.866024792
vn -9.91088882e-07 0.499998629 0.866026223
vn 3.16641922e-14 0.500003278 0.86602354
vn 0 0.500003576 0.866023302
vn 0 0.500003278 0.86602354
vn 1.9450858e-13 0.500001073 0.866024792
vn 3.16641922e-14 0.500001132 0.866024792
vn 0 0.500003278 0.86602354
vn 0 0.500003576 0.866023302
vn 3.16641922e-14 0.500003278 0.86602354
vn -9.91088314e-07 0.499998599 0.866026223
vn -4.52345579e-15 0.500001132 0.866024792
vn 3.61876463e-14 0.500001192 0.866024792
vn 0 0.500000477 0.86602515
vn 0 0.500000477 0.86602515
vn 3.61876463e-14 0.500001192 0.866024792
vn 3.16641922e-14 0.500001132 0.866024792
vn 9.91088427e-07 0.499998689 0.866026223
vn 3.61876463e-14 0.500001192 0.866024792
vn 0 0.500003576 0.866023421
vn 0 0.500003278 0.86602354
vn 3.16641922e-14 0.500001132 0.866024792
vn -4.52345579e-15 0.500001132 0.866024792
vn 0 0.500003219 0.86602354
vn 0 0.500003576 0.866023421
vn 3.61876463e-14 0.500001192 0.866024792
vn 0 0.500003219 0.86602354
vn 0 0.500002682 0.866023958
vn 0 0.500002921 0.866023719
vn 0 0.500003576 0.866023421
vn 0 0.500003576 0.866023421
vn 0 0.500002921 0.866023719
vn 0 0.500002623 0.866023958
vn 0 0.500003278 0.86602354
vn 0 0.500002921 0.866023719
vn -1.35703648e-14 0.500002563 0.866023839
vn -6.33283709e-14 0.500002921 0.8660236
vn 0 0.500002623 0.866023958
vn 0 0.500002682 0.866023958
vn 4.52345494e-15 0.499998569 0.866026103
vn -1.35703648e-14 0.500002563 0.866023839
vn 0 0.500002921 0.866023719
vn 0 0.500003278 0.86602354
vn 0 0.500002623 0.866023958
vn 0 0.500002921 0.866023719
vn 0 0.500003576 0.866023302
vn 0 0.500003576 0.866023302
vn 0 0.500002921 0.866023719
vn 0 0.500002623 0.866023958
vn 0 0.500003278 0.86602354
vn 0 0.500002921 0.866023719
vn -2.26172789e-14 0.500002682 0.866023839
vn -1.40227131e-13 0.499998629 0.866026223
vn 0 0.500002623 0.866023958
vn 0 0.500002623 0.866023958
vn -6.33283709e-14 0.500002921 0.8660236
vn -2.26172789e-14 0.500002682 0.866023839
vn 0 0.500002921 0.866023719
vn -6.33283709e-14 0.500002921 0.8660236
vn 5.88049168e-14 0.499998957 0.866025984
vn 1.98217663e-06 0.499998569 0.866026103
vn -2.26172789e-14 0.500002682 0.866023839
vn -2.26172789e-14 0.500002682 0.866023839
vn 1.98217663e-06 0.499998569 0.866026103
vn -2.17125878e-13 0.499998927 0.866025984
vn -1.40227131e-13 0.499998629 0.866026223
vn 1.98217663e-06 0.499998569 0.866026103
vn 0 0.499996513 0.866027415
vn -9.91084789e-07 0.500002623 0.866023958
vn -2.17125878e-13 0.499998927 0.866025984
vn 5.88049168e-14 0.499998957 0.866025984
vn 0 0.499998361 0.866026342
vn 0 0.499996513 0.866027415
vn 1.98217663e-06 0.499998569 0.866026103
vn 4.52345494e-15 0.499998569 0.866026103
vn 7.23752926e-14 0.499998927 0.866025984
vn -1.98217685e-06 0.499998719 0.866026223
vn -1.35703648e-14 0.500002563 0.866023839
vn -1.35703648e-14 0.500002563 0.866023839
vn -1.98217685e-06 0.499998719 0.866026223
vn 5.88049168e-14 0.499998957 0.866025984
vn -6.33283709e-14 0.500002921 0.8660236
vn -1.98217685e-06 0.499998719 0.866026223
vn 0 0.499996513 0.866027415
vn 0 0.499998361 0.866026342
vn 5.88049168e-14 0.499998957 0.866025984
vn 7.23752926e-14 0.499998927 0.866025984
vn 9.91085813e-07 0.500002682 0.866023958
vn 0 0.499996513 0.866027415
vn -1.98217685e-06 0.499998719 0.866026223
vn 0 0.500003278 0.86602354
vn 0 0.500002623 0.866023958
vn 1.43052048e-07 0.50000298 0.866023719
vn 1.43052148e-07 0.500003576 0.866023302
vn 1.43052148e-07 0.500003576 0.866023302
vn 1.43052048e-07 0.50000298 0.866023719
vn 1.43052105e-07 0.500002921 0.866023719
vn -2.57836992e-13 0.500003278 0.86602354
vn 1.43052048e-07 0.50000298 0.866023719
vn 0 0.500002682 0.866023958
vn 1.58320947e-13 0.500003278 0.86602354
vn 1.43052105e-07 0.500002921 0.866023719
vn 0 0.500002623 0.866023958
vn -1.40227131e-13 0.499998629 0.866026223
vn 0 0.500002682 0.866023958
vn 1.43052048e-07 0.50000298 0.866023719
vn -2.57836992e-13 0.500003278 0.86602354
vn 1.43052105e-07 0.500002921 0.866023719
vn 0 0.500002921 0.866023719
vn 7.68987467e-14 0.500003278 0.86602354
vn 7.68987467e-14 0.500003278 0.86602354
vn 0 0.500002921 0.866023719
vn -1.43051977e-07 0.500002921 0.866023719
vn 6.78518385e-14 0.500003278 0.86602354
vn 0 0.500002921 0.866023719
vn 1.67367842e-13 0.500002921 0.866023719
vn 7.23752858e-14 0.499998927 0.866025984
vn -1.43051977e-07 0.500002921 0.866023719
vn 1.43052105e-07 0.500002921 0.866023719
vn 1.58320947e-13 0.500003278 0.86602354
vn 1.67367842e-13 0.500002921 0.866023719
vn 0 0.500002921 0.866023719
vn 1.58320947e-13 0.500003278 0.86602354
vn -1.5379748e-13 0.499998927 0.866025984
vn 1.98217458e-06 0.500000775 0.866025031
vn 1.67367842e-13 0.500002921 0.866023719
vn 1.67367842e-13 0.500002921 0.866023719
vn 1.98217458e-06 0.500000775 0.866025031
vn 1.08562942e-12 0.499998927 0.866025984
vn 7.23752858e-14 0.499998927 0.866025984
vn 1.98217458e-06 0.500000775 0.866025031
vn 1.12181705e-12 0.499996543 0.866027415
vn 9.9108604e-07 0.500002682 0.866023839
vn 1.08562942e-12 0.499998927 0.866025984
vn -1.5379748e-13 0.499998927 0.866025984
vn 1.15800468e-12 0.499998331 0.866026461
vn 1.12181705e-12 0.499996543 0.866027415
vn 1.98217458e-06 0.500000775 0.866025031
vn -1.40227131e-13 0.499998629 0.866026223
vn -2.17125878e-13 0.499998927 0.866025984
vn -1.98217413e-06 0.500000834 0.866025031
vn 0 0.500002682 0.866023958
vn 0 0.500002682 0.866023958
vn -1.98217413e-06 0.500000834 0.866025031
vn -1.5379748e-13 0.499998927 0.866025984
vn 1.58320947e-13 0.500003278 0.86602354
vn -1.98217413e-06 0.500000834 0.866025031
vn 5.06627075e-13 0.499996543 0.866027415
vn 1.15800468e-12 0.499998331 0.866026461
vn -1.5379748e-13 0.499998927 0.866025984
vn -2.17125878e-13 0.499998927 0.866025984
vn -9.91084789e-07 0.500002623 0.866023958
vn 5.06627075e-13 0.499996543 0.866027415
vn -1.98217413e-06 0.500000834 0.866025031
vn -9.91084789e-07 0.500002623 0.866023958
vn 1.91794519e-12 0.499998331 0.866026461
vn 0 0.499998331 0.866026461
vn 5.06627075e-13 0.499996543 0.866027415
vn 5.06627075e-13 0.499996543 0.866027415
vn 0 0.499998331 0.866026461
vn -1.12181705e-12 0.499998331 0.866026461
vn 1.15800468e-12 0.499998331 0.866026461
vn 0 0.499998331 0.866026461
vn 2.17125878e-13 0.500002623 0.866023958
vn 1.15800446e-12 0.500000417 0.86602509
vn -1.12181705e-12 0.499998331 0.866026461
vn 1.91794519e-12 0.499998331 0.866026461
vn 8.68503349e-13 0.500000417 0.86602509
vn 2.17125878e-13 0.500002623 0.866023958
vn 0 0.499998331 0.866026461
vn 1.15800468e-12 0.499998331 0.866026461
vn -1.12181705e-12 0.499998331 0.866026461
vn -1.15800468e-12 0.499998331 0.866026461
vn 1.12181705e-12 0.499996543 0.866027415
vn 1.12181705e-12 0.499996543 0.866027415
vn -1.15800468e-12 0.499998331 0.866026461
vn -5.42814708e-13 0.500000536 0.86602515
vn 9.9108604e-07 0.500002682 0.866023839
vn -1.15800468e-12 0.499998331 0.866026461
vn -9.91085017e-07 0.500002623 0.866023958
vn 0 0.500000536 0.86602515
vn -5.42814708e-13 0.500000536 0.86602515
vn -1.12181705e-12 0.499998331 0.866026461
vn 1.15800446e-12 0.500000417 0.86602509
vn -9.91085017e-07 0.500002623 0.866023958
vn -1.15800468e-12 0.499998331 0.866026461
vn 1.15800446e-12 0.500000417 0.86602509
vn 0 0.500002623 0.866023898
vn 0 0.500000477 0.86602515
vn -9.91085017e-07 0.500002623 0.866023958
vn -9.91085017e-07 0.500002623 0.866023958
vn 0 0.500000477 0.86602515
vn 0 0.500000477 0.86602515
vn 0 0.500000536 0.86602515
vn 0 0.500000477 0.86602515
vn 0 0.500001132 0.866024792
vn 0 0.500000536 0.86602515
vn 0 0.500000477 0.86602515
vn 0 0.500002623 0.866023898
vn 0 0.500000536 0.86602509
vn 0 0.500001132 0.866024792
vn 0 0.500000477 0.86602515
vn 8.68503349e-13 0.500000417 0.86602509
vn 0 0.500002682 0.866023839
vn 0 0.500000477 0.86602515
vn 2.17125878e-13 0.500002623 0.866023958
vn 2.17125878e-13 0.500002623 0.866023958
vn 0 0.500000477 0.86602515
vn 0 0.500002623 0.866023898
vn 1.15800446e-12 0.500000417 0.86602509
vn 0 0.500000477 0.86602515
vn 0 0.500001132 0.866024792
vn 0 0.500000536 0.86602509
vn 0 0.500002623 0.866023898
vn 0 0.500002682 0.866023839
vn 0 0.500000477 0.86602515
vn 0 0.500001132 0.866024792
vn 0 0.500000477 0.86602515
vn 9.91085813e-07 0.500002682 0.866023958
vn -3.61876429e-14 0.499998331 0.866026342
vn 0 0.500000536 0.86602515
vn 0 0.499996513 0.866027415
vn 0 0.499996513 0.866027415
vn 0 0.500000536 0.86602515
vn -4.34251756e-13 0.499998361 0.866026342
vn 0 0.499998361 0.866026342
vn 0 0.500000536 0.86602515
vn -2.53313538e-13 0.500002682 0.866023958
vn -5.06626967e-13 0.500000417 0.86602509
vn -4.34251756e-13 0.499998361 0.866026342
vn -3.61876429e-14 0.499998331 0.866026342
vn 3.61876463e-14 0.500000536 0.86602509
vn -2.53313538e-13 0.500002682 0.866023958
vn 0 0.500000536 0.86602515
vn 0 0.499998361 0.866026342
vn -4.34251756e-13 0.499998361 0.866026342
vn 1.08562939e-13 0.500000536 0.86602515
vn 0 0.499996513 0.866027415
vn 0 0.499996513 0.866027415
vn 1.08562939e-13 0.500000536 0.86602515
vn 1.91794519e-12 0.499998331 0.866026461
vn -9.91084789e-07 0.500002623 0.866023958
vn 1.08562939e-13 0.500000536 0.86602515
vn 0 0.500002623 0.866023958
vn 8.68503349e-13 0.500000417 0.86602509
vn 1.91794519e-12 0.499998331 0.866026461
vn -4.34251756e-13 0.499998361 0.866026342
vn -5.06626967e-13 0.500000417 0.86602509
vn 0 0.500002623 0.866023958
vn 1.08562939e-13 0.500000536 0.86602515
vn -5.06626967e-13 0.500000417 0.86602509
vn 0 0.500002682 0.866023958
vn 0 0.500000477 0.86602515
vn 0 0.500002623 0.866023958
vn 0 0.500002623 0.866023958
vn 0 0.500000477 0.86602515
vn 0 0.500002682 0.866023839
vn 8.68503349e-13 0.500000417 0.86602509
vn 0 0.500000477 0.86602515
vn 0 0.500001132 0.866024792
vn 0 0.500000477 0.86602515
vn 0 0.500002682 0.866023839
vn 0 0.500002682 0.866023958
vn 0 0.500000417 0.86602509
vn 0 0.500001132 0.866024792
vn 0 0.500000477 0.86602515
vn 3.61876463e-14 0.500000536 0.86602509
vn 0 0.500002682 0.866023958
vn 0 0.500000536 0.86602515
vn -2.53313538e-13 0.500002682 0.866023958
vn -2.53313538e-13 0.500002682 0.866023958
vn 0 0.500000536 0.86602515
vn 0 0.500002682 0.866023958
vn -5.06626967e-13 0.500000417 0.86602509
vn 0 0.500000536 0.86602515
vn 0 0.500001132 0.866024792
vn 0 0.500000417 0.86602509
vn 0 0.500002682 0.866023958
vn 0 0.500002682 0.866023958
vn 0 0.500000477 0.86602515
vn 0 0.500001132 0.866024792
vn 0 0.500000536 0.86602515
vn -6.33283844e-14 0.500003278 0.86602354
vn -1.43052048e-07 0.500002921 0.866023719
vn -1.43052048e-07 0.50000298 0.866023719
vn -1.43052219e-07 0.500003576 0.866023362
vn -1.43052219e-07 0.500003576 0.866023362
vn -1.43052048e-07 0.50000298 0.866023719
vn 0 0.500002623 0.866023958
vn 0 0.500003278 0.86602354
vn -1.43052048e-07 0.50000298 0.866023719
vn -1.71891323e-13 0.500002682 0.866023958
vn -4.02587577e-13 0.50000298 0.866023719
vn 0 0.500002623 0.866023958
vn -1.43052048e-07 0.500002921 0.866023719
vn -7.68987399e-14 0.499998957 0.866025984
vn -1.71891323e-13 0.500002682 0.866023958
vn -1.43052048e-07 0.50000298 0.866023719
vn 0 0.500003278 0.86602354
vn 0 0.500002623 0.866023958
vn 0 0.500002921 0.866023719
vn 0 0.500003576 0.866023362
vn 0 0.500003576 0.866023362
vn 0 0.500002921 0.866023719
vn 0 0.500002623 0.866023839
vn 0 0.500003278 0.86602354
vn 0 0.500002921 0.866023719
vn -5.88049235e-14 0.500002682 0.866023958
vn 4.52345579e-15 0.499998629 0.866026223
vn 0 0.500002623 0.866023839
vn 0 0.500002623 0.866023958
vn -4.02587577e-13 0.50000298 0.866023719
vn -5.88049235e-14 0.500002682 0.866023958
vn 0 0.500002921 0.866023719
vn -4.02587577e-13 0.50000298 0.866023719
vn -1.35703677e-13 0.499998987 0.866025984
vn 1.98217731e-06 0.499998629 0.866026223
vn -5.88049235e-14 0.500002682 0.866023958
vn -5.88049235e-14 0.500002682 0.866023958
vn 1.98217731e-06 0.499998629 0.866026223
vn 2.1712584e-12 0.499998897 0.866025984
vn 4.52345579e-15 0.499998629 0.866026223
vn 1.98217731e-06 0.499998629 0.866026223
vn 0 0.499996513 0.866027415
vn -9.91085244e-07 0.500002623 0.866023839
vn 2.1712584e-12 0.499998897 0.866025984
vn -1.35703677e-13 0.499998987 0.866025984
vn 0 0.499998391 0.866026402
vn 0 0.499996513 0.866027415
vn 1.98217731e-06 0.499998629 0.866026223
vn -7.68987399e-14 0.499998957 0.866025984
vn -1.08562942e-12 0.499998927 0.866025984
vn -1.98217731e-06 0.499998689 0.866026223
vn -1.71891323e-13 0.500002682 0.866023958
vn -1.71891323e-13 0.500002682 0.866023958
vn -1.98217731e-06 0.499998689 0.866026223
vn -1.35703677e-13 0.499998987 0.866025984
vn -4.02587577e-13 0.50000298 0.866023719
vn -1.98217731e-06 0.499998689 0.866026223
vn 0 0.499996513 0.866027415
vn 0 0.499998391 0.866026402
vn -1.35703677e-13 0.499998987 0.866025984
vn -1.08562942e-12 0.499998927 0.866025984
vn 9.91085585e-07 0.500002682 0.866023958
vn 0 0.499996513 0.866027415
vn -1.98217731e-06 0.499998689 0.866026223
vn 0 0.500003278 0.86602354
vn 0 0.500002623 0.866023839
vn 0 0.500002921 0.866023719
vn 0 0.500003576 0.866023421
vn 0 0.500003576 0.866023421
vn 0 0.500002921 0.866023719
vn 0 0.500002623 0.866023839
vn 0 0.500003278 0.86602354
vn 0 0.500002921 0.866023719
vn -2.26172789e-14 0.500002682 0.866023839
vn -1.44750572e-13 0.500002921 0.866023719
vn 0 0.500002623 0.866023839
vn 0 0.500002623 0.866023839
vn 4.52345579e-15 0.499998629 0.866026223
vn -2.26172789e-14 0.500002682 0.866023839
vn 0 0.500002921 0.866023719
vn 0 0.500003278 0.86602354
vn 0 0.500002623 0.866023839
vn 0 0.500002921 0.866023719
vn 0 0.500003576 0.866023421
vn 0 0.500003576 0.866023421
vn 0 0.500002921 0.866023719
vn 0 0.500002682 0.866023958
vn 0 0.500003219 0.86602354
vn 0 0.500002921 0.866023719
vn -1.35703648e-14 0.500002563 0.866023839
vn 4.52345494e-15 0.499998569 0.866026103
vn 0 0.500002682 0.866023958
vn 0 0.500002623 0.866023839
vn -1.44750572e-13 0.500002921 0.866023719
vn -1.35703648e-14 0.500002563 0.866023839
vn 0 0.500002921 0.866023719
vn -1.44750572e-13 0.500002921 0.866023719
vn -4.52345579e-14 0.499998987 0.866025984
vn 1.98217344e-06 0.500000715 0.866024911
vn -1.35703648e-14 0.500002563 0.866023839
vn -1.35703648e-14 0.500002563 0.866023839
vn 1.98217344e-06 0.500000715 0.866024911
vn 7.23752926e-14 0.499998927 0.866025984
vn 4.52345494e-15 0.499998569 0.866026103
vn 1.98217344e-06 0.500000715 0.866024911
vn -1.44750585e-13 0.499996543 0.866027415
vn 9.91085813e-07 0.500002682 0.866023958
vn 7.23752926e-14 0.499998927 0.866025984
vn -4.52345579e-14 0.499998987 0.866025984
vn -1.04944178e-12 0.499998331 0.866026342
vn -1.44750585e-13 0.499996543 0.866027415
vn 1.98217344e-06 0.500000715 0.866024911
vn 4.52345579e-15 0.499998629 0.866026223
vn 2.1712584e-12 0.499998897 0.866025984
vn -1.98217344e-06 0.500000834 0.866025031
vn -2.26172789e-14 0.500002682 0.866023839
vn -2.26172789e-14 0.500002682 0.866023839
vn -1.98217344e-06 0.500000834 0.866025031
vn -4.52345579e-14 0.499998987 0.866025984
vn -1.44750572e-13 0.500002921 0.866023719
vn -1.98217344e-06 0.500000834 0.866025031
vn 0 0.499996543 0.866027415
vn -1.04944178e-12 0.499998331 0.866026342
vn -4.52345579e-14 0.499998987 0.866025984
vn 2.1712584e-12 0.499998897 0.866025984
vn -9.91085244e-07 0.500002623 0.866023839
vn 0 0.499996543 0.866027415
vn -1.98217344e-06 0.500000834 0.866025031
vn -9.91085244e-07 0.500002623 0.866023839
vn 9.40878777e-13 0.499998331 0.866026461
vn 0 0.499998331 0.866026461
vn 0 0.499996543 0.866027415
vn 0 0.499996543 0.866027415
vn 0 0.499998331 0.866026461
vn -1.15800468e-12 0.499998331 0.866026461
vn -1.04944178e-12 0.499998331 0.866026342
vn 0 0.499998331 0.866026461
vn 0 0.500002682 0.866023839
vn -1.04944178e-12 0.500000477 0.86602515
vn -1.15800468e-12 0.499998331 0.866026461
vn 9.40878777e-13 0.499998331 0.866026461
vn 1.55606875e-12 0.500000536 0.86602515
vn 0 0.500002682 0.866023839
vn 0 0.499998331 0.866026461
vn -1.04944178e-12 0.499998331 0.866026342
vn -1.15800468e-12 0.499998331 0.866026461
vn -1.44750572e-13 0.499998361 0.866026342
vn -1.44750585e-13 0.499996543 0.866027415
vn -1.44750585e-13 0.499996543 0.866027415
vn -1.44750572e-13 0.499998361 0.866026342
vn -3.61876429e-14 0.499998331 0.866026342
vn 9.91085813e-07 0.500002682 0.866023958
vn -1.44750572e-13 0.499998361 0.866026342
vn 0 0.500002623 0.866023958
vn 3.61876463e-14 0.500000536 0.86602509
vn -3.61876429e-14 0.499998331 0.866026342
vn -1.15800468e-12 0.499998331 0.866026461
vn -1.04944178e-12 0.500000477 0.86602515
vn 0 0.500002623 0.866023958
vn -1.44750572e-13 0.499998361 0.866026342
vn -1.04944178e-12 0.500000477 0.86602515
vn 0 0.500002623 0.866023958
vn 0 0.500000477 0.86602515
vn 0 0.500002623 0.866023958
vn 0 0.500002623 0.866023958
vn 0 0.500000477 0.86602515
vn 0 0.500002682 0.866023958
vn 3.61876463e-14 0.500000536 0.86602509
vn 0 0.500000477 0.86602515
vn 0 0.500001132 0.866024792
vn 0 0.500000477 0.86602515
vn 0 0.500002682 0.866023958
vn 0 0.500002623 0.866023958
vn 0 0.500000477 0.86602515
vn 0 0.500001132 0.866024792
vn 0 0.500000477 0.86602515
vn 1.55606875e-12 0.500000536 0.86602515
vn 0 0.500002623 0.866023839
vn 0 0.500000477 0.86602515
vn 0 0.500002682 0.866023839
vn 0 0.500002682 0.866023839
vn 0 0.500000477 0.86602515
vn 0 0.500002623 0.866023958
vn -1.04944178e-12 0.500000477 0.86602515
vn 0 0.500000477 0.86602515
vn 0 0.500001132 0.866024792
vn 0 0.500000477 0.86602515
vn 0 0.500002623 0.866023958
vn 0 0.500002623 0.866023839
vn 0 0.500000536 0.86602515
vn 0 0.500001132 0.866024792
vn 0 0.500000477 0.86602515
vn 9.91085585e-07 0.500002682 0.866023958
vn 5.06627075e-13 0.500000536 0.86602515
vn 5.42814708e-13 0.500000536 0.86602515
vn 0 0.499996513 0.866027415
vn 0 0.499996513 0.866027415
vn 5.42814708e-13 0.500000536 0.86602515
vn -7.961283e-13 0.49999842 0.866026402
vn 0 0.499998391 0.866026402
vn 5.42814708e-13 0.500000536 0.86602515
vn 9.91085017e-07 0.500002623 0.866023958
vn -2.89501105e-12 0.500000417 0.86602509
vn -7.961283e-13 0.49999842 0.866026402
vn 5.06627075e-13 0.500000536 0.86602515
vn 0 0.500000477 0.86602515
vn 9.91085017e-07 0.500002623 0.866023958
vn 5.42814708e-13 0.500000536 0.86602515
vn 0 0.499998391 0.866026402
vn -7.961283e-13 0.49999842 0.866026402
vn -2.53313538e-13 0.500000536 0.86602509
vn 0 0.499996513 0.866027415
vn 0 0.499996513 0.866027415
vn -2.53313538e-13 0.500000536 0.86602509
vn 9.40878777e-13 0.499998331 0.866026461
vn -9.91085244e-07 0.500002623 0.866023839
vn -2.53313538e-13 0.500000536 0.86602509
vn 0 0.500002623 0.866023958
vn 1.55606875e-12 0.500000536 0.86602515
vn 9.40878777e-13 0.499998331 0.866026461
vn -7.961283e-13 0.49999842 0.866026402
vn -2.89501105e-12 0.500000417 0.86602509
vn 0 0.500002623 0.866023958
vn -2.53313538e-13 0.500000536 0.86602509
vn -2.89501105e-12 0.500000417 0.86602509
vn 0 0.500002682 0.866023839
vn 0 0.500000477 0.86602515
vn 0 0.500002623 0.866023958
vn 0 0.500002623 0.866023958
vn 0 0.500000477 0.86602515
vn 0 0.500002623 0.866023839
vn 1.55606875e-12 0.500000536 0.86602515
vn 0 0.500000477 0.86602515
vn 0 0.500001132 0.866024792
vn 0 0.500000536 0.86602515
vn 0 0.500002623 0.866023839
vn 0 0.500002682 0.866023839
vn 0 0.500000536 0.86602515
vn 0 0.500001132 0.866024792
vn 0 0.500000477 0.86602515
vn 0 0.500000477 0.86602515
vn 0 0.500000477 0.86602515
vn 0 0.500000477 0.86602515
vn 9.91085017e-07 0.500002623 0.866023958
vn 9.91085017e-07 0.500002623 0.866023958
vn 0 0.500000477 0.86602515
vn 0 0.500002682 0.866023839
vn -2.89501105e-12 0.500000417 0.86602509
vn 0 0.500000477 0.86602515
vn 0 0.500001132 0.866024792
vn 0 0.500000536 0.86602515
vn 0 0.500002682 0.866023839
vn 0 0.500000477 0.86602515
vn 0 0.500000477 0.86602515
vn 0 0.500001132 0.866024792
vn 0 0.500000477 0.86602515
vn 0 0.500000775 0.866024911
vn 0 0.500003278 0.86602354
vn 0 0.499998629 0.866026223
vn 0 0.500000775 0.866024911
vn 0 0.500000775 0.866024911
vn 0 0.499998629 0.866026223
vn 0 0.499998927 0.866025984
vn 0 0.500000775 0.866024911
vn 0 0.499998629 0.866026223
vn 1.9821764e-06 0.499998689 0.866026223
vn -9.91088655e-07 0.499998719 0.866026223
vn 0 0.499998927 0.866025984
vn 0 0.500003278 0.86602354
vn 9.91085926e-07 0.500000834 0.866024911
vn 1.9821764e-06 0.499998689 0.866026223
vn 0 0.499998629 0.866026223
vn 0 0.500000775 0.866024911
vn 0 0.499998927 0.866025984
vn 0 0.500000834 0.866025031
vn 0 0.500000775 0.866024911
vn 0 0.500000775 0.866024911
vn 0 0.500000834 0.866025031
vn 0 0.500003338 0.86602354
vn 0 0.500000775 0.866024911
vn 0 0.500000834 0.866025031
vn -1.98217617e-06 0.499998689 0.866026223
vn -9.91087404e-07 0.499998629 0.866026223
vn 0 0.500003338 0.86602354
vn 0 0.499998927 0.866025984
vn -9.91088655e-07 0.499998719 0.866026223
vn -1.98217617e-06 0.499998689 0.866026223
vn 0 0.500000834 0.866025031
vn -9.91088655e-07 0.499998719 0.866026223
vn 0 0.500002623 0.866023839
vn 0 0.500000775 0.866025031
vn -1.98217617e-06 0.499998689 0.866026223
vn -1.98217617e-06 0.499998689 0.866026223
vn 0 0.500000775 0.866025031
vn 0 0.499998331 0.866026461
vn -9.91087404e-07 0.499998629 0.866026223
vn 0 0.500000775 0.866025031
vn 0 0.500000477 0.86602515
vn 0 0.500002623 0.866023958
vn 0 0.499998331 0.866026461
vn 0 0.500002623 0.866023839
vn 0 0.500002623 0.866023958
vn 0 0.500000477 0.86602515
vn 0 0.500000775 0.866025031
vn 9.91085926e-07 0.500000834 0.866024911
vn -6.15189974e-13 0.499998361 0.866026342
vn 9.91085358e-07 0.50000298 0.866023719
vn 1.9821764e-06 0.499998689 0.866026223
vn 1.9821764e-06 0.499998689 0.866026223
vn 9.91085358e-07 0.50000298 0.866023719
vn 0 0.500002623 0.866023839
vn -9.91088655e-07 0.499998719 0.866026223
vn 9.91085358e-07 0.50000298 0.866023719
vn 0 0.500000477 0.86602515
vn 0 0.500002623 0.866023958
vn 0 0.500002623 0.866023839
vn -6.15189974e-13 0.499998361 0.866026342
vn 0 0.500000536 0.86602515
vn 0 0.500000477 0.86602515
vn 9.91085358e-07 0.50000298 0.866023719
vn 0 0.500000775 0.866024911
vn 0 0.500003338 0.86602354
vn 0 0.500002921 0.866023719
vn 0 0.500000775 0.866024911
vn 0 0.500000775 0.866024911
vn 0 0.500002921 0.866023719
vn 0 0.500003278 0.86602354
vn 0 0.500000834 0.866024911
vn 0 0.500002921 0.866023719
vn 0 0.499998629 0.866026223
vn 9.91089678e-07 0.500000834 0.866024911
vn 0 0.500003278 0.86602354
vn 0 0.500003338 0.86602354
vn -9.91087404e-07 0.499998629 0.866026223
vn 0 0.499998629 0.866026223
vn 0 0.500002921 0.866023719
vn 0 0.500000834 0.866024911
vn 0 0.500003278 0.86602354
vn -9.91086154e-07 0.500000834 0.866025031
vn -9.91086154e-07 0.500000834 0.866024911
vn -9.91086154e-07 0.500000834 0.866024911
vn -9.91086154e-07 0.500000834 0.866025031
vn -9.91085926e-07 0.500001132 0.866024792
vn -1.98217231e-06 0.500000834 0.866024911
vn -9.91086154e-07 0.500000834 0.866025031
vn 2.46076011e-12 0.499998689 0.866026223
vn -1.98217208e-06 0.500000715 0.866024911
vn -9.91085926e-07 0.500001132 0.866024792
vn 0 0.500003278 0.86602354
vn 9.91089678e-07 0.500000834 0.866024911
vn 2.46076011e-12 0.499998689 0.866026223
vn -9.91086154e-07 0.500000834 0.866025031
vn 9.91089678e-07 0.500000834 0.866024911
vn -4.63201829e-12 0.499998331 0.866026342
vn -9.91085244e-07 0.500000834 0.866025031
vn 2.46076011e-12 0.499998689 0.866026223
vn 2.46076011e-12 0.499998689 0.866026223
vn -9.91085244e-07 0.500000834 0.866025031
vn -1.98217549e-06 0.499998331 0.866026461
vn -1.98217208e-06 0.500000715 0.866024911
vn -9.91085244e-07 0.500000834 0.866025031
vn 0 0.500000477 0.86602515
vn 0 0.499998331 0.866026461
vn -1.98217549e-06 0.499998331 0.866026461
vn -4.63201829e-12 0.499998331 0.866026342
vn 0 0.500000477 0.86602515
vn 0 0.500000477 0.86602515
vn -9.91085244e-07 0.500000834 0.866025031
vn -9.91087404e-07 0.499998629 0.866026223
vn 0 0.499998331 0.866026461
vn -9.91089792e-07 0.499998629 0.866026223
vn 0 0.499998629 0.866026223
vn 0 0.499998629 0.866026223
vn -9.91089792e-07 0.499998629 0.866026223
vn -4.63201829e-12 0.499998331 0.866026342
vn 9.91089678e-07 0.500000834 0.866024911
vn -9.91089792e-07 0.499998629 0.866026223
vn 0 0.500000477 0.86602515
vn 0 0.500000477 0.86602515
vn -4.63201829e-12 0.499998331 0.866026342
vn 0 0.499998331 0.866026461
vn 0 0.500002623 0.866023958
vn 0 0.500000477 0.86602515
vn -9.91089792e-07 0.499998629 0.866026223
vn 0 0.500002623 0.866023958
vn 1.15800468e-12 0.500000536 0.86602515
vn 0 0.500000536 0.86602515
vn 0 0.500000477 0.86602515
vn 0 0.500000477 0.86602515
vn 0 0.500000536 0.86602515
vn 1.04944178e-12 0.500000477 0.86602515
vn 0 0.500000477 0.86602515
vn 0 0.500000536 0.86602515
vn 0 0.500000477 0.86602515
vn -9.91090701e-07 0.499998719 0.866026163
vn 1.04944178e-12 0.500000477 0.86602515
vn 1.15800468e-12 0.500000536 0.86602515
vn -9.91087518e-07 0.499998629 0.866026223
vn 0 0.500000477 0.86602515
vn 0 0.500000536 0.86602515
vn 0 0.500000477 0.86602515
vn 1.04944178e-12 0.500000477 0.86602515
vn 2.1350712e-12 0.500002682 0.866023958
vn 0 0.500000477 0.86602515
vn 0 0.500000477 0.86602515
vn 2.1350712e-12 0.500002682 0.866023958
vn -9.91085017e-07 0.500002682 0.866023958
vn 0 0.499998331 0.866026461
vn 2.1350712e-12 0.500002682 0.866023958
vn -9.91087177e-07 0.500002682 0.866023958
vn 0 0.500000775 0.866025031
vn -9.91085017e-07 0.500002682 0.866023958
vn 1.04944178e-12 0.500000477 0.86602515
vn -9.91090701e-07 0.499998719 0.866026163
vn -9.91087177e-07 0.500002682 0.866023958
vn 2.1350712e-12 0.500002682 0.866023958
vn -9.91090701e-07 0.499998719 0.866026163
vn -9.91085926e-07 0.500001132 0.866024792
vn -9.91086836e-07 0.500001132 0.866024792
vn -9.91087177e-07 0.500002682 0.866023958
vn -9.91087177e-07 0.500002682 0.866023958
vn -9.91086836e-07 0.500001132 0.866024792
vn -4.52345536e-15 0.499998957 0.866025984
vn 0 0.500000775 0.866025031
vn -9.91086836e-07 0.500001132 0.866024792
vn -2.2436341e-12 0.500001431 0.866024613
vn 9.91085926e-07 0.500001132 0.866024792
vn -4.52345536e-15 0.499998957 0.866025984
vn -9.91085926e-07 0.500001132 0.866024792
vn -9.91087859e-07 0.500003338 0.86602354
vn -2.2436341e-12 0.500001431 0.866024613
vn -9.91086836e-07 0.500001132 0.866024792
vn -9.91087518e-07 0.499998629 0.866026223
vn 1.58320947e-13 0.500001132 0.866024792
vn -1.62844402e-13 0.500001132 0.866024792
vn 0 0.500000477 0.86602515
vn 0 0.500000477 0.86602515
vn -1.62844402e-13 0.500001132 0.866024792
vn -9.91085926e-07 0.500001132 0.866024792
vn -9.91090701e-07 0.499998719 0.866026163
vn -1.62844402e-13 0.500001132 0.866024792
vn 0 0.500003576 0.866023362
vn -9.91087859e-07 0.500003338 0.86602354
vn -9.91085926e-07 0.500001132 0.866024792
vn 1.58320947e-13 0.500001132 0.866024792
vn 0 0.500003338 0.86602354
vn 0 0.500003576 0.866023362
vn -1.62844402e-13 0.500001132 0.866024792
vn 0 0.500000536 0.86602515
vn -5.42814708e-13 0.500000536 0.86602515
vn 0 0.500000536 0.86602509
vn 0 0.500000477 0.86602515
vn 0 0.500000477 0.86602515
vn 0 0.500000536 0.86602509
vn 5.06627075e-13 0.500000536 0.86602515
vn 0 0.500002623 0.866023958
vn 0 0.500000536 0.86602509
vn 0 0.500000477 0.86602515
vn 9.91088768e-07 0.499998689 0.866026223
vn 5.06627075e-13 0.500000536 0.86602515
vn -5.42814708e-13 0.500000536 0.86602515
vn -9.91088996e-07 0.499998361 0.866026342
vn 0 0.500000477 0.86602515
vn 0 0.500000536 0.86602509
vn 0 0.500002623 0.866023958
vn 5.06627075e-13 0.500000536 0.86602515
vn 1.15800468e-12 0.499998361 0.866026342
vn 0 0.500000477 0.86602515
vn 0 0.500000477 0.86602515
vn 1.15800468e-12 0.499998361 0.866026342
vn 1.15800468e-12 0.500000536 0.86602515
vn 0 0.500002623 0.866023958
vn 1.15800468e-12 0.499998361 0.866026342
vn 1.15800468e-12 0.500000536 0.86602515
vn -9.91087518e-07 0.499998629 0.866026223
vn 1.15800468e-12 0.500000536 0.86602515
vn 5.06627075e-13 0.500000536 0.86602515
vn 9.91088768e-07 0.499998689 0.866026223
vn 1.15800468e-12 0.500000536 0.86602515
vn 1.15800468e-12 0.499998361 0.866026342
vn 9.91088768e-07 0.499998689 0.866026223
vn 7.68987467e-14 0.500001132 0.866024792
vn 1.58320947e-13 0.500003278 0.86602354
vn 1.15800468e-12 0.500000536 0.86602515
vn 1.15800468e-12 0.500000536 0.86602515
vn 1.58320947e-13 0.500003278 0.86602354
vn 1.58320947e-13 0.500001132 0.866024792
vn -9.91087518e-07 0.499998629 0.866026223
vn 1.58320947e-13 0.500003278 0.86602354
vn 0 0.500003576 0.866023421
vn 0 0.500003338 0.86602354
vn 1.58320947e-13 0.500001132 0.866024792
vn 7.68987467e-14 0.500001132 0.866024792
vn 0 0.500003278 0.86602354
vn 0 0.500003576 0.866023421
vn 1.58320947e-13 0.500003278 0.86602354
vn -9.91088996e-07 0.499998361 0.866026342
vn 0 0.500000775 0.866024911
vn -1.43051466e-07 0.500001192 0.866024792
vn 0 0.500000477 0.86602515
vn 0 0.500000477 0.86602515
vn -1.43051466e-07 0.500001192 0.866024792
vn 7.68987467e-14 0.500001132 0.866024792
vn 9.91088768e-07 0.499998689 0.866026223
vn -1.43051466e-07 0.500001192 0.866024792
vn -1.43052148e-07 0.500003576 0.866023362
vn 0 0.500003278 0.86602354
vn 7.68987467e-14 0.500001132 0.866024792
vn 0 0.500000775 0.866024911
vn 6.78518385e-14 0.500003278 0.86602354
vn -1.43052148e-07 0.500003576 0.866023362
vn -1.43051466e-07 0.500001192 0.866024792
vn -1.98217231e-06 0.500000834 0.866024911
vn -9.91085926e-07 0.500001132 0.866024792
vn -9.9108729e-07 0.500000834 0.866025031
vn -9.91084789e-07 0.50000298 0.866023719
vn -9.91084789e-07 0.50000298 0.866023719
vn -9.9108729e-07 0.500000834 0.866025031
vn -3.61876463e-14 0.499998927 0.866025984
vn 0 0.50000298 0.866023719
vn -9.9108729e-07 0.500000834 0.866025031
vn 9.40878777e-13 0.500000775 0.866024911
vn 9.91088086e-07 0.499998689 0.866026223
vn -3.61876463e-14 0.499998927 0.866025984
vn -9.91085926e-07 0.500001132 0.866024792
vn -1.98217208e-06 0.500000715 0.866024911
vn 9.40878777e-13 0.500000775 0.866024911
vn -9.9108729e-07 0.500000834 0.866025031
vn 0 0.50000298 0.866023719
vn -3.61876463e-14 0.499998927 0.866025984
vn 9.91088768e-07 0.499998689 0.866026223
vn 0 0.500000775 0.866025031
vn 0 0.500000775 0.866025031
vn 9.91088768e-07 0.499998689 0.866026223
vn 0 0.499998927 0.866025984
vn 0 0.500000775 0.866025031
vn 9.91088768e-07 0.499998689 0.866026223
vn 1.67367869e-13 0.500000775 0.866024911
vn -9.9108604e-07 0.500000715 0.866024911
vn 0 0.499998927 0.866025984
vn -3.61876463e-14 0.499998927 0.866025984
vn 9.91088086e-07 0.499998689 0.866026223
vn 1.67367869e-13 0.500000775 0.866024911
vn 9.91088768e-07 0.499998689 0.866026223
vn 9.91088086e-07 0.499998689 0.866026223
vn 0 0.500000477 0.86602515
vn 0 0.500002921 0.866023719
vn 1.67367869e-13 0.500000775 0.866024911
vn 1.67367869e-13 0.500000775 0.866024911
vn 0 0.500002921 0.866023719
vn 0 0.500002623 0.866023958
vn -9.9108604e-07 0.500000715 0.866024911
vn 0 0.500002921 0.866023719
vn -9.91090019e-07 0.499998331 0.866026342
vn 0 0.499998331 0.866026342
vn 0 0.500002623 0.866023958
vn 0 0.500000477 0.86602515
vn -1.98217776e-06 0.499998331 0.866026342
vn -9.91090019e-07 0.499998331 0.866026342
vn 0 0.500002921 0.866023719
vn -1.98217208e-06 0.500000715 0.866024911
vn -1.98217549e-06 0.499998331 0.866026461
vn 0 0.499996513 0.866027415
vn 9.40878777e-13 0.500000775 0.866024911
vn 9.40878777e-13 0.500000775 0.866024911
vn 0 0.499996513 0.866027415
vn 0 0.500000477 0.86602515
vn 9.91088086e-07 0.499998689 0.866026223
vn 0 0.499996513 0.866027415
vn -9.91087745e-07 0.499998331 0.866026461
vn -1.98217776e-06 0.499998331 0.866026342
vn 0 0.500000477 0.86602515
vn -1.98217549e-06 0.499998331 0.866026461
vn 0 0.499998331 0.866026461
vn -9.91087745e-07 0.499998331 0.866026461
vn 0 0.499996513 0.866027415
vn 0 0.500000775 0.866025031
vn 0 0.499998927 0.866025984
vn -9.91088427e-07 0.500000775 0.866025031
vn 0 0.500000775 0.866025031
vn 0 0.500000775 0.866025031
vn -9.91088427e-07 0.500000775 0.866025031
vn -2.2436341e-12 0.499998987 0.866025984
vn 0 0.500002921 0.866023719
vn -9.91088427e-07 0.500000775 0.866025031
vn 1.91794519e-12 0.500000775 0.866025031
vn 9.91089223e-07 0.499998569 0.866026103
vn -2.2436341e-12 0.499998987 0.866025984
vn 0 0.499998927 0.866025984
vn -9.9108604e-07 0.500000715 0.866024911
vn 1.91794519e-12 0.500000775 0.866025031
vn -9.91088427e-07 0.500000775 0.866025031
vn 0 0.500002921 0.866023719
vn -2.2436341e-12 0.499998987 0.866025984
vn 1.13413819e-06 0.499998689 0.866026223
vn 9.91086154e-07 0.500000775 0.866025031
vn 9.91086154e-07 0.500000775 0.866025031
vn 1.13413819e-06 0.499998689 0.866026223
vn 2.86102562e-07 0.500000834 0.866025031
vn 1.98217276e-06 0.500000536 0.86602515
vn 1.13413819e-06 0.499998689 0.866026223
vn 1.43050656e-07 0.499998689 0.866026223
vn 0 0.499998927 0.866025984
vn 2.86102562e-07 0.500000834 0.866025031
vn -2.2436341e-12 0.499998987 0.866025984
vn 9.91089223e-07 0.499998569 0.866026103
vn 1.43050656e-07 0.499998689 0.866026223
vn 1.13413819e-06 0.499998689 0.866026223
vn 9.91089223e-07 0.499998569 0.866026103
vn 9.91085017e-07 0.500002682 0.866023839
vn 9.91086154e-07 0.500000834 0.866025031
vn 1.43050656e-07 0.499998689 0.866026223
vn 1.43050656e-07 0.499998689 0.866026223
vn 9.91086154e-07 0.500000834 0.866025031
vn 0 0.500000775 0.866025031
vn 0 0.499998927 0.866025984
vn 9.91086154e-07 0.500000834 0.866025031
vn 9.91086381e-07 0.500000477 0.86602515
vn 0 0.500000477 0.86602515
vn 0 0.500000775 0.866025031
vn 9.91085017e-07 0.500002682 0.866023839
vn 9.91086381e-07 0.500000477 0.86602515
vn 9.91086381e-07 0.500000477 0.86602515
vn 9.91086154e-07 0.500000834 0.866025031
vn -9.9108604e-07 0.500000715 0.866024911
vn 0 0.500002623 0.866023958
vn 0 0.500000775 0.866025031
vn 1.91794519e-12 0.500000775 0.866025031
vn 1.91794519e-12 0.500000775 0.866025031
vn 0 0.500000775 0.866025031
vn 9.91085017e-07 0.500002682 0.866023839
vn 9.91089223e-07 0.499998569 0.866026103
vn 0 0.500000775 0.866025031
vn 0 0.500002623 0.866023958
vn 9.91086381e-07 0.500000477 0.86602515
vn 9.91085017e-07 0.500002682 0.866023839
vn 0 0.500002623 0.866023958
vn 0 0.499998331 0.866026342
vn 0 0.500002623 0.866023958
vn 0 0.500000775 0.866025031
vn 0 0.499998331 0.866026342
vn -1.98217913e-06 0.499998331 0.866026461
vn -9.91085585e-07 0.499998331 0.866026461
vn 0 0.500002623 0.866023958
vn 0 0.500002623 0.866023958
vn -9.91085585e-07 0.499998331 0.866026461
vn 1.98217776e-06 0.499998361 0.866026342
vn 9.91086381e-07 0.500000477 0.86602515
vn -9.91085585e-07 0.499998331 0.866026461
vn 0 0.499996215 0.866027653
vn 0 0.499998331 0.866026342
vn 1.98217776e-06 0.499998361 0.866026342
vn -1.98217913e-06 0.499998331 0.866026461
vn 0 0.500000775 0.866024911
vn 0 0.499996215 0.866027653
vn -9.91085585e-07 0.499998331 0.866026461
vn 9.91086381e-07 0.500000477 0.86602515
vn 1.98217776e-06 0.499998361 0.866026342
vn 9.91086381e-07 0.500000536 0.86602515
vn 9.91086381e-07 0.500000477 0.86602515
vn 9.91086381e-07 0.500000477 0.86602515
vn 9.91086381e-07 0.500000536 0.86602515
vn 0 0.499998331 0.866026342
vn 0 0.500000477 0.86602515
vn 9.91086381e-07 0.500000536 0.86602515
vn 9.91086381e-07 0.500000477 0.86602515
vn 1.98217276e-06 0.500000536 0.86602515
vn 0 0.499998331 0.866026342
vn 1.98217776e-06 0.499998361 0.866026342
vn 0 0.499998331 0.866026342
vn 9.91086381e-07 0.500000477 0.86602515
vn 9.91086381e-07 0.500000536 0.86602515
vn 0 0.499998331 0.866026342
vn 0 0.499998331 0.866026342
vn 0 0.499998331 0.866026342
vn 9.91086381e-07 0.500000477 0.86602515
vn 9.91086381e-07 0.500000477 0.86602515
vn 0 0.499998331 0.866026342
vn 0 0.500000775 0.866025031
vn 1.98217276e-06 0.500000536 0.86602515
vn 0 0.499998331 0.866026342
vn -1.43049945e-07 0.499996215 0.866027653
vn -2.86101482e-07 0.499998957 0.866025984
vn 0 0.500000775 0.866025031
vn 0 0.499998331 0.866026342
vn 2.86101908e-07 0.499998569 0.866026103
vn -1.43049945e-07 0.499996215 0.866027653
vn 0 0.499998331 0.866026342
vn 0 0.500000775 0.866024911
vn 5.20197383e-13 0.499998957 0.866025984
vn 1.43050741e-07 0.499998987 0.866025984
vn 0 0.499996215 0.866027653
vn 0 0.499996215 0.866027653
vn 1.43050741e-07 0.499998987 0.866025984
vn 0 0.499998331 0.866026342
vn 0 0.499998331 0.866026342
vn 1.43050741e-07 0.499998987 0.866025984
vn 2.86100914e-07 0.499996811 0.866027296
vn 2.86101908e-07 0.499998569 0.866026103
vn 0 0.499998331 0.866026342
vn 5.20197383e-13 0.499998957 0.866025984
vn 0 0.499998629 0.866026223
vn 2.86100914e-07 0.499996811 0.866027296
vn 1.43050741e-07 0.499998987 0.866025984
vn 0 0.499998331 0.866026461
vn -9.91085017e-07 0.500002682 0.866023958
vn 0 0.500002623 0.866023958
vn -9.91087745e-07 0.499998331 0.866026461
vn -9.91087745e-07 0.499998331 0.866026461
vn 0 0.500002623 0.866023958
vn 0 0.500000477 0.86602515
vn -1.98217776e-06 0.499998331 0.866026342
vn 0 0.500002623 0.866023958
vn 0 0.500000477 0.86602515
vn 0 0.500000775 0.866025031
vn 0 0.500000477 0.86602515
vn -9.91085017e-07 0.500002682 0.866023958
vn 0 0.500000775 0.866025031
vn 0 0.500000477 0.86602515
vn 0 0.500002623 0.866023958
vn -1.98217776e-06 0.499998331 0.866026342
vn 0 0.500000477 0.86602515
vn 0 0.499998331 0.866026461
vn -9.91090019e-07 0.499998331 0.866026342
vn -9.91090019e-07 0.499998331 0.866026342
vn 0 0.499998331 0.866026461
vn -1.98217913e-06 0.499998331 0.866026461
vn 0 0.499998331 0.866026342
vn 0 0.499998331 0.866026461
vn 0 0.500000477 0.86602515
vn 0 0.500000775 0.866024911
vn -1.98217913e-06 0.499998331 0.866026461
vn 0 0.500000477 0.86602515
vn 0 0.500000775 0.866025031
vn 0 0.500000477 0.86602515
vn 0 0.499998331 0.866026461
vn 0 0.500000775 0.866025031
vn 5.83525741e-13 0.499998957 0.866025984
vn 5.92572649e-13 0.499998957 0.866025984
vn 0 0.500000477 0.86602515
vn 0 0.500000477 0.86602515
vn 5.92572649e-13 0.499998957 0.866025984
vn 5.20197383e-13 0.499998957 0.866025984
vn 0 0.500000775 0.866024911
vn 5.92572649e-13 0.499998957 0.866025984
vn 0 0.499997139 0.866027117
vn 0 0.499998629 0.866026223
vn 5.20197383e-13 0.499998957 0.866025984
vn 5.83525741e-13 0.499998957 0.866025984
vn 0 0.499998927 0.866025984
vn 0 0.499997139 0.866027117
vn 5.92572649e-13 0.499998957 0.866025984
vn 0 0.500000775 0.866025031
vn -4.52345536e-15 0.499998957 0.866025984
vn 0 0.499998987 0.866025984
vn 0 0.500000477 0.86602515
vn 0 0.500000477 0.86602515
vn 0 0.499998987 0.866025984
vn 5.83525741e-13 0.499998957 0.866025984
vn 0 0.500000775 0.866025031
vn 0 0.499998987 0.866025984
vn 0 0.499999315 0.866025865
vn 0 0.499998927 0.866025984
vn 5.83525741e-13 0.499998957 0.866025984
vn -4.52345536e-15 0.499998957 0.866025984
vn 9.91085926e-07 0.500001132 0.866024792
vn 0 0.499999315 0.866025865
vn 0 0.499998987 0.866025984
vn 9.91085926e-07 0.500001132 0.866024792
vn 9.91085017e-07 0.500002682 0.866023839
vn 9.91087518e-07 0.499998689 0.866026223
vn 0 0.499999315 0.866025865
vn 0 0.499999315 0.866025865
vn 9.91087518e-07 0.499998689 0.866026223
vn 9.91086949e-07 0.499998331 0.866026342
vn 0 0.499998927 0.866025984
vn 9.91087518e-07 0.499998689 0.866026223
vn 1.98217276e-06 0.500000477 0.86602515
vn -2.53313538e-13 0.500000775 0.866024911
vn 9.91086949e-07 0.499998331 0.866026342
vn 9.91085017e-07 0.500002682 0.866023839
vn 1.98217504e-06 0.499998629 0.866026223
vn 1.98217276e-06 0.500000477 0.86602515
vn 9.91087518e-07 0.499998689 0.866026223
vn 0 0.499998927 0.866025984
vn 9.91086949e-07 0.499998331 0.866026342
vn 1.43048069e-07 0.499998629 0.866026223
vn 0 0.499997139 0.866027117
vn 0 0.499997139 0.866027117
vn 1.43048069e-07 0.499998629 0.866026223
vn 1.43049675e-07 0.499998331 0.866026342
vn 0 0.499998629 0.866026223
vn 1.43048069e-07 0.499998629 0.866026223
vn -4.3877521e-13 0.500002682 0.866023958
vn 1.43051267e-07 0.500000834 0.866024911
vn 1.43049675e-07 0.499998331 0.866026342
vn 9.91086949e-07 0.499998331 0.866026342
vn -2.53313538e-13 0.500000775 0.866024911
vn -4.3877521e-13 0.500002682 0.866023958
vn 1.43048069e-07 0.499998629 0.866026223
vn -2.53313538e-13 0.500000775 0.866024911
vn -1.08110591e-12 0.500003278 0.86602354
vn 1.43051878e-07 0.500002921 0.866023719
vn -4.3877521e-13 0.500002682 0.866023958
vn -4.3877521e-13 0.500002682 0.866023958
vn 1.43051878e-07 0.500002921 0.866023719
vn 9.91085926e-07 0.500001132 0.866024792
vn 1.43051267e-07 0.500000834 0.866024911
vn 1.43051878e-07 0.500002921 0.866023719
vn 9.91086154e-07 0.500000775 0.866024911
vn 1.98217231e-06 0.500000834 0.866025031
vn 9.91085926e-07 0.500001132 0.866024792
vn -1.08110591e-12 0.500003278 0.86602354
vn 0 0.500002623 0.866023958
vn 9.91086154e-07 0.500000775 0.866024911
vn 1.43051878e-07 0.500002921 0.866023719
vn 1.98217504e-06 0.499998629 0.866026223
vn 1.98217458e-06 0.499998927 0.866026044
vn -3.21165349e-13 0.500002921 0.866023719
vn 1.98217276e-06 0.500000477 0.86602515
vn 1.98217276e-06 0.500000477 0.86602515
vn -3.21165349e-13 0.500002921 0.866023719
vn -1.08110591e-12 0.500003278 0.86602354
vn -2.53313538e-13 0.500000775 0.866024911
vn -3.21165349e-13 0.500002921 0.866023719
vn 0 0.500000834 0.866025031
vn 0 0.500002623 0.866023958
vn -1.08110591e-12 0.500003278 0.86602354
vn 1.98217458e-06 0.499998927 0.866026044
vn 9.91085017e-07 0.500002682 0.866023958
vn 0 0.500000834 0.866025031
vn -3.21165349e-13 0.500002921 0.866023719
vn 0 0.499998629 0.866026223
vn 1.43049675e-07 0.499998331 0.866026342
vn 1.43048609e-07 0.499998331 0.866026461
vn 2.86100914e-07 0.499996811 0.866027296
vn 2.86100914e-07 0.499996811 0.866027296
vn 1.43048609e-07 0.499998331 0.866026461
vn 2.86099549e-07 0.499998927 0.866025984
vn 2.86101908e-07 0.499998569 0.866026103
vn 1.43048609e-07 0.499998331 0.866026461
vn 0 0.500000775 0.866025031
vn 0 0.500001132 0.866024792
vn 2.86099549e-07 0.499998927 0.866025984
vn 1.43049675e-07 0.499998331 0.866026342
vn 1.43051267e-07 0.500000834 0.866024911
vn 0 0.500000775 0.866025031
vn 1.43048609e-07 0.499998331 0.866026461
vn 2.86101908e-07 0.499998569 0.866026103
vn 2.86099549e-07 0.499998927 0.866025984
vn -1.43050755e-07 0.499998927 0.866025984
vn -1.43049945e-07 0.499996215 0.866027653
vn -1.43049945e-07 0.499996215 0.866027653
vn -1.43050755e-07 0.499998927 0.866025984
vn -2.55437749e-06 0.500000834 0.866024911
vn -2.86101482e-07 0.499998957 0.866025984
vn -1.43050755e-07 0.499998927 0.866025984
vn -9.91085813e-07 0.500001431 0.866024613
vn -1.98217276e-06 0.500000536 0.86602515
vn -2.55437749e-06 0.500000834 0.866024911
vn 2.86099549e-07 0.499998927 0.866025984
vn 0 0.500001132 0.866024792
vn -9.91085813e-07 0.500001431 0.866024613
vn -1.43050755e-07 0.499998927 0.866025984
vn 0 0.500001132 0.866024792
vn -2.31600936e-12 0.500001132 0.866024792
vn 1.43051864e-07 0.500003278 0.86602354
vn -9.91085813e-07 0.500001431 0.866024613
vn -9.91085813e-07 0.500001431 0.866024613
vn 1.43051864e-07 0.500003278 0.86602354
vn -1.69607324e-06 0.499998987 0.866025984
vn -1.98217276e-06 0.500000536 0.86602515
vn 1.43051864e-07 0.500003278 0.86602354
vn 0 0.50000298 0.866023719
vn 1.98217185e-06 0.500001132 0.866024792
vn -1.69607324e-06 0.499998987 0.866025984
vn -2.31600936e-12 0.500001132 0.866024792
vn -1.98217458e-06 0.500000834 0.866025031
vn 0 0.50000298 0.866023719
vn 1.43051864e-07 0.500003278 0.86602354
vn 1.43051267e-07 0.500000834 0.866024911
vn 9.91085926e-07 0.500001132 0.866024792
vn -2.27982173e-12 0.499999017 0.866025984
vn 0 0.500000775 0.866025031
vn 0 0.500000775 0.866025031
vn -2.27982173e-12 0.499999017 0.866025984
vn -2.31600936e-12 0.500001132 0.866024792
vn 0 0.500001132 0.866024792
vn -2.27982173e-12 0.499999017 0.866025984
vn -2.27982173e-12 0.500000775 0.866024911
vn -1.98217458e-06 0.500000834 0.866025031
vn -2.31600936e-12 0.500001132 0.866024792
vn 9.91085926e-07 0.500001132 0.866024792
vn 1.98217231e-06 0.500000834 0.866025031
vn -2.27982173e-12 0.500000775 0.866024911
vn -2.27982173e-12 0.499999017 0.866025984
vn 1.98217231e-06 0.500000834 0.866025031
vn 9.910882e-07 0.500000477 0.86602515
vn -2.27982173e-12 0.500002563 0.866023958
vn -2.27982173e-12 0.500000775 0.866024911
vn -2.27982173e-12 0.500000775 0.866024911
vn -2.27982173e-12 0.500002563 0.866023958
vn -9.91088541e-07 0.500000477 0.86602515
vn -1.98217458e-06 0.500000834 0.866025031
vn -2.27982173e-12 0.500002563 0.866023958
vn 0 0.500002623 0.866023958
vn 0 0.500000477 0.86602515
vn -9.91088541e-07 0.500000477 0.86602515
vn 9.910882e-07 0.500000477 0.86602515
vn 0 0.500000477 0.86602515
vn 0 0.500002623 0.866023958
vn -2.27982173e-12 0.500002563 0.866023958
vn -1.98217458e-06 0.500000834 0.866025031
vn -9.91088541e-07 0.500000477 0.86602515
vn 0 0.499998331 0.866026342
vn 0 0.50000298 0.866023719
vn 0 0.50000298 0.866023719
vn 0 0.499998331 0.866026342
vn 0 0.500000477 0.86602515
vn 1.98217185e-06 0.500001132 0.866024792
vn 0 0.499998331 0.866026342
vn 0 0.499998331 0.866026342
vn 0 0.499998331 0.866026342
vn 0 0.500000477 0.86602515
vn -9.91088541e-07 0.500000477 0.86602515
vn 0 0.500000477 0.86602515
vn 0 0.499998331 0.866026342
vn 0 0.499998331 0.866026342
vn 0 0.500000477 0.86602515
vn 9.91085017e-07 0.500002682 0.866023839
vn 9.91086381e-07 0.500000536 0.86602515
vn 0 0.499998331 0.866026342
vn 0 0.499998331 0.866026342
vn 9.91086381e-07 0.500000536 0.86602515
vn 0 0.500000477 0.86602515
vn 0 0.499998331 0.866026342
vn 9.91086381e-07 0.500000536 0.86602515
vn 9.91086381e-07 0.500000477 0.86602515
vn 0 0.500000477 0.86602515
vn 0 0.500000477 0.86602515
vn 9.91085017e-07 0.500002682 0.866023839
vn 9.91086381e-07 0.500000477 0.86602515
vn 9.91086381e-07 0.500000477 0.86602515
vn 9.91086381e-07 0.500000536 0.86602515
vn 0 0.500000477 0.86602515
vn 0 0.500002623 0.866023958
vn 0 0.500002563 0.866023958
vn 0 0.500002623 0.866023958
vn 0 0.500002623 0.866023958
vn 0 0.500002563 0.866023958
vn 9.91085017e-07 0.500002682 0.866023839
vn 0 0.500000477 0.86602515
vn 0 0.500002563 0.866023958
vn 0 0.500003278 0.86602354
vn 9.91086381e-07 0.500000477 0.86602515
vn 9.91085017e-07 0.500002682 0.866023839
vn 0 0.500002623 0.866023958
vn 0 0.499998331 0.866026342
vn 0 0.500003278 0.86602354
vn 0 0.500002563 0.866023958
vn 9.91085017e-07 0.500002682 0.866023958
vn -3.61876463e-14 0.499998331 0.866026461
vn -1.15800468e-12 0.500000536 0.86602515
vn 0 0.500000834 0.866025031
vn 0 0.500000834 0.866025031
vn -1.15800468e-12 0.500000536 0.86602515
vn -1.8455697e-12 0.499998331 0.866026342
vn 0 0.500002623 0.866023958
vn -1.15800468e-12 0.500000536 0.86602515
vn 1.12181705e-12 0.500002623 0.866023958
vn 9.91087973e-07 0.499998331 0.866026461
vn -1.8455697e-12 0.499998331 0.866026342
vn -3.61876463e-14 0.499998331 0.866026461
vn 0 0.500000417 0.86602509
vn 1.12181705e-12 0.500002623 0.866023958
vn -1.15800468e-12 0.500000536 0.86602515
vn 0 0.500002623 0.866023958
vn -1.8455697e-12 0.499998331 0.866026342
vn 9.91088996e-07 0.499998361 0.866026342
vn 9.91086154e-07 0.500000775 0.866024911
vn 9.91086154e-07 0.500000775 0.866024911
vn 9.91088996e-07 0.499998361 0.866026342
vn 9.910882e-07 0.500000477 0.86602515
vn 1.98217231e-06 0.500000834 0.866025031
vn 9.91088996e-07 0.499998361 0.866026342
vn 0 0.500000477 0.86602515
vn 0 0.500000477 0.86602515
vn 9.910882e-07 0.500000477 0.86602515
vn -1.8455697e-12 0.499998331 0.866026342
vn 9.91087973e-07 0.499998331 0.866026461
vn 0 0.500000477 0.86602515
vn 9.91088996e-07 0.499998361 0.866026342
vn 9.91087973e-07 0.499998331 0.866026461
vn 9.91088996e-07 0.500002623 0.866023839
vn 0 0.500002623 0.866023958
vn 0 0.500000477 0.86602515
vn 0 0.500000477 0.86602515
vn 0 0.500002623 0.866023958
vn 0 0.500002623 0.866023958
vn 0 0.500000477 0.86602515
vn 0 0.500002623 0.866023958
vn 0 0.500003278 0.86602354
vn 0 0.499998331 0.866026342
vn 0 0.500002623 0.866023958
vn 9.91088996e-07 0.500002623 0.866023839
vn 0 0.500002623 0.866023958
vn 0 0.500003278 0.86602354
vn 0 0.500002623 0.866023958
vn 0 0.500000417 0.86602509
vn 0 0.500002682 0.866023958
vn 9.91088541e-07 0.500000477 0.86602515
vn 1.12181705e-12 0.500002623 0.866023958
vn 1.12181705e-12 0.500002623 0.866023958
vn 9.91088541e-07 0.500000477 0.86602515
vn 9.91088996e-07 0.500002623 0.866023839
vn 9.91087973e-07 0.499998331 0.866026461
vn 9.91088541e-07 0.500000477 0.86602515
vn 0 0.500001132 0.866024792
vn 0 0.500002623 0.866023958
vn 9.91088996e-07 0.500002623 0.866023839
vn 0 0.500002682 0.866023958
vn 0 0.500000477 0.86602515
vn 0 0.500001132 0.866024792
vn 9.91088541e-07 0.500000477 0.86602515
vn 6.78518385e-14 0.500003278 0.86602354
vn -1.43051977e-07 0.500002921 0.866023719
vn -1.43051977e-07 0.50000298 0.866023719
vn -1.43052148e-07 0.500003576 0.866023362
vn -1.43052148e-07 0.500003576 0.866023362
vn -1.43051977e-07 0.50000298 0.866023719
vn 0 0.500002623 0.866023958
vn 0 0.500003278 0.86602354
vn -1.43051977e-07 0.50000298 0.866023719
vn 0 0.500002682 0.866023839
vn -7.23752926e-14 0.500002921 0.866023719
vn 0 0.500002623 0.866023958
vn -1.43051977e-07 0.500002921 0.866023719
vn 7.23752858e-14 0.499998927 0.866025984
vn 0 0.500002682 0.866023839
vn -1.43051977e-07 0.50000298 0.866023719
vn 0 0.500003278 0.86602354
vn 0 0.500002623 0.866023958
vn 0 0.500002921 0.866023719
vn 0 0.500003576 0.866023421
vn 0 0.500003576 0.866023421
vn 0 0.500002921 0.866023719
vn 0 0.500002682 0.866023839
vn 0 0.500003338 0.86602354
vn 0 0.500002921 0.866023719
vn -1.71891323e-13 0.500002682 0.866023958
vn -1.62844374e-13 0.499998569 0.866026103
vn 0 0.500002682 0.866023839
vn 0 0.500002623 0.866023958
vn -7.23752926e-14 0.500002921 0.866023719
vn -1.71891323e-13 0.500002682 0.866023958
vn 0 0.500002921 0.866023719
vn -7.23752926e-14 0.500002921 0.866023719
vn 7.23752926e-14 0.499998987 0.866025984
vn 1.98217549e-06 0.499998599 0.866026223
vn -1.71891323e-13 0.500002682 0.866023958
vn -1.71891323e-13 0.500002682 0.866023958
vn 1.98217549e-06 0.499998599 0.866026223
vn -2.2436341e-12 0.499998927 0.866025984
vn -1.62844374e-13 0.499998569 0.866026103
vn 1.98217549e-06 0.499998599 0.866026223
vn 0 0.499996513 0.866027415
vn -9.9108604e-07 0.500002682 0.866023958
vn -2.2436341e-12 0.499998927 0.866025984
vn 7.23752926e-14 0.499998987 0.866025984
vn 0 0.499998331 0.866026342
vn 0 0.499996513 0.866027415
vn 1.98217549e-06 0.499998599 0.866026223
vn 7.23752858e-14 0.499998927 0.866025984
vn 1.08562942e-12 0.499998927 0.866025984
vn -1.98217617e-06 0.499998689 0.866026223
vn 0 0.500002682 0.866023839
vn 0 0.500002682 0.866023839
vn -1.98217617e-06 0.499998689 0.866026223
vn 7.23752926e-14 0.499998987 0.866025984
vn -7.23752926e-14 0.500002921 0.866023719
vn -1.98217617e-06 0.499998689 0.866026223
vn 0 0.499996513 0.866027415
vn 0 0.499998331 0.866026342
vn 7.23752926e-14 0.499998987 0.866025984
vn 1.08562942e-12 0.499998927 0.866025984
vn 9.9108604e-07 0.500002682 0.866023839
vn 0 0.499996513 0.866027415
vn -1.98217617e-06 0.499998689 0.866026223
vn 0 0.500003338 0.86602354
vn 0 0.500002682 0.866023839
vn 0 0.500002921 0.866023719
vn 0 0.500003576 0.866023362
vn 0 0.500003576 0.866023362
vn 0 0.500002921 0.866023719
vn 0 0.500002623 0.866023839
vn -9.91087859e-07 0.500003338 0.86602354
vn 0 0.500002921 0.866023719
vn 0 0.500002682 0.866023958
vn -4.34251756e-13 0.500002921 0.866023719
vn 0 0.500002623 0.866023839
vn 0 0.500002682 0.866023839
vn -1.62844374e-13 0.499998569 0.866026103
vn 0 0.500002682 0.866023958
vn 0 0.500002921 0.866023719
vn -9.91087859e-07 0.500003338 0.86602354
vn 0 0.500002623 0.866023839
vn 0 0.500000775 0.866024911
vn -2.2436341e-12 0.500001431 0.866024613
vn -2.2436341e-12 0.500001431 0.866024613
vn 0 0.500000775 0.866024911
vn 9.91085017e-07 0.500002682 0.866023839
vn 9.91085926e-07 0.500001132 0.866024792
vn 0 0.500000775 0.866024911
vn -3.16641895e-13 0.500002623 0.866023839
vn 1.98217504e-06 0.499998629 0.866026223
vn 9.91085017e-07 0.500002682 0.866023839
vn 0 0.500002623 0.866023839
vn -4.34251756e-13 0.500002921 0.866023719
vn -3.16641895e-13 0.500002623 0.866023839
vn 0 0.500000775 0.866024911
vn -4.34251756e-13 0.500002921 0.866023719
vn -6.83041839e-13 0.499999017 0.866025984
vn 1.98217253e-06 0.500000834 0.866024911
vn -3.16641895e-13 0.500002623 0.866023839
vn -3.16641895e-13 0.500002623 0.866023839
vn 1.98217253e-06 0.500000834 0.866024911
vn 1.98217458e-06 0.499998927 0.866026044
vn 1.98217504e-06 0.499998629 0.866026223
vn 1.98217253e-06 0.500000834 0.866024911
vn -2.27982173e-12 0.499996543 0.866027415
vn 9.91085017e-07 0.500002682 0.866023958
vn 1.98217458e-06 0.499998927 0.866026044
vn -6.83041839e-13 0.499999017 0.866025984
vn -2.85882407e-12 0.499998301 0.866026461
vn -2.27982173e-12 0.499996543 0.866027415
vn 1.98217253e-06 0.500000834 0.866024911
vn -1.62844374e-13 0.499998569 0.866026103
vn -2.2436341e-12 0.499998927 0.866025984
vn -1.98217481e-06 0.500000834 0.866025031
vn 0 0.500002682 0.866023958
vn 0 0.500002682 0.866023958
vn -1.98217481e-06 0.500000834 0.866025031
vn -6.83041839e-13 0.499999017 0.866025984
vn -4.34251756e-13 0.500002921 0.866023719
vn -1.98217481e-06 0.500000834 0.866025031
vn 0 0.499996513 0.866027415
vn -2.85882407e-12 0.499998301 0.866026461
vn -6.83041839e-13 0.499999017 0.866025984
vn -2.2436341e-12 0.499998927 0.866025984
vn -9.9108604e-07 0.500002682 0.866023958
vn 0 0.499996513 0.866027415
vn -1.98217481e-06 0.500000834 0.866025031
vn -9.9108604e-07 0.500002682 0.866023958
vn 1.12181705e-12 0.499998331 0.866026461
vn 0 0.499998331 0.866026461
vn 0 0.499996513 0.866027415
vn 0 0.499996513 0.866027415
vn 0 0.499998331 0.866026461
vn 1.15800468e-12 0.499998331 0.866026342
vn -2.85882407e-12 0.499998301 0.866026461
vn 0 0.499998331 0.866026461
vn 0 0.500002623 0.866023958
vn -2.9311989e-12 0.500000417 0.86602509
vn 1.15800468e-12 0.499998331 0.866026342
vn 1.12181705e-12 0.499998331 0.866026461
vn -1.15800446e-12 0.500000417 0.86602509
vn 0 0.500002623 0.866023958
vn 0 0.499998331 0.866026461
vn -2.85882407e-12 0.499998301 0.866026461
vn 1.15800468e-12 0.499998331 0.866026342
vn 2.27982173e-12 0.499998331 0.866026461
vn -2.27982173e-12 0.499996543 0.866027415
vn -2.27982173e-12 0.499996543 0.866027415
vn 2.27982173e-12 0.499998331 0.866026461
vn -3.61876463e-14 0.499998331 0.866026461
vn 9.91085017e-07 0.500002682 0.866023958
vn 2.27982173e-12 0.499998331 0.866026461
vn -2.27982173e-12 0.500002623 0.866023958
vn 0 0.500000417 0.86602509
vn -3.61876463e-14 0.499998331 0.866026461
vn 1.15800468e-12 0.499998331 0.866026342
vn -2.9311989e-12 0.500000417 0.86602509
vn -2.27982173e-12 0.500002623 0.866023958
vn 2.27982173e-12 0.499998331 0.866026461
vn -2.9311989e-12 0.500000417 0.86602509
vn 0 0.500002682 0.866023958
vn 0 0.500000477 0.86602515
vn -2.27982173e-12 0.500002623 0.866023958
vn -2.27982173e-12 0.500002623 0.866023958
vn 0 0.500000477 0.86602515
vn 0 0.500002682 0.866023958
vn 0 0.500000417 0.86602509
vn 0 0.500000477 0.86602515
vn 0 0.500001132 0.866024792
vn 0 0.500000477 0.86602515
vn 0 0.500002682 0.866023958
vn 0 0.500002682 0.866023958
vn 0 0.500000477 0.86602515
vn 0 0.500001132 0.866024792
vn 0 0.500000477 0.86602515
vn -1.15800446e-12 0.500000417 0.86602509
vn 0 0.500002682 0.866023958
vn 0 0.500000477 0.86602515
vn 0 0.500002623 0.866023958
vn 0 0.500002623 0.866023958
vn 0 0.500000477 0.86602515
vn 0 0.500002682 0.866023958
vn -2.9311989e-12 0.500000417 0.86602509
vn 0 0.500000477 0.86602515
vn 0 0.500001132 0.866024792
vn 0 0.500000477 0.86602515
vn 0 0.500002682 0.866023958
vn 0 0.500002682 0.866023958
vn 0 0.500000477 0.86602515
vn 0 0.500001132 0.866024792
vn 0 0.500000477 0.86602515
vn 9.9108604e-07 0.500002682 0.866023839
vn -5.42814708e-13 0.500000536 0.86602515
vn 0 0.500000536 0.86602509
vn 0 0.499996513 0.866027415
vn 0 0.499996513 0.866027415
vn 0 0.500000536 0.86602509
vn 4.70439388e-13 0.499998361 0.866026342
vn 0 0.499998331 0.866026342
vn 0 0.500000536 0.86602509
vn 9.91085585e-07 0.500002682 0.866023839
vn -6.15189865e-13 0.500000417 0.86602509
vn 4.70439388e-13 0.499998361 0.866026342
vn -5.42814708e-13 0.500000536 0.86602515
vn 0 0.500000536 0.86602515
vn 9.91085585e-07 0.500002682 0.866023839
vn 0 0.500000536 0.86602509
vn 0 0.499998331 0.866026342
vn 4.70439388e-13 0.499998361 0.866026342
vn 1.15800468e-12 0.500000536 0.86602515
vn 0 0.499996513 0.866027415
vn 0 0.499996513 0.866027415
vn 1.15800468e-12 0.500000536 0.86602515
vn 1.12181705e-12 0.499998331 0.866026461
vn -9.9108604e-07 0.500002682 0.866023958
vn 1.15800468e-12 0.500000536 0.86602515
vn -1.12181705e-12 0.500002623 0.866023958
vn -1.15800446e-12 0.500000417 0.86602509
vn 1.12181705e-12 0.499998331 0.866026461
vn 4.70439388e-13 0.499998361 0.866026342
vn -6.15189865e-13 0.500000417 0.86602509
vn -1.12181705e-12 0.500002623 0.866023958
vn 1.15800468e-12 0.500000536 0.86602515
vn -6.15189865e-13 0.500000417 0.86602509
vn 0 0.500002682 0.866023958
vn 0 0.500000477 0.86602515
vn -1.12181705e-12 0.500002623 0.866023958
vn -1.12181705e-12 0.500002623 0.866023958
vn 0 0.500000477 0.86602515
vn 0 0.500002682 0.866023958
vn -1.15800446e-12 0.500000417 0.86602509
vn 0 0.500000477 0.86602515
vn 0 0.500001132 0.866024792
vn 0 0.500000477 0.86602515
vn 0 0.500002682 0.866023958
vn 0 0.500002682 0.866023958
vn 0 0.500000477 0.86602515
vn 0 0.500001132 0.866024792
vn 0 0.500000477 0.86602515
vn 0 0.500000536 0.86602515
vn 0 0.500000477 0.86602515
vn 0 0.500000477 0.86602515
vn 9.91085585e-07 0.500002682 0.866023839
vn 9.91085585e-07 0.500002682 0.866023839
vn 0 0.500000477 0.86602515
vn 0 0.500002682 0.866023958
vn -6.15189865e-13 0.500000417 0.86602509
vn 0 0.500000477 0.86602515
vn 0 0.500001132 0.866024792
vn 0 0.500000477 0.86602515
vn 0 0.500002682 0.866023958
vn 0 0.500000477 0.86602515
vn 0 0.500000536 0.86602515
vn 0 0.500001132 0.866024792
vn 0 0.500000477 0.86602515
vn 0 0.500000477 0.86602515
vn 0 0.499998331 0.866026342
vn 0 0.500000477 0.86602515
vn -9.91087745e-07 0.499998361 0.866026342
vn -9.91087745e-07 0.499998361 0.866026342
vn 0 0.500000477 0.86602515
vn -2.2682766e-06 0.499998331 0.866026461
vn -9.91087745e-07 0.499998331 0.866026461
vn 0 0.500000477 0.86602515
vn -9.910882e-07 0.500001132 0.866024792
vn -1.27718874e-06 0.500001132 0.866024792
vn -2.2682766e-06 0.499998331 0.866026461
vn 0 0.499998331 0.866026342
vn -1.98217731e-06 0.500000536 0.86602515
vn -9.910882e-07 0.500001132 0.866024792
vn 0 0.500000477 0.86602515
vn -9.91087745e-07 0.499998331 0.866026461
vn -2.2682766e-06 0.499998331 0.866026461
vn -1.98217094e-06 0.500001073 0.866024792
vn 0 0.500003278 0.86602354
vn 0 0.500003278 0.86602354
vn -1.98217094e-06 0.500001073 0.866024792
vn 6.42330698e-13 0.499998927 0.866025984
vn 0 0.500002563 0.866023958
vn -1.98217094e-06 0.500001073 0.866024792
vn -2.86097787e-07 0.499996215 0.866027653
vn 9.91091042e-07 0.499996811 0.866027296
vn 6.42330698e-13 0.499998927 0.866025984
vn -2.2682766e-06 0.499998331 0.866026461
vn -1.27718874e-06 0.500001132 0.866024792
vn -2.86097787e-07 0.499996215 0.866027653
vn -1.98217094e-06 0.500001073 0.866024792
vn -1.27718874e-06 0.500001132 0.866024792
vn 0 0.499999017 0.866025984
vn 0 0.499998927 0.866025984
vn -2.86097787e-07 0.499996215 0.866027653
vn -2.86097787e-07 0.499996215 0.866027653
vn 0 0.499998927 0.866025984
vn 0 0.499998987 0.866025984
vn 9.91091042e-07 0.499996811 0.866027296
vn 0 0.499998927 0.866025984
vn -2.86100544e-07 0.500001073 0.866024792
vn 9.910882e-07 0.500001132 0.866024792
vn 0 0.499998987 0.866025984
vn 0 0.499999017 0.866025984
vn -2.86102761e-07 0.500001132 0.866024792
vn -2.86100544e-07 0.500001073 0.866024792
vn 0 0.499998927 0.866025984
vn -1.98217731e-06 0.500000536 0.86602515
vn -5.72206716e-07 0.500001132 0.866024792
vn -2.86103329e-07 0.500001073 0.866024792
vn -9.910882e-07 0.500001132 0.866024792
vn -9.910882e-07 0.500001132 0.866024792
vn -2.86103329e-07 0.500001073 0.866024792
vn 0 0.499999017 0.866025984
vn -1.27718874e-06 0.500001132 0.866024792
vn -2.86103329e-07 0.500001073 0.866024792
vn -2.2436341e-12 0.500001132 0.866024792
vn -2.86102761e-07 0.500001132 0.866024792
vn 0 0.499999017 0.866025984
vn -5.72206716e-07 0.500001132 0.866024792
vn -1.98217845e-06 0.499999613 0.866025686
vn -2.2436341e-12 0.500001132 0.866024792
vn -2.86103329e-07 0.500001073 0.866024792
vn 0 0.500002563 0.866023958
vn 6.42330698e-13 0.499998927 0.866025984
vn 2.714073e-13 0.499998897 0.866025984
vn 0 0.500003278 0.86602354
vn 0 0.500003278 0.86602354
vn 2.714073e-13 0.499998897 0.866025984
vn -9.04691158e-15 0.499999017 0.866025984
vn 0 0.500002623 0.866023958
vn 2.714073e-13 0.499998897 0.866025984
vn 0 0.499996215 0.866027653
vn -9.91089451e-07 0.499998987 0.866025984
vn -9.04691158e-15 0.499999017 0.866025984
vn 6.42330698e-13 0.499998927 0.866025984
vn 9.91091042e-07 0.499996811 0.866027296
vn 0 0.499996215 0.866027653
vn 2.714073e-13 0.499998897 0.866025984
vn 0 0.500002623 0.866023958
vn -9.04691158e-15 0.499999017 0.866025984
vn -2.98548052e-13 0.500001073 0.866024792
vn 0 0.500001132 0.866024792
vn 0 0.500001132 0.866024792
vn -2.98548052e-13 0.500001073 0.866024792
vn -9.04691158e-15 0.499998927 0.866025984
vn 0 0.500000477 0.86602515
vn -2.98548052e-13 0.500001073 0.866024792
vn -1.15800468e-12 0.499996215 0.866027594
vn 9.91088768e-07 0.499996811 0.866027296
vn -9.04691158e-15 0.499998927 0.866025984
vn -9.04691158e-15 0.499999017 0.866025984
vn -9.91089451e-07 0.499998987 0.866025984
vn -1.15800468e-12 0.499996215 0.866027594
vn -2.98548052e-13 0.500001073 0.866024792
vn -9.91089451e-07 0.499998987 0.866025984
vn -5.89858631e-12 0.499998927 0.866026044
vn 9.91088996e-07 0.499996871 0.866027296
vn -1.15800468e-12 0.499996215 0.866027594
vn -1.15800468e-12 0.499996215 0.866027594
vn 9.91088996e-07 0.499996871 0.866027296
vn -9.91087404e-07 0.499999017 0.866025984
vn 9.91088768e-07 0.499996811 0.866027296
vn 9.91088996e-07 0.499996871 0.866027296
vn 0 0.500001073 0.866024792
vn -9.91085926e-07 0.500001073 0.866024792
vn -9.91087404e-07 0.499999017 0.866025984
vn -5.89858631e-12 0.499998927 0.866026044
vn 0 0.499998927 0.866026044
vn 0 0.500001073 0.866024792
vn 9.91088996e-07 0.499996871 0.866027296
vn 9.91091042e-07 0.499996811 0.866027296
vn 0 0.499998987 0.866025984
vn -9.91089564e-07 0.499999017 0.866025984
vn 0 0.499996215 0.866027653
vn 0 0.499996215 0.866027653
vn -9.91089564e-07 0.499999017 0.866025984
vn -5.89858631e-12 0.499998927 0.866026044
vn -9.91089451e-07 0.499998987 0.866025984
vn -9.91089564e-07 0.499999017 0.866025984
vn 0 0.500001073 0.866024792
vn 0 0.499998927 0.866026044
vn -5.89858631e-12 0.499998927 0.866026044
vn 0 0.499998987 0.866025984
vn 9.910882e-07 0.500001132 0.866024792
vn 0 0.500001073 0.866024792
vn -9.91089564e-07 0.499999017 0.866025984
vn 9.910882e-07 0.500001132 0.866024792
vn 0 0.500002623 0.866023958
vn 0 0.500002623 0.866023958
vn 0 0.500001073 0.866024792
vn 0 0.500001073 0.866024792
vn 0 0.500002623 0.866023958
vn 0 0.500002623 0.866023958
vn 0 0.499998927 0.866026044
vn 0 0.500002623 0.866023958
vn 0 0.500002623 0.866023958
vn 0 0.500002623 0.866023839
vn 0 0.500002623 0.866023958
vn 0 0.500002623 0.866023958
vn -9.91090019e-07 0.499998331 0.866026342
vn 0 0.500002623 0.866023958
vn 0 0.500002623 0.866023958
vn 0 0.499998927 0.866026044
vn 0 0.500002623 0.866023958
vn 0 0.500002623 0.866023958
vn 0 0.500001073 0.866024792
vn 0 0.500001073 0.866024792
vn 0 0.500002623 0.866023958
vn -9.91085017e-07 0.500002682 0.866023958
vn -9.91085926e-07 0.500001073 0.866024792
vn 0 0.500002623 0.866023958
vn 0 0.500002623 0.866023958
vn 0 0.499998331 0.866026461
vn -9.91085017e-07 0.500002682 0.866023958
vn 0 0.500002623 0.866023958
vn 0 0.500002623 0.866023839
vn 0 0.500002623 0.866023958
vn 0 0.500002623 0.866023958
vn 0 0.500002623 0.866023839
vn 0 0.499998301 0.866026342
vn 1.98217549e-06 0.499998331 0.866026342
vn 0 0.500002623 0.866023958
vn 0 0.500002623 0.866023958
vn 1.98217549e-06 0.499998331 0.866026342
vn 0 0.499998331 0.866026461
vn 0 0.499998331 0.866026461
vn 1.98217549e-06 0.499998331 0.866026342
vn 0 0.499996215 0.866027653
vn -9.91086381e-07 0.500000477 0.86602515
vn 0 0.499998331 0.866026461
vn 0 0.499998301 0.866026342
vn 0 0.499998331 0.866026461
vn 0 0.499996215 0.866027653
vn 1.98217549e-06 0.499998331 0.866026342
vn -9.91090019e-07 0.499998331 0.866026342
vn -1.98217549e-06 0.499998331 0.866026461
vn -1.98217549e-06 0.499998331 0.866026461
vn 0 0.500002623 0.866023958
vn 0 0.500002623 0.866023958
vn -1.98217549e-06 0.499998331 0.866026461
vn 0 0.499998301 0.866026342
vn 0 0.500002623 0.866023839
vn -1.98217549e-06 0.499998331 0.866026461
vn 0 0.499996215 0.866027653
vn 0 0.499998331 0.866026461
vn 0 0.499998301 0.866026342
vn -1.98217549e-06 0.499998331 0.866026461
vn 0 0.500000477 0.86602515
vn 0 0.499996215 0.866027653
vn -1.98217549e-06 0.499998331 0.866026461
vn -1.98217845e-06 0.499999613 0.866025686
vn -1.9821764e-06 0.500001132 0.866024792
vn -9.91091042e-07 0.499996841 0.866027296
vn -2.2436341e-12 0.500001132 0.866024792
vn -2.2436341e-12 0.500001132 0.866024792
vn -9.91091042e-07 0.499996841 0.866027296
vn 0 0.500001073 0.866024792
vn -2.86102761e-07 0.500001132 0.866024792
vn -9.91091042e-07 0.499996841 0.866027296
vn 2.27982173e-12 0.499998331 0.866026342
vn -9.91087745e-07 0.499998331 0.866026342
vn 0 0.500001073 0.866024792
vn -1.9821764e-06 0.500001132 0.866024792
vn 1.98217731e-06 0.500000536 0.86602515
vn 2.27982173e-12 0.499998331 0.866026342
vn -9.91091042e-07 0.499996841 0.866027296
vn -2.86102761e-07 0.500001132 0.866024792
vn 0 0.500001073 0.866024792
vn 0 0.499998331 0.866026342
vn -2.86100544e-07 0.500001073 0.866024792
vn -2.86100544e-07 0.500001073 0.866024792
vn 0 0.499998331 0.866026342
vn 0 0.500002623 0.866023958
vn 9.910882e-07 0.500001132 0.866024792
vn 0 0.499998331 0.866026342
vn -9.91089905e-07 0.499998361 0.866026342
vn -9.91090019e-07 0.499998331 0.866026342
vn 0 0.500002623 0.866023958
vn 0 0.500001073 0.866024792
vn -9.91087745e-07 0.499998331 0.866026342
vn -9.91089905e-07 0.499998361 0.866026342
vn 0 0.499998331 0.866026342
vn -9.91087745e-07 0.499998331 0.866026342
vn 0 0.500000477 0.86602515
vn 0 0.500000477 0.86602515
vn -9.91089905e-07 0.499998361 0.866026342
vn -9.91089905e-07 0.499998361 0.866026342
vn 0 0.500000477 0.86602515
vn -1.98217549e-06 0.499998331 0.866026461
vn -9.91090019e-07 0.499998331 0.866026342
vn 0 0.500000477 0.86602515
vn 0 0.500000477 0.86602515
vn 0 0.500000477 0.86602515
vn -1.98217549e-06 0.499998331 0.866026461
vn 0 0.500000477 0.86602515
vn 0 0.500002623 0.866023958
vn 0 0.500000477 0.86602515
vn 0 0.500000477 0.86602515
vn 1.98217731e-06 0.500000536 0.86602515
vn 0 0.499998331 0.866026342
vn 0 0.500002623 0.866023958
vn 2.27982173e-12 0.499998331 0.866026342
vn 2.27982173e-12 0.499998331 0.866026342
vn 0 0.500002623 0.866023958
vn 0 0.500000477 0.86602515
vn -9.91087745e-07 0.499998331 0.866026342
vn 0 0.500002623 0.866023958
vn -9.91088541e-07 0.500000477 0.86602515
vn 0 0.500002623 0.866023958
vn 0 0.500000477 0.86602515
vn 0 0.499998331 0.866026342
vn -1.98217731e-06 0.500000536 0.86602515
vn -9.91088541e-07 0.500000477 0.86602515
vn 0 0.500002623 0.866023958
vn 0 0.500000477 0.86602515
vn -9.04691158e-15 0.499998927 0.866025984
vn 6.15189865e-13 0.499998897 0.866025984
vn 0 0.500001132 0.866024792
vn 0 0.500001132 0.866024792
vn 6.15189865e-13 0.499998897 0.866025984
vn 1.14895777e-12 0.499998927 0.866025984
vn 0 0.500000477 0.86602515
vn 6.15189865e-13 0.499998897 0.866025984
vn 0 0.499998331 0.866026461
vn -9.9109036e-07 0.499998987 0.866025984
vn 1.14895777e-12 0.499998927 0.866025984
vn -9.04691158e-15 0.499998927 0.866025984
vn 9.91088768e-07 0.499996811 0.866027296
vn 0 0.499998331 0.866026461
vn 6.15189865e-13 0.499998897 0.866025984
vn 0 0.500000477 0.86602515
vn 1.14895777e-12 0.499998927 0.866025984
vn 0 0.500001073 0.866024792
vn 0 0.500001132 0.866024792
vn 0 0.500001132 0.866024792
vn 0 0.500001073 0.866024792
vn -3.34735738e-13 0.499998987 0.866025984
vn 0 0.500000477 0.86602515
vn 0 0.500001073 0.866024792
vn -1.15800468e-12 0.499998361 0.866026342
vn 9.91087404e-07 0.499998927 0.866026044
vn -3.34735738e-13 0.499998987 0.866025984
vn 1.14895777e-12 0.499998927 0.866025984
vn -9.9109036e-07 0.499998987 0.866025984
vn -1.15800468e-12 0.499998361 0.866026342
vn 0 0.500001073 0.866024792
vn -9.9109036e-07 0.499998987 0.866025984
vn 0 0.500002623 0.866023958
vn 0 0.500001132 0.866024792
vn -1.15800468e-12 0.499998361 0.866026342
vn -1.15800468e-12 0.499998361 0.866026342
vn 0 0.500001132 0.866024792
vn 0 0.500003278 0.86602354
vn 9.91087404e-07 0.499998927 0.866026044
vn 0 0.500001132 0.866024792
vn -2.86102733e-07 0.500001073 0.866024792
vn 0 0.500001073 0.866024792
vn 0 0.500003278 0.86602354
vn 0 0.500002623 0.866023958
vn -9.91087518e-07 0.500001132 0.866024792
vn -2.86102733e-07 0.500001073 0.866024792
vn 0 0.500001132 0.866024792
vn 9.91088768e-07 0.499996811 0.866027296
vn -9.91087404e-07 0.499999017 0.866025984
vn -9.91085926e-07 0.500001132 0.866024792
vn 0 0.499998331 0.866026461
vn 0 0.499998331 0.866026461
vn -9.91085926e-07 0.500001132 0.866024792
vn 0 0.500002623 0.866023958
vn -9.9109036e-07 0.499998987 0.866025984
vn -9.91085926e-07 0.500001132 0.866024792
vn -1.69607085e-06 0.500001132 0.866024792
vn -9.91087518e-07 0.500001132 0.866024792
vn 0 0.500002623 0.866023958
vn -9.91087404e-07 0.499999017 0.866025984
vn -9.91085926e-07 0.500001073 0.866024792
vn -1.69607085e-06 0.500001132 0.866024792
vn -9.91085926e-07 0.500001132 0.866024792
vn 0 0.500000477 0.86602515
vn -3.34735738e-13 0.499998987 0.866025984
vn 0 0.499998927 0.866025984
vn 0 0.500001132 0.866024792
vn 0 0.500001132 0.866024792
vn 0 0.499998927 0.866025984
vn 1.44750585e-13 0.499999017 0.866025984
vn 0 0.500000536 0.86602515
vn 0 0.499998927 0.866025984
vn 0 0.499998331 0.866026461
vn -9.91087859e-07 0.499998927 0.866025984
vn 1.44750585e-13 0.499999017 0.866025984
vn -3.34735738e-13 0.499998987 0.866025984
vn 9.91087404e-07 0.499998927 0.866026044
vn 0 0.499998331 0.866026461
vn 0 0.499998927 0.866025984
vn 0 0.500000536 0.86602515
vn 1.44750585e-13 0.499999017 0.866025984
vn 0 0.500001073 0.866024792
vn 0 0.500001132 0.866024792
vn 0 0.500001132 0.866024792
vn 0 0.500001073 0.866024792
vn -1.53797493e-13 0.499999017 0.866025984
vn 0 0.500000477 0.86602515
vn 0 0.500001073 0.866024792
vn 0 0.499996215 0.866027594
vn 9.91089337e-07 0.499996811 0.866027296
vn -1.53797493e-13 0.499999017 0.866025984
vn 1.44750585e-13 0.499999017 0.866025984
vn -9.91087859e-07 0.499998927 0.866025984
vn 0 0.499996215 0.866027594
vn 0 0.500001073 0.866024792
vn -9.91087859e-07 0.499998927 0.866025984
vn 9.9108513e-07 0.500003278 0.86602354
vn 9.91089451e-07 0.499996871 0.866027296
vn 0 0.499996215 0.866027594
vn 0 0.499996215 0.866027594
vn 9.91089451e-07 0.499996871 0.866027296
vn -9.91088541e-07 0.499998987 0.866025984
vn 9.91089337e-07 0.499996811 0.866027296
vn 9.91089451e-07 0.499996871 0.866027296
vn 1.98217299e-06 0.500001132 0.866024792
vn -9.91087063e-07 0.500001073 0.866024792
vn -9.91088541e-07 0.499998987 0.866025984
vn 9.9108513e-07 0.500003278 0.86602354
vn 1.98217595e-06 0.499998927 0.866026044
vn 1.98217299e-06 0.500001132 0.866024792
vn 9.91089451e-07 0.499996871 0.866027296
vn 9.91087404e-07 0.499998927 0.866026044
vn 0 0.500003278 0.86602354
vn 0 0.500003278 0.86602354
vn 0 0.499998331 0.866026461
vn 0 0.499998331 0.866026461
vn 0 0.500003278 0.86602354
vn 9.9108513e-07 0.500003278 0.86602354
vn -9.91087859e-07 0.499998927 0.866025984
vn 0 0.500003278 0.86602354
vn 0 0.500001132 0.866024792
vn 1.98217595e-06 0.499998927 0.866026044
vn 9.9108513e-07 0.500003278 0.86602354
vn 0 0.500003278 0.86602354
vn 0 0.500001073 0.866024792
vn 0 0.500001132 0.866024792
vn 0 0.500003278 0.86602354
vn 0 0.500001073 0.866024792
vn 0 0.499998331 0.866026342
vn 9.91088996e-07 0.499998331 0.866026342
vn 0 0.500001132 0.866024792
vn 0 0.500001132 0.866024792
vn 9.91088996e-07 0.499998331 0.866026342
vn 9.91088882e-07 0.499998331 0.866026461
vn 1.98217595e-06 0.499998927 0.866026044
vn 9.91088996e-07 0.499998331 0.866026342
vn 0 0.500000477 0.86602515
vn 0 0.500002623 0.866023958
vn 9.91088882e-07 0.499998331 0.866026461
vn 0 0.499998331 0.866026342
vn 0 0.500000477 0.86602515
vn 0 0.500000477 0.86602515
vn 9.91088996e-07 0.499998331 0.866026342
vn 1.98217595e-06 0.499998927 0.866026044
vn 9.91088882e-07 0.499998331 0.866026461
vn 0 0.500002623 0.866023839
vn 1.98217299e-06 0.500001132 0.866024792
vn 1.98217299e-06 0.500001132 0.866024792
vn 0 0.500002623 0.866023839
vn -9.9108604e-07 0.500002682 0.866023958
vn -9.91087063e-07 0.500001073 0.866024792
vn 0 0.500002623 0.866023839
vn 0 0.500002623 0.866023839
vn 0 0.499998331 0.866026342
vn -9.9108604e-07 0.500002682 0.866023958
vn 9.91088882e-07 0.499998331 0.866026461
vn 0 0.500002623 0.866023958
vn 0 0.500002623 0.866023839
vn 0 0.500002623 0.866023839
vn 0 0.500002623 0.866023958
vn 0 0.499998331 0.866026342
vn 1.98217367e-06 0.500000536 0.86602515
vn 0 0.500002623 0.866023839
vn 0 0.500002623 0.866023839
vn 1.98217367e-06 0.500000536 0.86602515
vn -1.23038006e-12 0.49999842 0.866026402
vn 0 0.499998331 0.866026342
vn 1.98217367e-06 0.500000536 0.86602515
vn 0 0.499996215 0.866027594
vn 9.91086949e-07 0.500000536 0.86602515
vn -1.23038006e-12 0.49999842 0.866026402
vn 0 0.499998331 0.866026342
vn 5.06627021e-13 0.499998331 0.866026342
vn 0 0.499996215 0.866027594
vn 1.98217367e-06 0.500000536 0.86602515
vn 0 0.500000477 0.86602515
vn 0 0.499998331 0.866026461
vn 0 0.500000477 0.86602515
vn 0 0.500000477 0.86602515
vn 0 0.500000477 0.86602515
vn 0 0.500000477 0.86602515
vn 0 0.499998331 0.866026342
vn 0 0.500002623 0.866023958
vn 0 0.500000477 0.86602515
vn 0 0.499996215 0.866027594
vn 5.06627021e-13 0.499998331 0.866026342
vn 0 0.499998331 0.866026342
vn 0 0.499998331 0.866026461
vn -1.15800468e-12 0.499998331 0.866026461
vn 0 0.499996215 0.866027594
vn 0 0.500000477 0.86602515
vn -9.91085926e-07 0.500001073 0.866024792
vn -9.91085017e-07 0.500002682 0.866023958
vn -9.91086381e-07 0.500000477 0.86602515
vn -1.69607085e-06 0.500001132 0.866024792
vn -1.69607085e-06 0.500001132 0.866024792
vn -9.91086381e-07 0.500000477 0.86602515
vn 0 0.499998987 0.866025984
vn -9.91087518e-07 0.500001132 0.866024792
vn -9.91086381e-07 0.500000477 0.86602515
vn 0 0.500000477 0.86602515
vn 0 0.500000536 0.86602515
vn 0 0.499998987 0.866025984
vn -9.91085017e-07 0.500002682 0.866023958
vn 0 0.499998331 0.866026461
vn 0 0.500000477 0.86602515
vn -9.91086381e-07 0.500000477 0.86602515
vn -9.91087518e-07 0.500001132 0.866024792
vn 0 0.499998987 0.866025984
vn 0 0.499998331 0.866026342
vn -2.86102733e-07 0.500001073 0.866024792
vn -2.86102733e-07 0.500001073 0.866024792
vn 0 0.499998331 0.866026342
vn 0 0.499998331 0.866026342
vn 0 0.500001073 0.866024792
vn 0 0.499998331 0.866026342
vn 0 0.500000477 0.86602515
vn 0 0.500000477 0.86602515
vn 0 0.499998331 0.866026342
vn 0 0.499998987 0.866025984
vn 0 0.500000536 0.86602515
vn 0 0.500000477 0.86602515
vn 0 0.499998331 0.866026342
vn 0 0.500000536 0.86602515
vn 0 0.499998301 0.866026342
vn 0 0.500000477 0.86602515
vn 0 0.500000477 0.86602515
vn 0 0.500000477 0.86602515
vn 0 0.500000477 0.86602515
vn 0 0.499998331 0.866026461
vn 0 0.500000477 0.86602515
vn 0 0.500000477 0.86602515
vn 0 0.499996215 0.866027653
vn -1.15800468e-12 0.499998331 0.866026461
vn 0 0.499998331 0.866026461
vn 0 0.499998301 0.866026342
vn 2.27982173e-12 0.499998331 0.866026342
vn 0 0.499996215 0.866027653
vn 0 0.500000477 0.86602515
vn 0 0.499998331 0.866026461
vn 0 0.499998331 0.866026461
vn -1.98217253e-06 0.500000477 0.86602515
vn 0 0.500000477 0.86602515
vn 0 0.500000477 0.86602515
vn -1.98217253e-06 0.500000477 0.86602515
vn 0 0.499998301 0.866026342
vn 0 0.500000536 0.86602515
vn -1.98217253e-06 0.500000477 0.86602515
vn 2.2436341e-12 0.499996215 0.866027653
vn 2.27982173e-12 0.499998331 0.866026342
vn 0 0.499998301 0.866026342
vn 0 0.499998331 0.866026461
vn -9.91086381e-07 0.500000477 0.86602515
vn 2.2436341e-12 0.499996215 0.866027653
vn -1.98217253e-06 0.500000477 0.86602515
vn -9.91086381e-07 0.500000477 0.86602515
vn 0 0.499998331 0.866026342
vn -9.91090019e-07 0.499998331 0.866026342
vn 2.2436341e-12 0.499996215 0.866027653
vn 2.2436341e-12 0.499996215 0.866027653
vn -9.91090019e-07 0.499998331 0.866026342
vn -4.0530166e-12 0.499998331 0.866026342
vn 2.27982173e-12 0.499998331 0.866026342
vn -9.91090019e-07 0.499998331 0.866026342
vn 1.15800468e-12 0.500000477 0.86602515
vn 9.91087177e-07 0.499998331 0.866026461
vn -4.0530166e-12 0.499998331 0.866026342
vn 0 0.499998331 0.866026342
vn -9.91086381e-07 0.500000536 0.86602515
vn 1.15800468e-12 0.500000477 0.86602515
vn -9.91090019e-07 0.499998331 0.866026342
vn 2.27982173e-12 0.499998331 0.866026342
vn -4.0530166e-12 0.499998331 0.866026342
vn 0 0.499996215 0.866027653
vn 0 0.499996215 0.866027653
vn 0 0.499996215 0.866027653
vn 0 0.499996215 0.866027653
vn 1.15800468e-12 0.500000536 0.86602515
vn -1.15800468e-12 0.499998331 0.866026461
vn 0 0.499996215 0.866027653
vn -9.91086381e-07 0.500000536 0.86602515
vn -9.91087745e-07 0.499998331 0.866026342
vn 1.15800468e-12 0.500000536 0.86602515
vn -4.0530166e-12 0.499998331 0.866026342
vn 9.91087177e-07 0.499998331 0.866026461
vn -9.91086381e-07 0.500000536 0.86602515
vn 0 0.499996215 0.866027653
vn 9.91087177e-07 0.499998331 0.866026461
vn 0 0.500000477 0.86602515
vn 0 0.500002623 0.866023958
vn -9.91086381e-07 0.500000536 0.86602515
vn -9.91086381e-07 0.500000536 0.86602515
vn 0 0.500002623 0.866023958
vn -9.91088996e-07 0.499998331 0.866026342
vn -9.91087745e-07 0.499998331 0.866026342
vn 0 0.500002623 0.866023958
vn 0 0.499998331 0.866026342
vn -1.15800468e-12 0.499998361 0.866026342
vn -9.91088996e-07 0.499998331 0.866026342
vn 0 0.500000477 0.86602515
vn 2.17125883e-12 0.499998361 0.866026342
vn 0 0.499998331 0.866026342
vn 0 0.500002623 0.866023958
vn -9.91086381e-07 0.500000536 0.86602515
vn 0 0.500002623 0.866023958
vn 0 0.500000477 0.86602515
vn 1.15800468e-12 0.500000477 0.86602515
vn 1.15800468e-12 0.500000477 0.86602515
vn 0 0.500000477 0.86602515
vn 0 0.500000477 0.86602515
vn 9.91087177e-07 0.499998331 0.866026461
vn 0 0.500000477 0.86602515
vn 9.91090019e-07 0.499998331 0.866026342
vn 2.17125883e-12 0.499998361 0.866026342
vn 0 0.500000477 0.86602515
vn 0 0.500002623 0.866023958
vn 0 0.499998331 0.866026461
vn 9.91090019e-07 0.499998331 0.866026342
vn 0 0.500000477 0.86602515
vn -1.15800468e-12 0.499998331 0.866026461
vn 1.15800468e-12 0.500000536 0.86602515
vn 0 0.499998331 0.866026461
vn 0 0.499996215 0.866027594
vn 0 0.499996215 0.866027594
vn 0 0.499998331 0.866026461
vn -5.06627075e-13 0.500002682 0.866023839
vn 5.06627021e-13 0.499998331 0.866026342
vn 0 0.499998331 0.866026461
vn -9.9108604e-07 0.500002682 0.866023958
vn 9.91087745e-07 0.499998331 0.866026342
vn -5.06627075e-13 0.500002682 0.866023839
vn 1.15800468e-12 0.500000536 0.86602515
vn -9.91087745e-07 0.499998331 0.866026342
vn -9.9108604e-07 0.500002682 0.866023958
vn 0 0.499998331 0.866026461
vn 5.06627021e-13 0.499998331 0.866026342
vn -5.06627075e-13 0.500002682 0.866023839
vn 9.91089792e-07 0.499996215 0.866027653
vn 0 0.499996215 0.866027594
vn 0 0.499996215 0.866027594
vn 9.91089792e-07 0.499996215 0.866027653
vn 0 0.499998331 0.866026342
vn 9.91086949e-07 0.500000536 0.86602515
vn 9.91089792e-07 0.499996215 0.866027653
vn 1.98217367e-06 0.500000536 0.86602509
vn -9.91087518e-07 0.500000536 0.86602515
vn 0 0.499998331 0.866026342
vn -5.06627075e-13 0.500002682 0.866023839
vn 9.91087745e-07 0.499998331 0.866026342
vn 1.98217367e-06 0.500000536 0.86602509
vn 9.91089792e-07 0.499996215 0.866027653
vn 9.91087745e-07 0.499998331 0.866026342
vn 9.91088882e-07 0.499998331 0.866026342
vn 0 0.500002623 0.866023839
vn 1.98217367e-06 0.500000536 0.86602509
vn 1.98217367e-06 0.500000536 0.86602509
vn 0 0.500002623 0.866023839
vn 0 0.500000477 0.86602515
vn -9.91087518e-07 0.500000536 0.86602515
vn 0 0.500002623 0.866023839
vn 9.91085585e-07 0.500002682 0.866023839
vn -6.51377606e-13 0.499998361 0.866026342
vn 0 0.500000477 0.86602515
vn 9.91088882e-07 0.499998331 0.866026342
vn 0 0.500002623 0.866023839
vn 9.91085585e-07 0.500002682 0.866023839
vn 0 0.500002623 0.866023839
vn -9.91087745e-07 0.499998331 0.866026342
vn -9.91088996e-07 0.499998331 0.866026342
vn 0 0.500000477 0.86602515
vn -9.9108604e-07 0.500002682 0.866023958
vn -9.9108604e-07 0.500002682 0.866023958
vn 0 0.500000477 0.86602515
vn 9.91088882e-07 0.499998331 0.866026342
vn 9.91087745e-07 0.499998331 0.866026342
vn 0 0.500000477 0.86602515
vn -9.91087518e-07 0.500000477 0.86602515
vn 0 0.500002623 0.866023839
vn 9.91088882e-07 0.499998331 0.866026342
vn -9.91088996e-07 0.499998331 0.866026342
vn -1.15800468e-12 0.499998361 0.866026342
vn -9.91087518e-07 0.500000477 0.86602515
vn 0 0.500000477 0.86602515
vn -1.15800468e-12 0.499998361 0.866026342
vn -1.98217504e-06 0.500000477 0.86602515
vn -1.98217776e-06 0.499998331 0.866026342
vn -9.91087518e-07 0.500000477 0.86602515
vn -9.91087518e-07 0.500000477 0.86602515
vn -1.98217776e-06 0.499998331 0.866026342
vn 0 0.499998331 0.866026342
vn 0 0.500002623 0.866023839
vn -1.98217776e-06 0.499998331 0.866026342
vn 0 0.499996215 0.866027653
vn -9.91089792e-07 0.499996215 0.866027594
vn 0 0.499998331 0.866026342
vn -1.98217504e-06 0.500000477 0.86602515
vn 0 0.500000477 0.86602515
vn 0 0.499996215 0.866027653
vn -1.98217776e-06 0.499998331 0.866026342
vn 0 0.500002623 0.866023839
vn 0 0.499998331 0.866026342
vn 1.98217367e-06 0.500000536 0.86602515
vn 9.91085585e-07 0.500002682 0.866023839
vn 9.91085585e-07 0.500002682 0.866023839
vn 1.98217367e-06 0.500000536 0.86602515
vn 1.98217367e-06 0.500000536 0.86602515
vn -6.51377606e-13 0.499998361 0.866026342
vn 1.98217367e-06 0.500000536 0.86602515
vn 0 0.499996215 0.866027594
vn 9.91086949e-07 0.500000536 0.86602515
vn 1.98217367e-06 0.500000536 0.86602515
vn 0 0.499998331 0.866026342
vn -9.91089792e-07 0.499996215 0.866027594
vn 0 0.499996215 0.866027594
vn 1.98217367e-06 0.500000536 0.86602515
vn -9.91089792e-07 0.499996215 0.866027594
vn 0 0.499999017 0.866025984
vn 0 0.499996871 0.866027296
vn 0 0.499996215 0.866027594
vn 0 0.499996215 0.866027594
vn 0 0.499996871 0.866027296
vn 0 0.499999017 0.866025984
vn 9.91086949e-07 0.500000536 0.86602515
vn 0 0.499996871 0.866027296
vn -0 0.499999613 0.866025686
vn -0 0.499999613 0.866025686
vn 0 0.499999017 0.866025984
vn 0 0.499999017 0.866025984
vn -0 0.499999613 0.866025686
vn -0 0.499999613 0.866025686
vn 0 0.499996871 0.866027296
vn 0 0.500000477 0.86602515
vn 0 0.499998927 0.866025984
vn 0 0.499998987 0.866025984
vn 0 0.499996215 0.866027653
vn 0 0.499996215 0.866027653
vn 0 0.499998987 0.866025984
vn 0 0.499999017 0.866025984
vn -9.91089792e-07 0.499996215 0.866027594
vn 0 0.499998987 0.866025984
vn -0 0.499999583 0.866025686
vn -0 0.499999613 0.866025686
vn 0 0.499999017 0.866025984
vn 0 0.499998927 0.866025984
vn -0 0.499999613 0.866025686
vn -0 0.499999583 0.866025686
vn 0 0.499998987 0.866025984
vn 0 0.499998331 0.866026461
vn 1.98217549e-06 0.499998331 0.866026461
vn 0 0.499998331 0.866026342
vn 9.91090019e-07 0.499998331 0.866026342
vn 9.91090019e-07 0.499998331 0.866026342
vn 0 0.499998331 0.866026342
vn 0 0.500000477 0.86602515
vn 2.17125883e-12 0.499998361 0.866026342
vn 0 0.499998331 0.866026342
vn 0 0.500000477 0.86602515
vn 0 0.500000477 0.86602515
vn 0 0.500000477 0.86602515
vn 1.98217549e-06 0.499998331 0.866026461
vn 9.91086381e-07 0.500000477 0.86602515
vn 0 0.500000477 0.86602515
vn 0 0.499998331 0.866026342
vn 2.17125883e-12 0.499998361 0.866026342
vn 0 0.500000477 0.86602515
vn 0 0.499998331 0.866026461
vn 0 0.499998331 0.866026342
vn 0 0.499998331 0.866026342
vn 0 0.499998331 0.866026461
vn -1.98217504e-06 0.500000477 0.86602515
vn -1.15800468e-12 0.499998361 0.866026342
vn 0 0.499998331 0.866026461
vn 0 0.500000477 0.86602515
vn 0 0.500000477 0.86602515
vn -1.98217504e-06 0.500000477 0.86602515
vn 0 0.500000477 0.86602515
vn 0 0.500000477 0.86602515
vn 0 0.500000477 0.86602515
vn 0 0.499998331 0.866026461
vn 0 0.500000477 0.86602515
vn 0 0.499998927 0.866025984
vn 0 0.499998987 0.866025984
vn 0 0.500000477 0.86602515
vn 0 0.500000477 0.86602515
vn 0 0.499998987 0.866025984
vn 0 0.499998927 0.866025984
vn 0 0.500000477 0.86602515
vn 0 0.499998987 0.866025984
vn -0 0.499999613 0.866025686
vn -0 0.499999613 0.866025686
vn 0 0.499998927 0.866025984
vn 0 0.499998927 0.866025984
vn -0 0.499999553 0.866025686
vn -0 0.499999613 0.866025686
vn 0 0.499998987 0.866025984
vn 9.91086381e-07 0.500000477 0.86602515
vn 0 0.499998987 0.866025984
vn 0 0.499998987 0.866025984
vn 0 0.500000477 0.86602515
vn 0 0.500000477 0.86602515
vn 0 0.499998987 0.866025984
vn 0 0.499998927 0.866025984
vn 0 0.500000477 0.86602515
vn 0 0.499998987 0.866025984
vn -0 0.499999613 0.866025686
vn -0 0.499999553 0.866025686
vn 0 0.499998927 0.866025984
vn 0 0.499998987 0.866025984
vn -0 0.499999613 0.866025627
vn -0 0.499999613 0.866025686
vn 0 0.499998987 0.866025984
vn -1.98217731e-06 0.500000536 0.86602515
vn 0 0.500000477 0.86602515
vn -9.91086381e-07 0.500000536 0.86602509
vn -9.91088541e-07 0.500000477 0.86602515
vn -9.91088541e-07 0.500000477 0.86602515
vn -9.91086381e-07 0.500000536 0.86602509
vn 3.61876463e-14 0.499998331 0.866026461
vn 0 0.500002623 0.866023958
vn -9.91086381e-07 0.500000536 0.86602509
vn -2.20744647e-12 0.500000477 0.86602515
vn 9.91087745e-07 0.499998331 0.866026461
vn 3.61876463e-14 0.499998331 0.866026461
vn 0 0.500000477 0.86602515
vn -1.98217981e-06 0.499998361 0.866026342
vn -2.20744647e-12 0.500000477 0.86602515
vn -9.91086381e-07 0.500000536 0.86602509
vn 0 0.500002623 0.866023958
vn 3.61876463e-14 0.499998331 0.866026461
vn 9.91087745e-07 0.499998361 0.866026342
vn 0 0.500000477 0.86602515
vn 0 0.500000477 0.86602515
vn 9.91087745e-07 0.499998361 0.866026342
vn 0 0.499998331 0.866026342
vn 0 0.500000477 0.86602515
vn 9.91087745e-07 0.499998361 0.866026342
vn 0 0.500000477 0.86602515
vn -9.91086381e-07 0.500000477 0.86602515
vn 0 0.499998331 0.866026342
vn 3.61876463e-14 0.499998331 0.866026461
vn 9.91087745e-07 0.499998331 0.866026461
vn 0 0.500000477 0.86602515
vn 9.91087745e-07 0.499998361 0.866026342
vn 9.91087745e-07 0.499998331 0.866026461
vn 0 0.500000477 0.86602515
vn 0 0.500002563 0.866023958
vn 0 0.500000477 0.86602515
vn 0 0.500000477 0.86602515
vn 0 0.500002563 0.866023958
vn 0 0.500000477 0.86602515
vn -9.91086381e-07 0.500000477 0.86602515
vn 0 0.500002563 0.866023958
vn 2.27982173e-12 0.499998361 0.866026342
vn 2.17125883e-12 0.499998361 0.866026342
vn 0 0.500000477 0.86602515
vn 0 0.500000477 0.86602515
vn -1.98217549e-06 0.499998361 0.866026342
vn 2.27982173e-12 0.499998361 0.866026342
vn 0 0.500002563 0.866023958
vn -1.98217981e-06 0.499998361 0.866026342
vn -1.98217731e-06 0.500000536 0.86602515
vn -9.91091497e-07 0.499996215 0.866027594
vn -2.20744647e-12 0.500000477 0.86602515
vn -2.20744647e-12 0.500000477 0.86602515
vn -9.91091497e-07 0.499996215 0.866027594
vn 0 0.500000477 0.86602515
vn 9.91087745e-07 0.499998331 0.866026461
vn -9.91091497e-07 0.499996215 0.866027594
vn 2.27982173e-12 0.499998331 0.866026342
vn -1.98217549e-06 0.499998361 0.866026342
vn 0 0.500000477 0.86602515
vn -1.98217731e-06 0.500000536 0.86602515
vn 1.98217731e-06 0.500000536 0.86602515
vn 2.27982173e-12 0.499998331 0.866026342
vn -9.91091497e-07 0.499996215 0.866027594
vn 0 0.500000477 0.86602515
vn 0 0.499998331 0.866026342
vn -9.91087518e-07 0.500000536 0.86602515
vn 0 0.499996215 0.866027653
vn 0 0.499996215 0.866027653
vn -9.91087518e-07 0.500000536 0.86602515
vn -1.8455697e-12 0.499998331 0.866026342
vn 0 0.499998331 0.866026461
vn -9.91087518e-07 0.500000536 0.86602515
vn 1.15800468e-12 0.500000477 0.86602515
vn 9.91087973e-07 0.499998331 0.866026461
vn -1.8455697e-12 0.499998331 0.866026342
vn 0 0.499998331 0.866026342
vn -9.91086381e-07 0.500000477 0.86602515
vn 1.15800468e-12 0.500000477 0.86602515
vn -9.91087518e-07 0.500000536 0.86602515
vn 0 0.499998331 0.866026461
vn -1.8455697e-12 0.499998331 0.866026342
vn 9.91088996e-07 0.499998361 0.866026342
vn 0 0.499996215 0.866027653
vn 0 0.499996215 0.866027653
vn 9.91088996e-07 0.499998361 0.866026342
vn 0 0.499998331 0.866026342
vn -9.91086381e-07 0.500000477 0.86602515
vn 9.91088996e-07 0.499998361 0.866026342
vn 0 0.500000477 0.86602515
vn -9.91086381e-07 0.500000536 0.86602515
vn 0 0.499998331 0.866026342
vn -1.8455697e-12 0.499998331 0.866026342
vn 9.91087973e-07 0.499998331 0.866026461
vn 0 0.500000477 0.86602515
vn 9.91088996e-07 0.499998361 0.866026342
vn 9.91087973e-07 0.499998331 0.866026461
vn 0 0.500002623 0.866023958
vn 0 0.500002623 0.866023958
vn 0 0.500000477 0.86602515
vn 0 0.500000477 0.86602515
vn 0 0.500002623 0.866023958
vn 0 0.500002623 0.866023958
vn -9.91086381e-07 0.500000536 0.86602515
vn 0 0.500002623 0.866023958
vn 0 0.500002623 0.866023958
vn 0 0.499998331 0.866026461
vn 0 0.500002623 0.866023958
vn 0 0.500002623 0.866023958
vn 0 0.500002623 0.866023958
vn 0 0.500002623 0.866023958
vn 0 0.500002623 0.866023958
vn -9.91086381e-07 0.500000477 0.86602515
vn 0 0.500000477 0.86602515
vn 0 0.500000477 0.86602515
vn 1.15800468e-12 0.500000477 0.86602515
vn 1.15800468e-12 0.500000477 0.86602515
vn 0 0.500000477 0.86602515
vn 0 0.500002623 0.866023958
vn 9.91087973e-07 0.499998331 0.866026461
vn 0 0.500000477 0.86602515
vn -9.91085017e-07 0.500002623 0.866023958
vn 0 0.500002623 0.866023958
vn 0 0.500002623 0.866023958
vn 0 0.500000477 0.86602515
vn 2.17125883e-12 0.499998361 0.866026342
vn -9.91085017e-07 0.500002623 0.866023958
vn 0 0.500000477 0.86602515
vn 2.17125883e-12 0.499998361 0.866026342
vn -1.98217276e-06 0.500000477 0.86602515
vn -1.98217549e-06 0.499998331 0.866026461
vn -9.91085017e-07 0.500002623 0.866023958
vn -9.91085017e-07 0.500002623 0.866023958
vn -1.98217549e-06 0.499998331 0.866026461
vn 0 0.499998331 0.866026461
vn 0 0.500002623 0.866023958
vn -1.98217549e-06 0.499998331 0.866026461
vn 0 0.499996215 0.866027653
vn -9.91091269e-07 0.499996156 0.866027653
vn 0 0.499998331 0.866026461
vn -1.98217276e-06 0.500000477 0.86602515
vn 0 0.500000477 0.86602515
vn 0 0.499996215 0.866027653
vn -1.98217549e-06 0.499998331 0.866026461
vn 0 0.500002623 0.866023958
vn 0 0.499998331 0.866026461
vn 1.98217253e-06 0.500000536 0.86602515
vn 0 0.500002623 0.866023958
vn 0 0.500002623 0.866023958
vn 1.98217253e-06 0.500000536 0.86602515
vn 1.98217549e-06 0.499998331 0.866026461
vn 0 0.499998331 0.866026461
vn 1.98217253e-06 0.500000536 0.86602515
vn -1.15800468e-12 0.499996215 0.866027594
vn 9.91086381e-07 0.500000477 0.86602515
vn 1.98217549e-06 0.499998331 0.866026461
vn 0 0.499998331 0.866026461
vn -9.91091269e-07 0.499996156 0.866027653
vn -1.15800468e-12 0.499996215 0.866027594
vn 1.98217253e-06 0.500000536 0.86602515
vn -9.91091269e-07 0.499996156 0.866027653
vn 0 0.499998927 0.866025984
vn 0 0.499996871 0.866027296
vn -1.15800468e-12 0.499996215 0.866027594
vn -1.15800468e-12 0.499996215 0.866027594
vn 0 0.499996871 0.866027296
vn 0 0.499998987 0.866025984
vn 9.91086381e-07 0.500000477 0.86602515
vn 0 0.499996871 0.866027296
vn -0 0.499999613 0.866025686
vn -0 0.499999613 0.866025627
vn 0 0.499998987 0.866025984
vn 0 0.499998927 0.866025984
vn -0 0.499999553 0.866025686
vn -0 0.499999613 0.866025686
vn 0 0.499996871 0.866027296
vn 0 0.500000477 0.86602515
vn 0 0.499998987 0.866025984
vn 0 0.499998987 0.866025984
vn 0 0.499996215 0.866027653
vn 0 0.499996215 0.866027653
vn 0 0.499998987 0.866025984
vn 0 0.499998927 0.866025984
vn -9.91091269e-07 0.499996156 0.866027653
vn 0 0.499998987 0.866025984
vn -0 0.499999613 0.866025686
vn -0 0.499999553 0.866025686
vn 0 0.499998927 0.866025984
vn 0 0.499998987 0.866025984
vn -0 0.499999613 0.866025686
vn -0 0.499999613 0.866025686
vn 0 0.499998987 0.866025984
vn 1.98217731e-06 0.500000536 0.86602515
vn 0 0.499998331 0.866026342
vn 0 0.500002623 0.866023958
vn 2.27982173e-12 0.499998331 0.866026342
vn 2.27982173e-12 0.499998331 0.866026342
vn 0 0.500002623 0.866023958
vn 0 0.500000477 0.86602515
vn -1.98217549e-06 0.499998361 0.866026342
vn 0 0.500002623 0.866023958
vn -9.91088541e-07 0.500000477 0.86602515
vn 0 0.500000477 0.86602515
vn 0 0.500000477 0.86602515
vn 0 0.499998331 0.866026342
vn -1.98217731e-06 0.500000536 0.86602515
vn -9.91088541e-07 0.500000477 0.86602515
vn 0 0.500002623 0.866023958
vn -1.98217549e-06 0.499998361 0.866026342
vn 0 0.500000477 0.86602515
vn 0 0.499998331 0.866026342
vn 2.27982173e-12 0.499998361 0.866026342
vn 2.27982173e-12 0.499998361 0.866026342
vn 0 0.499998331 0.866026342
vn -1.98217276e-06 0.500000477 0.86602515
vn 2.17125883e-12 0.499998361 0.866026342
vn 0 0.499998331 0.866026342
vn 0 0.500000477 0.86602515
vn 0 0.500000477 0.86602515
vn -1.98217276e-06 0.500000477 0.86602515
vn 0 0.500000477 0.86602515
vn 0 0.500000477 0.86602515
vn 0 0.500000477 0.86602515
vn 0 0.499998331 0.866026342
vn 0 0.500000477 0.86602515
vn 0 0.499998987 0.866025984
vn 0 0.499998987 0.866025984
vn 0 0.500000477 0.86602515
vn 0 0.500000477 0.86602515
vn 0 0.499998987 0.866025984
vn 0 0.499998987 0.866025984
vn 0 0.500000477 0.86602515
vn 0 0.499998987 0.866025984
vn -0 0.499999613 0.866025686
vn -0 0.499999613 0.866025686
vn 0 0.499998987 0.866025984
vn 0 0.499998987 0.866025984
vn -0 0.499999613 0.866025627
vn -0 0.499999613 0.866025686
vn 0 0.499998987 0.866025984
vn -1.98217731e-06 0.500000536 0.86602515
vn 0 0.500001132 0.866024792
vn 0 0.499998987 0.866025984
vn -9.91088541e-07 0.500000477 0.86602515
vn -9.91088541e-07 0.500000477 0.86602515
vn 0 0.499998987 0.866025984
vn 0 0.499998987 0.866025984
vn 0 0.500000477 0.86602515
vn 0 0.499998987 0.866025984
vn -0 0.499999613 0.866025686
vn -0 0.499999613 0.866025627
vn 0 0.499998987 0.866025984
vn 0 0.500001132 0.866024792
vn -0 0.499999613 0.866025686
vn -0 0.499999613 0.866025686
vn 0 0.499998987 0.866025984
vn 0 0.500000477 0.86602515
vn -1.53797493e-13 0.499999017 0.866025984
vn -1.35703663e-13 0.499998927 0.866025984
vn 0 0.500001132 0.866024792
vn 0 0.500001132 0.866024792
vn -1.35703663e-13 0.499998927 0.866025984
vn 5.15673984e-13 0.499999017 0.866025984
vn 0 0.500000536 0.86602515
vn -1.35703663e-13 0.499998927 0.866025984
vn 0 0.499998331 0.866026461
vn -9.91089337e-07 0.499998927 0.866025984
vn 5.15673984e-13 0.499999017 0.866025984
vn -1.53797493e-13 0.499999017 0.866025984
vn 9.91089337e-07 0.499996811 0.866027296
vn 0 0.499998331 0.866026461
vn -1.35703663e-13 0.499998927 0.866025984
vn 0 0.500000536 0.86602515
vn 5.15673984e-13 0.499999017 0.866025984
vn 1.5379748e-13 0.500001073 0.866024792
vn 0 0.500001132 0.866024792
vn 0 0.500001132 0.866024792
vn 1.5379748e-13 0.500001073 0.866024792
vn 2.714073e-13 0.499998927 0.866025984
vn 0 0.500000536 0.86602515
vn 1.5379748e-13 0.500001073 0.866024792
vn -3.61876463e-13 0.499998361 0.866026342
vn 9.91087745e-07 0.499998927 0.866026044
vn 2.714073e-13 0.499998927 0.866025984
vn 5.15673984e-13 0.499999017 0.866025984
vn -9.91089337e-07 0.499998927 0.866025984
vn -3.61876463e-13 0.499998361 0.866026342
vn 1.5379748e-13 0.500001073 0.866024792
vn -9.91089337e-07 0.499998927 0.866025984
vn 0 0.500002623 0.866023839
vn 0 0.500001132 0.866024792
vn -3.61876463e-13 0.499998361 0.866026342
vn -3.61876463e-13 0.499998361 0.866026342
vn 0 0.500001132 0.866024792
vn 0 0.500003278 0.86602354
vn 9.91087745e-07 0.499998927 0.866026044
vn 0 0.500001132 0.866024792
vn -2.86102875e-07 0.500001073 0.866024792
vn 0 0.500001132 0.866024792
vn 0 0.500003278 0.86602354
vn 0 0.500002623 0.866023839
vn -9.91086608e-07 0.500001132 0.866024792
vn -2.86102875e-07 0.500001073 0.866024792
vn 0 0.500001132 0.866024792
vn 9.91089337e-07 0.499996811 0.866027296
vn -9.91088541e-07 0.499998987 0.866025984
vn -9.91087063e-07 0.500001073 0.866024792
vn 0 0.499998331 0.866026461
vn 0 0.499998331 0.866026461
vn -9.91087063e-07 0.500001073 0.866024792
vn 0 0.500002623 0.866023839
vn -9.91089337e-07 0.499998927 0.866025984
vn -9.91087063e-07 0.500001073 0.866024792
vn -1.69607074e-06 0.500001132 0.866024792
vn -9.91086608e-07 0.500001132 0.866024792
vn 0 0.500002623 0.866023839
vn -9.91088541e-07 0.499998987 0.866025984
vn -9.91087063e-07 0.500001073 0.866024792
vn -1.69607074e-06 0.500001132 0.866024792
vn -9.91087063e-07 0.500001073 0.866024792
vn 0 0.500000536 0.86602515
vn 2.714073e-13 0.499998927 0.866025984
vn 8.1422194e-14 0.499998927 0.866025984
vn 0 0.500001132 0.866024792
vn 0 0.500001132 0.866024792
vn 8.1422194e-14 0.499998927 0.866025984
vn 3.07594933e-13 0.499998897 0.866025984
vn 0 0.500000477 0.86602515
vn 8.1422194e-14 0.499998927 0.866025984
vn 0 0.499998331 0.866026461
vn -9.91088541e-07 0.499998927 0.866025984
vn 3.07594933e-13 0.499998897 0.866025984
vn 2.714073e-13 0.499998927 0.866025984
vn 9.91087745e-07 0.499998927 0.866026044
vn 0 0.499998331 0.866026461
vn 8.1422194e-14 0.499998927 0.866025984
vn 0 0.500000477 0.86602515
vn 3.07594933e-13 0.499998897 0.866025984
vn 2.71407313e-14 0.500001073 0.866024792
vn 0 0.500001132 0.866024792
vn 0 0.500001132 0.866024792
vn 2.71407313e-14 0.500001073 0.866024792
vn 0 0.499999017 0.866025984
vn 0 0.500000477 0.86602515
vn 2.71407313e-14 0.500001073 0.866024792
vn -1.80938232e-13 0.499996215 0.866027653
vn 9.91088086e-07 0.499998927 0.866025984
vn 0 0.499999017 0.866025984
vn 3.07594933e-13 0.499998897 0.866025984
vn -9.91088541e-07 0.499998927 0.866025984
vn -1.80938232e-13 0.499996215 0.866027653
vn 2.71407313e-14 0.500001073 0.866024792
vn -9.91088541e-07 0.499998927 0.866025984
vn 9.91085017e-07 0.500003219 0.86602354
vn 0 0.499999017 0.866025984
vn -1.80938232e-13 0.499996215 0.866027653
vn -1.80938232e-13 0.499996215 0.866027653
vn 0 0.499999017 0.866025984
vn -9.91086722e-07 0.500001132 0.866024792
vn 9.91088086e-07 0.499998927 0.866025984
vn 0 0.499999017 0.866025984
vn 9.91085358e-07 0.500003219 0.86602354
vn -9.91086608e-07 0.500001073 0.866024792
vn -9.91086722e-07 0.500001132 0.866024792
vn 9.91085017e-07 0.500003219 0.86602354
vn 9.9108729e-07 0.500001132 0.866024792
vn 9.91085358e-07 0.500003219 0.86602354
vn 0 0.499999017 0.866025984
vn 9.91087745e-07 0.499998927 0.866026044
vn 0 0.500003278 0.86602354
vn 0 0.500003338 0.86602354
vn 0 0.499998331 0.866026461
vn 0 0.499998331 0.866026461
vn 0 0.500003338 0.86602354
vn 9.91085017e-07 0.500003219 0.86602354
vn -9.91088541e-07 0.499998927 0.866025984
vn 0 0.500003338 0.86602354
vn 0 0.500001132 0.866024792
vn 9.9108729e-07 0.500001132 0.866024792
vn 9.91085017e-07 0.500003219 0.86602354
vn 0 0.500003278 0.86602354
vn 0 0.500001132 0.866024792
vn 0 0.500001132 0.866024792
vn 0 0.500003338 0.86602354
vn 0 0.500001132 0.866024792
vn 0 0.499998331 0.866026461
vn 0 0.499998331 0.866026342
vn 0 0.500001132 0.866024792
vn 0 0.500001132 0.866024792
vn 0 0.499998331 0.866026342
vn 0 0.499998331 0.866026461
vn 9.9108729e-07 0.500001132 0.866024792
vn 0 0.499998331 0.866026342
vn 0 0.500000536 0.86602515
vn 0 0.500000417 0.86602509
vn 0 0.499998331 0.866026461
vn 0 0.499998331 0.866026461
vn 0 0.500000477 0.86602515
vn 0 0.500000536 0.86602515
vn 0 0.499998331 0.866026342
vn 9.9108729e-07 0.500001132 0.866024792
vn 0 0.499998331 0.866026461
vn 0 0.500000536 0.86602515
vn 9.91085358e-07 0.500003219 0.86602354
vn 9.91085358e-07 0.500003219 0.86602354
vn 0 0.500000536 0.86602515
vn 0 0.500000477 0.86602515
vn -9.91086608e-07 0.500001073 0.866024792
vn 0 0.500000536 0.86602515
vn 0 0.500000477 0.86602515
vn 0 0.500000477 0.86602515
vn 0 0.500000477 0.86602515
vn 0 0.499998331 0.866026461
vn 0 0.500000417 0.86602509
vn 0 0.500000477 0.86602515
vn 0 0.500000536 0.86602515
vn 0 0.500000417 0.86602509
vn 0 0.499998331 0.866026461
vn 0 0.499998331 0.866026342
vn 0 0.500000477 0.86602515
vn 0 0.500000477 0.86602515
vn 0 0.499998331 0.866026342
vn 0 0.499998331 0.866026461
vn 0 0.500000477 0.86602515
vn 0 0.499998331 0.866026342
vn 0 0.499996215 0.866027653
vn -9.91090019e-07 0.499996215 0.866027653
vn 0 0.499998331 0.866026461
vn 0 0.499998331 0.866026461
vn 0 0.499998361 0.866026342
vn 0 0.499996215 0.866027653
vn 0 0.499998331 0.866026342
vn 0 0.500000477 0.86602515
vn 0 0.499998331 0.866026342
vn 0 0.499998331 0.866026342
vn 0 0.500000536 0.86602515
vn 0 0.500000536 0.86602515
vn 0 0.499998331 0.866026342
vn 0 0.499998331 0.866026461
vn 0 0.500000417 0.86602509
vn 0 0.499998331 0.866026342
vn 0 0.499996215 0.866027653
vn 0 0.499998361 0.866026342
vn 0 0.499998331 0.866026461
vn 0 0.499998331 0.866026342
vn 0 0.499996215 0.866027594
vn 0 0.499996215 0.866027653
vn 0 0.499998331 0.866026342
vn -9.91087063e-07 0.500001073 0.866024792
vn -9.9108604e-07 0.500002682 0.866023958
vn -9.91087518e-07 0.500000477 0.86602515
vn -1.69607074e-06 0.500001132 0.866024792
vn -1.69607074e-06 0.500001132 0.866024792
vn -9.91087518e-07 0.500000477 0.86602515
vn 0 0.499999017 0.866025984
vn -9.91086608e-07 0.500001132 0.866024792
vn -9.91087518e-07 0.500000477 0.86602515
vn 0 0.500000477 0.86602515
vn 0 0.500000536 0.86602515
vn 0 0.499999017 0.866025984
vn -9.9108604e-07 0.500002682 0.866023958
vn 0 0.499998331 0.866026342
vn 0 0.500000477 0.86602515
vn -9.91087518e-07 0.500000477 0.86602515
vn -9.91086608e-07 0.500001132 0.866024792
vn 0 0.499999017 0.866025984
vn 0 0.499998331 0.866026342
vn -2.86102875e-07 0.500001073 0.866024792
vn -2.86102875e-07 0.500001073 0.866024792
vn 0 0.499998331 0.866026342
vn 0 0.499998331 0.866026461
vn 0 0.500001132 0.866024792
vn 0 0.499998331 0.866026342
vn 0 0.500000477 0.86602515
vn 0 0.500000477 0.86602515
vn 0 0.499998331 0.866026461
vn 0 0.499999017 0.866025984
vn 0 0.500000536 0.86602515
vn 0 0.500000477 0.86602515
vn 0 0.499998331 0.866026342
vn 0 0.500000536 0.86602515
vn 0 0.499998331 0.866026342
vn 0 0.499998331 0.866026342
vn 0 0.500000477 0.86602515
vn 0 0.500000477 0.86602515
vn 0 0.499998331 0.866026342
vn 0 0.499998331 0.866026342
vn 0 0.500000477 0.86602515
vn 0 0.499998331 0.866026342
vn 0 0.499996215 0.866027653
vn 0 0.499996215 0.866027594
vn 0 0.499998331 0.866026342
vn 0 0.499998331 0.866026342
vn 0 0.499998391 0.866026402
vn 0 0.499996215 0.866027653
vn 0 0.499998331 0.866026342
vn 0 0.499998331 0.866026342
vn -1.23038006e-12 0.49999842 0.866026402
vn -1.98217776e-06 0.499998331 0.866026342
vn 0 0.500000477 0.86602515
vn 0 0.500000477 0.86602515
vn -1.98217776e-06 0.499998331 0.866026342
vn 0 0.499998331 0.866026342
vn 0 0.500000536 0.86602515
vn -1.98217776e-06 0.499998331 0.866026342
vn 0 0.499996215 0.866027653
vn 0 0.499998391 0.866026402
vn 0 0.499998331 0.866026342
vn -1.23038006e-12 0.49999842 0.866026402
vn 9.91086949e-07 0.500000536 0.86602515
vn 0 0.499996215 0.866027653
vn -1.98217776e-06 0.499998331 0.866026342
vn 0 0.500000477 0.86602515
vn 0 0.499999017 0.866025984
vn 0 0.499998957 0.866025984
vn 0 0.500001132 0.866024792
vn 0 0.500001132 0.866024792
vn 0 0.499998957 0.866025984
vn 1.35703663e-13 0.499998927 0.866025984
vn 0 0.500000417 0.86602509
vn 0 0.499998957 0.866025984
vn 0 0.499998331 0.866026342
vn -9.91088314e-07 0.499998927 0.866026044
vn 1.35703663e-13 0.499998927 0.866025984
vn 0 0.499999017 0.866025984
vn 9.91088086e-07 0.499998927 0.866025984
vn 0 0.499998331 0.866026342
vn 0 0.499998957 0.866025984
vn 0 0.500000417 0.86602509
vn 1.35703663e-13 0.499998927 0.866025984
vn -2.71407347e-14 0.500001132 0.866024792
vn 0 0.500001132 0.866024792
vn 0 0.500001132 0.866024792
vn -2.71407347e-14 0.500001132 0.866024792
vn -3.16641895e-13 0.499998987 0.866025984
vn 0 0.500000477 0.86602515
vn -2.71407347e-14 0.500001132 0.866024792
vn -2.53313538e-13 0.499998361 0.866026342
vn 9.91087745e-07 0.499998987 0.866025984
vn -3.16641895e-13 0.499998987 0.866025984
vn 1.35703663e-13 0.499998927 0.866025984
vn -9.91088314e-07 0.499998927 0.866026044
vn -2.53313538e-13 0.499998361 0.866026342
vn -2.71407347e-14 0.500001132 0.866024792
vn -9.91088314e-07 0.499998927 0.866026044
vn 0 0.500002682 0.866023958
vn 0 0.500001132 0.866024792
vn -2.53313538e-13 0.499998361 0.866026342
vn -2.53313538e-13 0.499998361 0.866026342
vn 0 0.500001132 0.866024792
vn 0 0.500003278 0.86602354
vn 9.91087745e-07 0.499998987 0.866025984
vn 0 0.500001132 0.866024792
vn -2.86102903e-07 0.500001132 0.866024792
vn 0 0.500001192 0.866024792
vn 0 0.500003278 0.86602354
vn 0 0.500002682 0.866023958
vn 8.1422194e-14 0.500001073 0.866024792
vn -2.86102903e-07 0.500001132 0.866024792
vn 0 0.500001132 0.866024792
vn 9.91088086e-07 0.499998927 0.866025984
vn -9.91086722e-07 0.500001132 0.866024792
vn 0 0.500003278 0.86602354
vn 0 0.499998331 0.866026342
vn 0 0.499998331 0.866026342
vn 0 0.500003278 0.86602354
vn 0 0.500002682 0.866023958
vn -9.91088314e-07 0.499998927 0.866026044
vn 0 0.500003278 0.86602354
vn -7.04983677e-07 0.500001073 0.866024792
vn 8.1422194e-14 0.500001073 0.866024792
vn 0 0.500002682 0.866023958
vn -9.91086722e-07 0.500001132 0.866024792
vn -9.91086608e-07 0.500001073 0.866024792
vn -7.04983677e-07 0.500001073 0.866024792
vn 0 0.500003278 0.86602354
vn 0 0.500000477 0.86602515
vn -3.16641895e-13 0.499998987 0.866025984
vn 0 0.499998927 0.866025984
vn 0 0.500001132 0.866024792
vn 0 0.500001132 0.866024792
vn 0 0.499998927 0.866025984
vn 5.97096157e-13 0.499999017 0.866025984
vn 0 0.500000536 0.86602509
vn 0 0.499998927 0.866025984
vn 0 0.499998331 0.866026461
vn -9.91087404e-07 0.499998927 0.866026044
vn 5.97096157e-13 0.499999017 0.866025984
vn -3.16641895e-13 0.499998987 0.866025984
vn 9.91087745e-07 0.499998987 0.866025984
vn 0 0.499998331 0.866026461
vn 0 0.499998927 0.866025984
vn 0 0.500000536 0.86602509
vn 5.97096157e-13 0.499999017 0.866025984
vn 2.98548052e-13 0.500001073 0.866024792
vn 0 0.500001132 0.866024792
vn 0 0.500001132 0.866024792
vn 2.98548052e-13 0.500001073 0.866024792
vn 1.44750585e-13 0.499999017 0.866025984
vn 0 0.500000536 0.86602515
vn 2.98548052e-13 0.500001073 0.866024792
vn 1.15800468e-12 0.499996215 0.866027653
vn 9.91089905e-07 0.499996811 0.866027296
vn 1.44750585e-13 0.499999017 0.866025984
vn 5.97096157e-13 0.499999017 0.866025984
vn -9.91087404e-07 0.499998927 0.866026044
vn 1.15800468e-12 0.499996215 0.866027653
vn 2.98548052e-13 0.500001073 0.866024792
vn -9.91087404e-07 0.499998927 0.866026044
vn 9.91084562e-07 0.500003278 0.86602354
vn 9.91088996e-07 0.499996871 0.866027296
vn 1.15800468e-12 0.499996215 0.866027653
vn 1.15800468e-12 0.499996215 0.866027653
vn 9.91088996e-07 0.499996871 0.866027296
vn -9.91087973e-07 0.499998927 0.866025984
vn 9.91089905e-07 0.499996811 0.866027296
vn 9.91088996e-07 0.499996871 0.866027296
vn 1.98217185e-06 0.500001132 0.866024792
vn -9.91086608e-07 0.500001132 0.866024792
vn -9.91087973e-07 0.499998927 0.866025984
vn 9.91084562e-07 0.500003278 0.86602354
vn 1.98217481e-06 0.499998897 0.866025984
vn 1.98217185e-06 0.500001132 0.866024792
vn 9.91088996e-07 0.499996871 0.866027296
vn 9.91087745e-07 0.499998987 0.866025984
vn 0 0.500003278 0.86602354
vn 0 0.500003278 0.86602354
vn 0 0.499998331 0.866026461
vn 0 0.499998331 0.866026461
vn 0 0.500003278 0.86602354
vn 9.91084562e-07 0.500003278 0.86602354
vn -9.91087404e-07 0.499998927 0.866026044
vn 0 0.500003278 0.86602354
vn 0 0.500001132 0.866024792
vn 1.98217481e-06 0.499998897 0.866025984
vn 9.91084562e-07 0.500003278 0.86602354
vn 0 0.500003278 0.86602354
vn 0 0.500001192 0.866024792
vn 0 0.500001132 0.866024792
vn 0 0.500003278 0.86602354
vn 0 0.500001192 0.866024792
vn 0 0.499998391 0.866026402
vn 9.91088996e-07 0.499998331 0.866026342
vn 0 0.500001132 0.866024792
vn 0 0.500001132 0.866024792
vn 9.91088996e-07 0.499998331 0.866026342
vn 9.91088882e-07 0.499998331 0.866026461
vn 1.98217481e-06 0.499998897 0.866025984
vn 9.91088996e-07 0.499998331 0.866026342
vn 0 0.500000477 0.86602515
vn 0 0.500002623 0.866023958
vn 9.91088882e-07 0.499998331 0.866026461
vn 0 0.499998391 0.866026402
vn 0 0.500000477 0.86602515
vn 0 0.500000477 0.86602515
vn 9.91088996e-07 0.499998331 0.866026342
vn 1.98217481e-06 0.499998897 0.866025984
vn 9.91088882e-07 0.499998331 0.866026461
vn 0 0.500002623 0.866023958
vn 1.98217185e-06 0.500001132 0.866024792
vn 1.98217185e-06 0.500001132 0.866024792
vn 0 0.500002623 0.866023958
vn -9.91085585e-07 0.500002682 0.866023839
vn -9.91086608e-07 0.500001132 0.866024792
vn 0 0.500002623 0.866023958
vn 0 0.500002623 0.866023958
vn 0 0.499998331 0.866026342
vn -9.91085585e-07 0.500002682 0.866023839
vn 9.91088882e-07 0.499998331 0.866026461
vn 0 0.500002623 0.866023958
vn 0 0.500002623 0.866023958
vn 0 0.500002623 0.866023958
vn 0 0.500002623 0.866023958
vn 0 0.499998331 0.866026342
vn 1.98217504e-06 0.500000536 0.86602515
vn 0 0.500002623 0.866023958
vn 0 0.500002623 0.866023958
vn 1.98217504e-06 0.500000536 0.86602515
vn 1.15800479e-12 0.49999842 0.866026402
vn 0 0.499998331 0.866026342
vn 1.98217504e-06 0.500000536 0.86602515
vn 5.79002341e-13 0.499996215 0.866027594
vn 9.91087518e-07 0.500000477 0.86602515
vn 1.15800479e-12 0.49999842 0.866026402
vn 0 0.499998331 0.866026342
vn -1.70081939e-12 0.499998331 0.866026342
vn 5.79002341e-13 0.499996215 0.866027594
vn 1.98217504e-06 0.500000536 0.86602515
vn 0 0.500000477 0.86602515
vn 0 0.499998391 0.866026402
vn 0 0.500000477 0.86602515
vn 0 0.500000477 0.86602515
vn 0 0.500000477 0.86602515
vn 0 0.500000477 0.86602515
vn 0 0.499998331 0.866026342
vn 0 0.500002623 0.866023958
vn 0 0.500000477 0.86602515
vn -2.8950117e-13 0.499996215 0.866027594
vn -1.70081939e-12 0.499998331 0.866026342
vn 0 0.499998331 0.866026342
vn 0 0.499998391 0.866026402
vn 9.40878668e-13 0.499998331 0.866026342
vn -2.8950117e-13 0.499996215 0.866027594
vn 0 0.500000477 0.86602515
vn -9.91086608e-07 0.500001073 0.866024792
vn 0 0.500000477 0.86602515
vn 0 0.499998331 0.866026342
vn -7.04983677e-07 0.500001073 0.866024792
vn -7.04983677e-07 0.500001073 0.866024792
vn 0 0.499998331 0.866026342
vn 0 0.499998927 0.866025984
vn 8.1422194e-14 0.500001073 0.866024792
vn 0 0.499998331 0.866026342
vn 0 0.500000477 0.86602515
vn 0 0.500000477 0.86602515
vn 0 0.499998927 0.866025984
vn 0 0.500000477 0.86602515
vn 0 0.500000477 0.86602515
vn 0 0.500000477 0.86602515
vn 0 0.499998331 0.866026342
vn 8.1422194e-14 0.500001073 0.866024792
vn 0 0.499998927 0.866025984
vn 0 0.499998331 0.866026342
vn -2.86102903e-07 0.500001132 0.866024792
vn -2.86102903e-07 0.500001132 0.866024792
vn 0 0.499998331 0.866026342
vn 0 0.499998391 0.866026402
vn 0 0.500001192 0.866024792
vn 0 0.499998331 0.866026342
vn 0 0.500000477 0.86602515
vn 0 0.500000477 0.86602515
vn 0 0.499998391 0.866026402
vn 0 0.499998927 0.866025984
vn 0 0.500000477 0.86602515
vn 0 0.500000477 0.86602515
vn 0 0.499998331 0.866026342
vn 0 0.500000477 0.86602515
vn 0 0.499998331 0.866026461
vn 0 0.500000477 0.86602515
vn 0 0.500000477 0.86602515
vn 0 0.500000477 0.86602515
vn 0 0.500000477 0.86602515
vn 0 0.499998391 0.866026402
vn 0 0.500000477 0.86602515
vn 0 0.500000477 0.86602515
vn 0 0.499996215 0.866027594
vn 9.40878668e-13 0.499998331 0.866026342
vn 0 0.499998391 0.866026402
vn 0 0.499998331 0.866026461
vn -4.70439388e-13 0.499998361 0.866026342
vn 0 0.499996215 0.866027594
vn 0 0.500000477 0.86602515
vn 0 0.500000477 0.86602515
vn 0 0.499998331 0.866026461
vn 0 0.500000536 0.86602515
vn 0 0.500000477 0.86602515
vn 0 0.500000477 0.86602515
vn 0 0.500000536 0.86602515
vn 0 0.499998331 0.866026461
vn 0 0.500000477 0.86602515
vn 0 0.500000536 0.86602515
vn -7.23752926e-14 0.499996215 0.866027594
vn -4.70439388e-13 0.499998361 0.866026342
vn 0 0.499998331 0.866026461
vn 0 0.499998331 0.866026461
vn -9.91090019e-07 0.499996215 0.866027653
vn -7.23752926e-14 0.499996215 0.866027594
vn 0 0.500000536 0.86602515
vn -9.91090019e-07 0.499996215 0.866027653
vn 0 0.499998331 0.866026342
vn -9.91088541e-07 0.499998331 0.866026342
vn -7.23752926e-14 0.499996215 0.866027594
vn -7.23752926e-14 0.499996215 0.866027594
vn -9.91088541e-07 0.499998331 0.866026342
vn -6.87565293e-13 0.499998361 0.866026342
vn -4.70439388e-13 0.499998361 0.866026342
vn -9.91088541e-07 0.499998331 0.866026342
vn -1.44750585e-13 0.500000477 0.86602515
vn 9.910882e-07 0.499998331 0.866026342
vn -6.87565293e-13 0.499998361 0.866026342
vn 0 0.499998331 0.866026342
vn -9.91087177e-07 0.500000536 0.86602515
vn -1.44750585e-13 0.500000477 0.86602515
vn -9.91088541e-07 0.499998331 0.866026342
vn -4.70439388e-13 0.499998361 0.866026342
vn -6.87565293e-13 0.499998361 0.866026342
vn 1.80938232e-13 0.499996215 0.866027594
vn 0 0.499996215 0.866027594
vn 0 0.499996215 0.866027594
vn 1.80938232e-13 0.499996215 0.866027594
vn 1.04944178e-12 0.500000477 0.86602515
vn 9.40878668e-13 0.499998331 0.866026342
vn 1.80938232e-13 0.499996215 0.866027594
vn -9.91086949e-07 0.500000536 0.86602509
vn -9.91088086e-07 0.499998361 0.866026342
vn 1.04944178e-12 0.500000477 0.86602515
vn -6.87565293e-13 0.499998361 0.866026342
vn 9.910882e-07 0.499998331 0.866026342
vn -9.91086949e-07 0.500000536 0.86602509
vn 1.80938232e-13 0.499996215 0.866027594
vn 9.910882e-07 0.499998331 0.866026342
vn 0 0.500000477 0.86602515
vn 0 0.500002623 0.866023958
vn -9.91086949e-07 0.500000536 0.86602509
vn -9.91086949e-07 0.500000536 0.86602509
vn 0 0.500002623 0.866023958
vn -9.91088541e-07 0.499998331 0.866026342
vn -9.91088086e-07 0.499998361 0.866026342
vn 0 0.500002623 0.866023958
vn 4.34251756e-13 0.499998361 0.866026342
vn 1.88175755e-12 0.499998361 0.866026342
vn -9.91088541e-07 0.499998331 0.866026342
vn 0 0.500000477 0.86602515
vn 2.17125878e-13 0.499998331 0.866026461
vn 4.34251756e-13 0.499998361 0.866026342
vn 0 0.500002623 0.866023958
vn -9.91087177e-07 0.500000536 0.86602515
vn 0 0.500002623 0.866023958
vn 0 0.500000477 0.86602515
vn -1.44750585e-13 0.500000477 0.86602515
vn -1.44750585e-13 0.500000477 0.86602515
vn 0 0.500000477 0.86602515
vn 0 0.500000477 0.86602515
vn 9.910882e-07 0.499998331 0.866026342
vn 0 0.500000477 0.86602515
vn 9.91088541e-07 0.499998331 0.866026342
vn 2.17125878e-13 0.499998331 0.866026461
vn 0 0.500000477 0.86602515
vn 0 0.500002623 0.866023958
vn 0 0.499998361 0.866026342
vn 9.91088541e-07 0.499998331 0.866026342
vn 0 0.500000477 0.86602515
vn 9.40878668e-13 0.499998331 0.866026342
vn 1.04944178e-12 0.500000477 0.86602515
vn 0 0.499998331 0.866026461
vn -2.8950117e-13 0.499996215 0.866027594
vn -2.8950117e-13 0.499996215 0.866027594
vn 0 0.499998331 0.866026461
vn -2.06269593e-12 0.500002682 0.866023958
vn -1.70081939e-12 0.499998331 0.866026342
vn 0 0.499998331 0.866026461
vn -9.9108604e-07 0.500002682 0.866023958
vn 9.91086722e-07 0.499998361 0.866026342
vn -2.06269593e-12 0.500002682 0.866023958
vn 1.04944178e-12 0.500000477 0.86602515
vn -9.91088086e-07 0.499998361 0.866026342
vn -9.9108604e-07 0.500002682 0.866023958
vn 0 0.499998331 0.866026461
vn -1.70081939e-12 0.499998331 0.866026342
vn -2.06269593e-12 0.500002682 0.866023958
vn 9.91089109e-07 0.499996156 0.866027653
vn 5.79002341e-13 0.499996215 0.866027594
vn 5.79002341e-13 0.499996215 0.866027594
vn 9.91089109e-07 0.499996156 0.866027653
vn 0 0.499998361 0.866026342
vn 9.91087518e-07 0.500000477 0.86602515
vn 9.91089109e-07 0.499996156 0.866027653
vn 1.98217253e-06 0.500000477 0.86602515
vn -9.91087063e-07 0.500000536 0.86602515
vn 0 0.499998361 0.866026342
vn -2.06269593e-12 0.500002682 0.866023958
vn 9.91086722e-07 0.499998361 0.866026342
vn 1.98217253e-06 0.500000477 0.86602515
vn 9.91089109e-07 0.499996156 0.866027653
vn 9.91086722e-07 0.499998361 0.866026342
vn 9.91088882e-07 0.499998331 0.866026461
vn 0 0.500002623 0.866023958
vn 1.98217253e-06 0.500000477 0.86602515
vn 1.98217253e-06 0.500000477 0.86602515
vn 0 0.500002623 0.866023958
vn 0 0.500000477 0.86602515
vn -9.91087063e-07 0.500000536 0.86602515
vn 0 0.500002623 0.866023958
vn 9.9108604e-07 0.500002623 0.866023958
vn 6.15190028e-13 0.49999842 0.866026402
vn 0 0.500000477 0.86602515
vn 9.91088882e-07 0.499998331 0.866026461
vn 0 0.500002623 0.866023958
vn 9.9108604e-07 0.500002623 0.866023958
vn 0 0.500002623 0.866023958
vn -9.91088086e-07 0.499998361 0.866026342
vn -9.91088541e-07 0.499998331 0.866026342
vn 2.8950117e-13 0.500000477 0.86602515
vn -9.9108604e-07 0.500002682 0.866023958
vn -9.9108604e-07 0.500002682 0.866023958
vn 2.8950117e-13 0.500000477 0.86602515
vn 9.91088882e-07 0.499998331 0.866026461
vn 9.91086722e-07 0.499998361 0.866026342
vn 2.8950117e-13 0.500000477 0.86602515
vn -9.91086949e-07 0.500000536 0.86602515
vn 0 0.500002623 0.866023958
vn 9.91088882e-07 0.499998331 0.866026461
vn -9.91088541e-07 0.499998331 0.866026342
vn 1.88175755e-12 0.499998361 0.866026342
vn -9.91086949e-07 0.500000536 0.86602515
vn 2.8950117e-13 0.500000477 0.86602515
vn 1.88175755e-12 0.499998361 0.866026342
vn -1.9821764e-06 0.500000536 0.86602515
vn -1.98217776e-06 0.499998331 0.866026342
vn -9.91086949e-07 0.500000536 0.86602515
vn -9.91086949e-07 0.500000536 0.86602515
vn -1.98217776e-06 0.499998331 0.866026342
vn 0 0.499998331 0.866026461
vn 0 0.500002623 0.866023958
vn -1.98217776e-06 0.499998331 0.866026342
vn 0 0.499996215 0.866027653
vn -9.91089109e-07 0.499996215 0.866027653
vn 0 0.499998331 0.866026461
vn -1.9821764e-06 0.500000536 0.86602515
vn 0 0.500000477 0.86602515
vn 0 0.499996215 0.866027653
vn -1.98217776e-06 0.499998331 0.866026342
vn 0 0.500002623 0.866023958
vn 0 0.499998331 0.866026461
vn 1.98217504e-06 0.500000536 0.86602515
vn 9.9108604e-07 0.500002623 0.866023958
vn 9.9108604e-07 0.500002623 0.866023958
vn 1.98217504e-06 0.500000536 0.86602515
vn 1.98217526e-06 0.500000536 0.86602515
vn 6.15190028e-13 0.49999842 0.866026402
vn 1.98217504e-06 0.500000536 0.86602515
vn 1.15800468e-12 0.499996215 0.866027653
vn 9.91087518e-07 0.500000477 0.86602515
vn 1.98217526e-06 0.500000536 0.86602515
vn 0 0.499998331 0.866026461
vn -9.91089109e-07 0.499996215 0.866027653
vn 1.15800468e-12 0.499996215 0.866027653
vn 1.98217504e-06 0.500000536 0.86602515
vn -9.91089109e-07 0.499996215 0.866027653
vn 0 0.499998927 0.866025984
vn 0 0.499996871 0.866027296
vn 1.15800468e-12 0.499996215 0.866027653
vn 1.15800468e-12 0.499996215 0.866027653
vn 0 0.499996871 0.866027296
vn 0 0.499998987 0.866025984
vn 9.91087518e-07 0.500000477 0.86602515
vn 0 0.499996871 0.866027296
vn -0 0.499999613 0.866025686
vn -0 0.499999613 0.866025686
vn 0 0.499998987 0.866025984
vn 0 0.499998927 0.866025984
vn -0 0.499999613 0.866025686
vn -0 0.499999613 0.866025686
vn 0 0.499996871 0.866027296
vn 0 0.500000477 0.86602515
vn 0 0.499998927 0.866026044
vn 0 0.499998987 0.866025984
vn 0 0.499996215 0.866027653
vn 0 0.499996215 0.866027653
vn 0 0.499998987 0.866025984
vn 0 0.499998927 0.866025984
vn -9.91089109e-07 0.499996215 0.866027653
vn 0 0.499998987 0.866025984
vn -0 0.499999613 0.866025686
vn -0 0.499999613 0.866025686
vn 0 0.499998927 0.866025984
vn 0 0.499998927 0.866026044
vn -0 0.499999642 0.866025686
vn -0 0.499999613 0.866025686
vn 0 0.499998987 0.866025984
vn 0 0.499998361 0.866026342
vn 1.98217731e-06 0.499998331 0.866026342
vn 0 0.499998331 0.866026342
vn 9.91088541e-07 0.499998331 0.866026342
vn 9.91088541e-07 0.499998331 0.866026342
vn 0 0.499998331 0.866026342
vn 0 0.500000477 0.86602515
vn 2.17125878e-13 0.499998331 0.866026461
vn 0 0.499998331 0.866026342
vn 0 0.500000536 0.86602515
vn 0 0.500000417 0.86602509
vn 0 0.500000477 0.86602515
vn 1.98217731e-06 0.499998331 0.866026342
vn 9.91087177e-07 0.500000477 0.86602515
vn 0 0.500000536 0.86602515
vn 0 0.499998331 0.866026342
vn 2.17125878e-13 0.499998331 0.866026461
vn 0 0.500000477 0.86602515
vn 0 0.499998331 0.866026342
vn 4.34251756e-13 0.499998361 0.866026342
vn 4.34251756e-13 0.499998361 0.866026342
vn 0 0.499998331 0.866026342
vn -1.9821764e-06 0.500000536 0.86602515
vn 1.88175755e-12 0.499998361 0.866026342
vn 0 0.499998331 0.866026342
vn 0 0.500000477 0.86602515
vn 0 0.500000477 0.86602515
vn -1.9821764e-06 0.500000536 0.86602515
vn 0 0.500000477 0.86602515
vn 0 0.500000417 0.86602509
vn 0 0.500000477 0.86602515
vn 0 0.499998331 0.866026342
vn 0 0.500000417 0.86602509
vn 0 0.499998927 0.866026044
vn 0 0.499998987 0.866025984
vn 0 0.500000477 0.86602515
vn 0 0.500000477 0.86602515
vn 0 0.499998987 0.866025984
vn 0 0.499998927 0.866026044
vn 0 0.500000477 0.86602515
vn 0 0.499998987 0.866025984
vn -0 0.499999613 0.866025686
vn -0 0.499999642 0.866025686
vn 0 0.499998927 0.866026044
vn 0 0.499998927 0.866026044
vn -0 0.499999583 0.866025686
vn -0 0.499999613 0.866025686
vn 0 0.499998987 0.866025984
vn 9.91087177e-07 0.500000477 0.86602515
vn 0 0.499998987 0.866025984
vn 0 0.499998927 0.866025984
vn 0 0.500000536 0.86602515
vn 0 0.500000536 0.86602515
vn 0 0.499998927 0.866025984
vn 0 0.499998927 0.866026044
vn 0 0.500000417 0.86602509
vn 0 0.499998927 0.866025984
vn -0 0.499999613 0.866025627
vn -0 0.499999583 0.866025686
vn 0 0.499998927 0.866026044
vn 0 0.499998987 0.866025984
vn -0 0.499999613 0.866025686
vn -0 0.499999613 0.866025627
vn 0 0.499998927 0.866025984
vn 9.91086949e-07 0.500000536 0.86602515
vn 0 0.499998331 0.866026342
vn -9.91086949e-07 0.500000536 0.86602515
vn 0 0.499996215 0.866027653
vn 0 0.499996215 0.866027653
vn -9.91086949e-07 0.500000536 0.86602515
vn -7.961283e-13 0.49999842 0.866026402
vn 0 0.499998391 0.866026402
vn -9.91086949e-07 0.500000536 0.86602515
vn -1.15800468e-12 0.500000477 0.86602515
vn 9.91086949e-07 0.499998331 0.866026342
vn -7.961283e-13 0.49999842 0.866026402
vn 0 0.499998331 0.866026342
vn -9.91087518e-07 0.500000536 0.86602515
vn -1.15800468e-12 0.500000477 0.86602515
vn -9.91086949e-07 0.500000536 0.86602515
vn 0 0.499998391 0.866026402
vn -7.961283e-13 0.49999842 0.866026402
vn 9.91088427e-07 0.49999842 0.866026402
vn 0 0.499996215 0.866027653
vn 0 0.499996215 0.866027653
vn 9.91088427e-07 0.49999842 0.866026402
vn 0 0.499998361 0.866026342
vn 0 0.499996215 0.866027594
vn 9.91088427e-07 0.49999842 0.866026402
vn 0 0.500000477 0.86602515
vn -9.91087404e-07 0.500000536 0.86602515
vn 0 0.499998361 0.866026342
vn -7.961283e-13 0.49999842 0.866026402
vn 9.91086949e-07 0.499998331 0.866026342
vn 0 0.500000477 0.86602515
vn 9.91088427e-07 0.49999842 0.866026402
vn 9.91086949e-07 0.499998331 0.866026342
vn 0 0.500000536 0.86602515
vn 0 0.500002623 0.866023839
vn 0 0.500000477 0.86602515
vn 0 0.500000477 0.86602515
vn 0 0.500002623 0.866023839
vn 0 0.500000477 0.86602515
vn -9.91087404e-07 0.500000536 0.86602515
vn 0 0.500002623 0.866023839
vn 5.06627075e-13 0.499998361 0.866026342
vn 1.01325415e-12 0.499998331 0.866026342
vn 0 0.500000477 0.86602515
vn 0 0.500000536 0.86602515
vn 0 0.49999842 0.866026402
vn 5.06627075e-13 0.499998361 0.866026342
vn 0 0.500002623 0.866023839
vn -9.91087518e-07 0.500000536 0.86602515
vn 0 0.500000477 0.86602515
vn 0 0.500000477 0.86602515
vn -1.15800468e-12 0.500000477 0.86602515
vn -1.15800468e-12 0.500000477 0.86602515
vn 0 0.500000477 0.86602515
vn 0 0.500000536 0.86602515
vn 9.91086949e-07 0.499998331 0.866026342
vn 0 0.500000477 0.86602515
vn -5.06627075e-13 0.499998361 0.866026342
vn 0 0.49999842 0.866026402
vn 0 0.500000536 0.86602515
vn 0 0.500000477 0.86602515
vn -6.51377606e-13 0.499998361 0.866026342
vn -5.06627075e-13 0.499998361 0.866026342
vn 0 0.500000477 0.86602515
vn 0 0.499996215 0.866027594
vn 0 0.499998361 0.866026342
vn -9.91087177e-07 0.500000536 0.86602515
vn 0 0.499996215 0.866027653
vn 0 0.499996215 0.866027653
vn -9.91087177e-07 0.500000536 0.86602515
vn -6.51377552e-13 0.499998361 0.866026342
vn 0 0.499998361 0.866026342
vn -9.91087177e-07 0.500000536 0.86602515
vn -2.53313538e-13 0.500000477 0.86602515
vn 9.91087973e-07 0.499998331 0.866026461
vn -6.51377552e-13 0.499998361 0.866026342
vn 0 0.499998361 0.866026342
vn -9.91087404e-07 0.500000536 0.86602515
vn -2.53313538e-13 0.500000477 0.86602515
vn -9.91087177e-07 0.500000536 0.86602515
vn 0 0.499998361 0.866026342
vn -6.51377552e-13 0.499998361 0.866026342
vn 9.91088541e-07 0.499998361 0.866026342
vn 0 0.499996215 0.866027653
vn 0 0.499996215 0.866027653
vn 9.91088541e-07 0.499998361 0.866026342
vn 0 0.499998331 0.866026342
vn -9.91090019e-07 0.499996215 0.866027653
vn 9.91088541e-07 0.499998361 0.866026342
vn 0 0.500000477 0.86602515
vn -9.91087177e-07 0.500000536 0.86602515
vn 0 0.499998331 0.866026342
vn -6.51377552e-13 0.499998361 0.866026342
vn 9.91087973e-07 0.499998331 0.866026461
vn 0 0.500000477 0.86602515
vn 9.91088541e-07 0.499998361 0.866026342
vn 9.91087973e-07 0.499998331 0.866026461
vn 0 0.500002563 0.866023839
vn 0 0.500002623 0.866023958
vn 0 0.500000477 0.86602515
vn 0 0.500000477 0.86602515
vn 0 0.500002623 0.866023958
vn 0 0.500002623 0.866023958
vn -9.91087177e-07 0.500000536 0.86602515
vn 0 0.500002623 0.866023958
vn 0 0.500002623 0.866023958
vn 0 0.499998361 0.866026342
vn 0 0.500002623 0.866023958
vn 0 0.500002563 0.866023839
vn 0 0.500002623 0.866023958
vn 0 0.500002623 0.866023958
vn 0 0.500002623 0.866023958
vn -9.91087404e-07 0.500000536 0.86602515
vn 0 0.500000477 0.86602515
vn 0 0.500000536 0.86602515
vn -2.53313538e-13 0.500000477 0.86602515
vn -2.53313538e-13 0.500000477 0.86602515
vn 0 0.500000536 0.86602515
vn 0 0.500002563 0.866023839
vn 9.91087973e-07 0.499998331 0.866026461
vn 0 0.500000536 0.86602515
vn -9.91085585e-07 0.500002682 0.866023839
vn 0 0.500002623 0.866023958
vn 0 0.500002563 0.866023839
vn 0 0.500000477 0.86602515
vn 1.01325415e-12 0.499998331 0.866026342
vn -9.91085585e-07 0.500002682 0.866023839
vn 0 0.500000536 0.86602515
vn 1.01325415e-12 0.499998331 0.866026342
vn -1.98217526e-06 0.500000477 0.86602515
vn -1.98217754e-06 0.499998331 0.866026342
vn -9.91085585e-07 0.500002682 0.866023839
vn -9.91085585e-07 0.500002682 0.866023839
vn -1.98217754e-06 0.499998331 0.866026342
vn 0 0.49999842 0.866026402
vn 0 0.500002623 0.866023958
vn -1.98217754e-06 0.499998331 0.866026342
vn 0 0.499996215 0.866027653
vn -9.91090474e-07 0.499996215 0.866027653
vn 0 0.49999842 0.866026402
vn -1.98217526e-06 0.500000477 0.86602515
vn 0 0.500000477 0.86602515
vn 0 0.499996215 0.866027653
vn -1.98217754e-06 0.499998331 0.866026342
vn 0 0.500002623 0.866023958
vn 0 0.49999842 0.866026402
vn 1.98217413e-06 0.500000417 0.86602509
vn 0 0.500002623 0.866023958
vn 0 0.500002623 0.866023958
vn 1.98217413e-06 0.500000417 0.86602509
vn 1.98217731e-06 0.499998331 0.866026342
vn 0 0.499998361 0.866026342
vn 1.98217413e-06 0.500000417 0.86602509
vn -1.80938232e-13 0.499996215 0.866027653
vn 9.91087177e-07 0.500000477 0.86602515
vn 1.98217731e-06 0.499998331 0.866026342
vn 0 0.49999842 0.866026402
vn -9.91090474e-07 0.499996215 0.866027653
vn -1.80938232e-13 0.499996215 0.866027653
vn 1.98217413e-06 0.500000417 0.86602509
vn -9.91090474e-07 0.499996215 0.866027653
vn 0 0.499998987 0.866025984
vn 0 0.499996841 0.866027176
vn -1.80938232e-13 0.499996215 0.866027653
vn -1.80938232e-13 0.499996215 0.866027653
vn 0 0.499996841 0.866027176
vn 0 0.499998987 0.866025984
vn 9.91087177e-07 0.500000477 0.86602515
vn 0 0.499996841 0.866027176
vn -0 0.499999613 0.866025627
vn -0 0.499999613 0.866025686
vn 0 0.499998987 0.866025984
vn 0 0.499998987 0.866025984
vn -0 0.499999613 0.866025686
vn -0 0.499999613 0.866025627
vn 0 0.499996841 0.866027176
vn 0 0.500000477 0.86602515
vn 0 0.499998987 0.866025984
vn 0 0.499998987 0.866025984
vn 0 0.499996215 0.866027653
vn 0 0.499996215 0.866027653
vn 0 0.499998987 0.866025984
vn 0 0.499998987 0.866025984
vn -9.91090474e-07 0.499996215 0.866027653
vn 0 0.499998987 0.866025984
vn -0 0.499999613 0.866025686
vn -0 0.499999613 0.866025686
vn 0 0.499998987 0.866025984
vn 0 0.499998987 0.866025984
vn -0 0.499999613 0.866025627
vn -0 0.499999613 0.866025686
vn 0 0.499998987 0.866025984
vn -6.51377606e-13 0.499998361 0.866026342
vn 1.98217367e-06 0.500000536 0.86602515
vn 0 0.499998331 0.866026342
vn -5.06627075e-13 0.499998361 0.866026342
vn -5.06627075e-13 0.499998361 0.866026342
vn 0 0.499998331 0.866026342
vn 0 0.500000536 0.86602509
vn 0 0.49999842 0.866026402
vn 0 0.499998331 0.866026342
vn 0 0.500000477 0.86602515
vn 0 0.500000477 0.86602515
vn 0 0.500000536 0.86602509
vn 1.98217367e-06 0.500000536 0.86602515
vn 9.91086949e-07 0.500000536 0.86602515
vn 0 0.500000477 0.86602515
vn 0 0.499998331 0.866026342
vn 0 0.49999842 0.866026402
vn 0 0.500000536 0.86602509
vn 0 0.499998331 0.866026461
vn 5.06627075e-13 0.499998361 0.866026342
vn 5.06627075e-13 0.499998361 0.866026342
vn 0 0.499998331 0.866026461
vn -1.98217526e-06 0.500000477 0.86602515
vn 1.01325415e-12 0.499998331 0.866026342
vn 0 0.499998331 0.866026461
vn 0 0.500000477 0.86602515
vn 0 0.500000477 0.86602515
vn -1.98217526e-06 0.500000477 0.86602515
vn 0 0.500000536 0.86602509
vn 0 0.500000477 0.86602515
vn 0 0.500000477 0.86602515
vn 0 0.499998331 0.866026461
vn 0 0.500000477 0.86602515
vn 0 0.499999017 0.866025984
vn 0 0.499998987 0.866025984
vn 0 0.500000477 0.86602515
vn 0 0.500000477 0.86602515
vn 0 0.499998987 0.866025984
vn 0 0.499998987 0.866025984
vn 0 0.500000477 0.86602515
vn 0 0.499998987 0.866025984
vn -0 0.499999613 0.866025686
vn -0 0.499999613 0.866025627
vn 0 0.499998987 0.866025984
vn 0 0.499999017 0.866025984
vn -0 0.499999613 0.866025686
vn -0 0.499999613 0.866025686
vn 0 0.499998987 0.866025984
vn 9.91086949e-07 0.500000536 0.86602515
vn 0 0.499999017 0.866025984
vn 0 0.499998987 0.866025984
vn 0 0.500000477 0.86602515
vn 0 0.500000477 0.86602515
vn 0 0.499998987 0.866025984
vn 0 0.499999017 0.866025984
vn 0 0.500000477 0.86602515
vn 0 0.499998987 0.866025984
vn -0 0.499999613 0.866025686
vn -0 0.499999613 0.866025686
vn 0 0.499999017 0.866025984
vn 0 0.499999017 0.866025984
vn -0 0.499999613 0.866025686
vn -0 0.499999613 0.866025686
vn 0 0.499998987 0.866025984
vn 0 0.500000536 0.86602515
vn 1.44750585e-13 0.499999017 0.866025984
vn 0 0.499998927 0.866025984
vn 0 0.500001132 0.866024792
vn 0 0.500001132 0.866024792
vn 0 0.499998927 0.866025984
vn -1.53797493e-13 0.499999017 0.866025984
vn 0 0.500000477 0.86602515
vn 0 0.499998927 0.866025984
vn 0 0.499998391 0.866026402
vn -9.91088541e-07 0.499998987 0.866025984
vn -1.53797493e-13 0.499999017 0.866025984
vn 1.44750585e-13 0.499999017 0.866025984
vn 9.91089905e-07 0.499996811 0.866027296
vn 0 0.499998391 0.866026402
vn 0 0.499998927 0.866025984
vn 0 0.500000477 0.86602515
vn -1.53797493e-13 0.499999017 0.866025984
vn -2.98548052e-13 0.500001073 0.866024792
vn 0 0.500001132 0.866024792
vn 0 0.500001132 0.866024792
vn -2.98548052e-13 0.500001073 0.866024792
vn -3.34735738e-13 0.499998987 0.866025984
vn 0 0.500000477 0.86602515
vn -2.98548052e-13 0.500001073 0.866024792
vn -1.15800468e-12 0.499998361 0.866026342
vn 9.91087404e-07 0.499998927 0.866026044
vn -3.34735738e-13 0.499998987 0.866025984
vn -1.53797493e-13 0.499999017 0.866025984
vn -9.91088541e-07 0.499998987 0.866025984
vn -1.15800468e-12 0.499998361 0.866026342
vn -2.98548052e-13 0.500001073 0.866024792
vn -9.91088541e-07 0.499998987 0.866025984
vn 0 0.500002623 0.866023839
vn 0 0.500001132 0.866024792
vn -1.15800468e-12 0.499998361 0.866026342
vn -1.15800468e-12 0.499998361 0.866026342
vn 0 0.500001132 0.866024792
vn 0 0.500003278 0.86602354
vn 9.91087404e-07 0.499998927 0.866026044
vn 0 0.500001132 0.866024792
vn -2.86103017e-07 0.500001073 0.866024792
vn 0 0.500001073 0.866024792
vn 0 0.500003278 0.86602354
vn 0 0.500002623 0.866023839
vn -9.91086722e-07 0.500001073 0.866024792
vn -2.86103017e-07 0.500001073 0.866024792
vn 0 0.500001132 0.866024792
vn 9.91089905e-07 0.499996811 0.866027296
vn -9.91087973e-07 0.499998927 0.866025984
vn -9.91086495e-07 0.500001073 0.866024792
vn 0 0.499998391 0.866026402
vn 0 0.499998391 0.866026402
vn -9.91086495e-07 0.500001073 0.866024792
vn 0 0.500002623 0.866023839
vn -9.91088541e-07 0.499998987 0.866025984
vn -9.91086495e-07 0.500001073 0.866024792
vn -1.69607029e-06 0.500001132 0.866024792
vn -9.91086722e-07 0.500001073 0.866024792
vn 0 0.500002623 0.866023839
vn -9.91087973e-07 0.499998927 0.866025984
vn -9.91086608e-07 0.500001132 0.866024792
vn -1.69607029e-06 0.500001132 0.866024792
vn -9.91086495e-07 0.500001073 0.866024792
vn 0 0.500000477 0.86602515
vn -3.34735738e-13 0.499998987 0.866025984
vn 0 0.499998927 0.866025984
vn 0 0.500001132 0.866024792
vn 0 0.500001132 0.866024792
vn 0 0.499998927 0.866025984
vn -3.25688803e-13 0.499998987 0.866025984
vn 0 0.500000477 0.86602515
vn 0 0.499998927 0.866025984
vn 0 0.499998331 0.866026461
vn -9.91090587e-07 0.499998987 0.866025984
vn -3.25688803e-13 0.499998987 0.866025984
vn -3.34735738e-13 0.499998987 0.866025984
vn 9.91087404e-07 0.499998927 0.866026044
vn 0 0.499998331 0.866026461
vn 0 0.499998927 0.866025984
vn 0 0.500000477 0.86602515
vn -3.25688803e-13 0.499998987 0.866025984
vn -6.24236828e-13 0.500001073 0.866024792
vn 0 0.500001132 0.866024792
vn 0 0.500001132 0.866024792
vn -6.24236828e-13 0.500001073 0.866024792
vn -9.04691158e-15 0.499998927 0.866025984
vn 0 0.500000477 0.86602515
vn -6.24236828e-13 0.500001073 0.866024792
vn -2.2436341e-12 0.499996215 0.866027594
vn 9.91088768e-07 0.499996811 0.866027296
vn -9.04691158e-15 0.499998927 0.866025984
vn -3.25688803e-13 0.499998987 0.866025984
vn -9.91090587e-07 0.499998987 0.866025984
vn -2.2436341e-12 0.499996215 0.866027594
vn -6.24236828e-13 0.500001073 0.866024792
vn -9.91090587e-07 0.499998987 0.866025984
vn 9.9108388e-07 0.500003278 0.86602354
vn 9.91090019e-07 0.499996871 0.866027296
vn -2.2436341e-12 0.499996215 0.866027594
vn -2.2436341e-12 0.499996215 0.866027594
vn 9.91090019e-07 0.499996871 0.866027296
vn 0 0.499998987 0.866025984
vn 9.91088768e-07 0.499996811 0.866027296
vn 9.91090019e-07 0.499996871 0.866027296
vn 1.98217663e-06 0.500001132 0.866024792
vn -9.91085926e-07 0.500001073 0.866024792
vn 0 0.499998987 0.866025984
vn 9.9108388e-07 0.500003278 0.86602354
vn 1.98218117e-06 0.499998927 0.866025984
vn 1.98217663e-06 0.500001132 0.866024792
vn 9.91090019e-07 0.499996871 0.866027296
vn 9.91087404e-07 0.499998927 0.866026044
vn 0 0.500003278 0.86602354
vn 0 0.500003278 0.86602354
vn 0 0.499998331 0.866026461
vn 0 0.499998331 0.866026461
vn 0 0.500003278 0.86602354
vn 9.9108388e-07 0.500003278 0.86602354
vn -9.91090587e-07 0.499998987 0.866025984
vn 0 0.500003278 0.86602354
vn 0 0.500001132 0.866024792
vn 1.98218117e-06 0.499998927 0.866025984
vn 9.9108388e-07 0.500003278 0.86602354
vn 0 0.500003278 0.86602354
vn 0 0.500001073 0.866024792
vn 0 0.500001132 0.866024792
vn 0 0.500003278 0.86602354
vn 0 0.500001073 0.866024792
vn 0 0.499998331 0.866026342
vn 9.91088996e-07 0.499998331 0.866026342
vn 0 0.500001132 0.866024792
vn 0 0.500001132 0.866024792
vn 9.91088996e-07 0.499998331 0.866026342
vn 9.91088882e-07 0.499998331 0.866026461
vn 1.98218117e-06 0.499998927 0.866025984
vn 9.91088996e-07 0.499998331 0.866026342
vn 0 0.500000477 0.86602515
vn 0 0.500002623 0.866023958
vn 9.91088882e-07 0.499998331 0.866026461
vn 0 0.499998331 0.866026342
vn 0 0.500000477 0.86602515
vn 0 0.500000477 0.86602515
vn 9.91088996e-07 0.499998331 0.866026342
vn 1.98218117e-06 0.499998927 0.866025984
vn 9.91088882e-07 0.499998331 0.866026461
vn 0 0.500002623 0.866023958
vn 1.98217663e-06 0.500001132 0.866024792
vn 1.98217663e-06 0.500001132 0.866024792
vn 0 0.500002623 0.866023958
vn 0 0.500002623 0.866023958
vn -9.91085926e-07 0.500001073 0.866024792
vn 0 0.500002623 0.866023958
vn 0 0.500002563 0.866023958
vn 0 0.500002623 0.866023958
vn 0 0.500002623 0.866023958
vn 9.91088882e-07 0.499998331 0.866026461
vn 0 0.500002623 0.866023958
vn 0 0.500002563 0.866023958
vn 0 0.500002623 0.866023958
vn 0 0.500002623 0.866023958
vn 0 0.499998331 0.866026402
vn 0 0.499998331 0.866026342
vn 0 0.500002563 0.866023958
vn 0 0.500002563 0.866023958
vn 0 0.499998331 0.866026342
vn 0 0.499998331 0.866026461
vn 0 0.500002623 0.866023958
vn 0 0.499998331 0.866026342
vn 0 0.499996215 0.866027653
vn -9.91089109e-07 0.499996215 0.866027653
vn 0 0.499998331 0.866026461
vn 0 0.499998331 0.866026402
vn 0 0.499998391 0.866026402
vn 0 0.499996215 0.866027653
vn 0 0.499998331 0.866026342
vn 0 0.500000477 0.86602515
vn 0 0.499998331 0.866026461
vn 0 0.499998301 0.866026342
vn 0 0.500000477 0.86602515
vn 0 0.500000477 0.86602515
vn 0 0.499998301 0.866026342
vn 0 0.499998331 0.866026402
vn 0 0.500002623 0.866023958
vn 0 0.499998301 0.866026342
vn 0 0.499996215 0.866027653
vn 0 0.499998391 0.866026402
vn 0 0.499998331 0.866026402
vn 0 0.499998331 0.866026461
vn 0 0.499996215 0.866027653
vn 0 0.499996215 0.866027653
vn 0 0.499998301 0.866026342
vn -9.91086608e-07 0.500001132 0.866024792
vn -9.91085585e-07 0.500002682 0.866023839
vn -9.91086949e-07 0.500000477 0.86602515
vn -1.69607029e-06 0.500001132 0.866024792
vn -1.69607029e-06 0.500001132 0.866024792
vn -9.91086949e-07 0.500000477 0.86602515
vn 0 0.499998957 0.866025984
vn -9.91086722e-07 0.500001073 0.866024792
vn -9.91086949e-07 0.500000477 0.86602515
vn 0 0.500000536 0.86602515
vn 0 0.500000536 0.86602515
vn 0 0.499998957 0.866025984
vn -9.91085585e-07 0.500002682 0.866023839
vn 0 0.499998331 0.866026342
vn 0 0.500000536 0.86602515
vn -9.91086949e-07 0.500000477 0.86602515
vn -9.91086722e-07 0.500001073 0.866024792
vn 0 0.499998957 0.866025984
vn 0 0.499998331 0.866026342
vn -2.86103017e-07 0.500001073 0.866024792
vn -2.86103017e-07 0.500001073 0.866024792
vn 0 0.499998331 0.866026342
vn 0 0.499998331 0.866026342
vn 0 0.500001073 0.866024792
vn 0 0.499998331 0.866026342
vn 0 0.500000477 0.86602515
vn 0 0.500000477 0.86602515
vn 0 0.499998331 0.866026342
vn 0 0.499998957 0.866025984
vn 0 0.500000536 0.86602515
vn 0 0.500000477 0.86602515
vn 0 0.499998331 0.866026342
vn 0 0.500000536 0.86602515
vn 0 0.499998331 0.866026342
vn 0 0.499998331 0.866026342
vn 0 0.500000477 0.86602515
vn 0 0.500000477 0.86602515
vn 0 0.499998331 0.866026342
vn 0 0.499998331 0.866026461
vn 0 0.500000477 0.86602515
vn 0 0.499998331 0.866026342
vn 0 0.499996215 0.866027653
vn 0 0.499996215 0.866027653
vn 0 0.499998331 0.866026461
vn 0 0.499998331 0.866026342
vn 0 0.499998331 0.866026342
vn 0 0.499996215 0.866027653
vn 0 0.499998331 0.866026342
vn 0 0.499998331 0.866026342
vn 1.15800479e-12 0.49999842 0.866026402
vn -1.98217663e-06 0.499998331 0.866026342
vn 0 0.500000536 0.86602515
vn 0 0.500000536 0.86602515
vn -1.98217663e-06 0.499998331 0.866026342
vn 0 0.499998331 0.866026342
vn 0 0.500000536 0.86602515
vn -1.98217663e-06 0.499998331 0.866026342
vn 0 0.499996215 0.866027653
vn 0 0.499998331 0.866026342
vn 0 0.499998331 0.866026342
vn 1.15800479e-12 0.49999842 0.866026402
vn 9.91087518e-07 0.500000477 0.86602515
vn 0 0.499996215 0.866027653
vn -1.98217663e-06 0.499998331 0.866026342
vn 0 0.500000477 0.86602515
vn -9.04691158e-15 0.499998927 0.866025984
vn 2.714073e-13 0.499998897 0.866025984
vn 0 0.500001132 0.866024792
vn 0 0.500001132 0.866024792
vn 2.714073e-13 0.499998897 0.866025984
vn -9.04691158e-15 0.499999017 0.866025984
vn 0 0.500002623 0.866023958
vn 2.714073e-13 0.499998897 0.866025984
vn 0 0.499996215 0.866027653
vn -9.91091042e-07 0.499996871 0.866027296
vn -9.04691158e-15 0.499999017 0.866025984
vn -9.04691158e-15 0.499998927 0.866025984
vn 9.91088768e-07 0.499996811 0.866027296
vn 0 0.499996215 0.866027653
vn 2.714073e-13 0.499998897 0.866025984
vn 0 0.500002623 0.866023958
vn -9.04691158e-15 0.499999017 0.866025984
vn 1.9821714e-06 0.500001073 0.866024792
vn 0 0.500003278 0.86602354
vn 0 0.500003278 0.86602354
vn 1.9821714e-06 0.500001073 0.866024792
vn 7.23752858e-14 0.499998957 0.866025984
vn 0 0.499998331 0.866026342
vn 1.9821714e-06 0.500001073 0.866024792
vn -1.15800468e-12 0.499996215 0.866027594
vn 9.91085926e-07 0.500001073 0.866024792
vn 7.23752858e-14 0.499998957 0.866025984
vn -9.04691158e-15 0.499999017 0.866025984
vn -9.91091042e-07 0.499996871 0.866027296
vn -1.15800468e-12 0.499996215 0.866027594
vn 1.9821714e-06 0.500001073 0.866024792
vn -9.91091042e-07 0.499996871 0.866027296
vn 0 0.499998331 0.866026342
vn 0 0.499999017 0.866025984
vn -1.15800468e-12 0.499996215 0.866027594
vn -1.15800468e-12 0.499996215 0.866027594
vn 0 0.499999017 0.866025984
vn 0 0.499998987 0.866025984
vn 9.91085926e-07 0.500001073 0.866024792
vn 0 0.499999017 0.866025984
vn -2.8610566e-07 0.500001132 0.866024792
vn 9.91085926e-07 0.500001073 0.866024792
vn 0 0.499998987 0.866025984
vn 0 0.499998331 0.866026342
vn -9.84303958e-12 0.500001132 0.866024792
vn -2.8610566e-07 0.500001132 0.866024792
vn 0 0.499999017 0.866025984
vn 9.91088768e-07 0.499996811 0.866027296
vn 0 0.499998987 0.866025984
vn 0 0.500001132 0.866024792
vn 0 0.499996215 0.866027653
vn 0 0.499996215 0.866027653
vn 0 0.500001132 0.866024792
vn 0 0.499998331 0.866026342
vn -9.91091042e-07 0.499996871 0.866027296
vn 0 0.500001132 0.866024792
vn 2.86102761e-07 0.500001192 0.866024792
vn -9.84303958e-12 0.500001132 0.866024792
vn 0 0.499998331 0.866026342
vn 0 0.499998987 0.866025984
vn -9.91085926e-07 0.500001073 0.866024792
vn 2.86102761e-07 0.500001192 0.866024792
vn 0 0.500001132 0.866024792
vn 0 0.499998331 0.866026342
vn 7.23752858e-14 0.499998957 0.866025984
vn -9.91084448e-07 0.499999017 0.866025984
vn 0 0.500003278 0.86602354
vn 0 0.500003278 0.86602354
vn -9.91084448e-07 0.499999017 0.866025984
vn 2.26827956e-06 0.499998331 0.866026461
vn 9.91086381e-07 0.500000477 0.86602515
vn -9.91084448e-07 0.499999017 0.866025984
vn 2.86100544e-07 0.499996156 0.866027653
vn 2.86102136e-07 0.499998987 0.866025984
vn 2.26827956e-06 0.499998331 0.866026461
vn 7.23752858e-14 0.499998957 0.866025984
vn 9.91085926e-07 0.500001073 0.866024792
vn 2.86100544e-07 0.499996156 0.866027653
vn -9.91084448e-07 0.499999017 0.866025984
vn 9.91086381e-07 0.500000477 0.86602515
vn 2.26827956e-06 0.499998331 0.866026461
vn 9.91086381e-07 0.500000536 0.86602515
vn 9.91086381e-07 0.500000477 0.86602515
vn 9.91086381e-07 0.500000477 0.86602515
vn 9.91086381e-07 0.500000536 0.86602515
vn 0 0.499998331 0.866026342
vn 0 0.500000477 0.86602515
vn 9.91086381e-07 0.500000536 0.86602515
vn 9.91085926e-07 0.500001132 0.866024792
vn 1.98217276e-06 0.500000536 0.86602515
vn 0 0.499998331 0.866026342
vn 2.26827956e-06 0.499998331 0.866026461
vn 2.86102136e-07 0.499998987 0.866025984
vn 9.91085926e-07 0.500001132 0.866024792
vn 9.91086381e-07 0.500000536 0.86602515
vn 2.86102136e-07 0.499998987 0.866025984
vn 0 0.499999613 0.866025686
vn 2.8610188e-07 0.499999613 0.866025627
vn 9.91085926e-07 0.500001132 0.866024792
vn 9.91085926e-07 0.500001132 0.866024792
vn 2.8610188e-07 0.499999613 0.866025627
vn 5.72205465e-07 0.500001132 0.866024792
vn 1.98217276e-06 0.500000536 0.86602515
vn 2.8610188e-07 0.499999613 0.866025627
vn 2.8610026e-07 0.499996781 0.866027296
vn 5.7220376e-07 0.499999613 0.866025686
vn 5.72205465e-07 0.500001132 0.866024792
vn 0 0.499999613 0.866025686
vn 0 0.499998957 0.866025984
vn 2.8610026e-07 0.499996781 0.866027296
vn 2.8610188e-07 0.499999613 0.866025627
vn 9.91085926e-07 0.500001073 0.866024792
vn 0 0.499998987 0.866025984
vn 0 0.499998987 0.866025984
vn 2.86100544e-07 0.499996156 0.866027653
vn 2.86100544e-07 0.499996156 0.866027653
vn 0 0.499998987 0.866025984
vn 0 0.499999613 0.866025686
vn 2.86102136e-07 0.499998987 0.866025984
vn 0 0.499998987 0.866025984
vn 0 0.499998957 0.866025984
vn 0 0.499998957 0.866025984
vn 0 0.499999613 0.866025686
vn 0 0.499998987 0.866025984
vn 9.91085926e-07 0.500001073 0.866024792
vn 0 0.499998957 0.866025984
vn 0 0.499998987 0.866025984
vn 9.91085926e-07 0.500001073 0.866024792
vn 9.91086722e-07 0.500002682 0.866023958
vn 9.91087745e-07 0.499998361 0.866026342
vn 0 0.499998957 0.866025984
vn 0 0.499998957 0.866025984
vn 9.91087745e-07 0.499998361 0.866026342
vn 9.91087745e-07 0.499998331 0.866026342
vn 0 0.499998957 0.866025984
vn 9.91087745e-07 0.499998361 0.866026342
vn 1.98216844e-06 0.500000477 0.86602515
vn 0 0.500000477 0.86602515
vn 9.91087745e-07 0.499998331 0.866026342
vn 9.91086722e-07 0.500002682 0.866023958
vn 1.98216389e-06 0.499998331 0.866026342
vn 1.98216844e-06 0.500000477 0.86602515
vn 9.91087745e-07 0.499998361 0.866026342
vn 0 0.499998957 0.866025984
vn 9.91087745e-07 0.499998331 0.866026342
vn 0 0.499998331 0.866026461
vn 2.8610026e-07 0.499996781 0.866027296
vn 2.8610026e-07 0.499996781 0.866027296
vn 0 0.499998331 0.866026461
vn -1.98217185e-06 0.500001132 0.866024792
vn 5.7220376e-07 0.499999613 0.866025686
vn 0 0.499998331 0.866026461
vn -9.91085017e-07 0.500002682 0.866023958
vn -1.98217276e-06 0.500000536 0.86602515
vn -1.98217185e-06 0.500001132 0.866024792
vn 9.91087745e-07 0.499998331 0.866026342
vn 0 0.500000477 0.86602515
vn -9.91085017e-07 0.500002682 0.866023958
vn 0 0.499998331 0.866026461
vn 0 0.500000477 0.86602515
vn 0 0.500002623 0.866023958
vn 0 0.500002623 0.866023958
vn -9.91085017e-07 0.500002682 0.866023958
vn -9.91085017e-07 0.500002682 0.866023958
vn 0 0.500002623 0.866023958
vn 0 0.499998331 0.866026342
vn -1.98217276e-06 0.500000536 0.86602515
vn 0 0.500002623 0.866023958
vn 9.91086381e-07 0.500000477 0.86602515
vn 1.98217276e-06 0.500000536 0.86602515
vn 0 0.499998331 0.866026342
vn 0 0.500002623 0.866023958
vn 0 0.500002563 0.866023958
vn 9.91086381e-07 0.500000477 0.86602515
vn 0 0.500002623 0.866023958
vn 1.98216389e-06 0.499998331 0.866026342
vn 1.98217185e-06 0.499998361 0.866026342
vn 0 0.500002563 0.866023958
vn 1.98216844e-06 0.500000477 0.86602515
vn 1.98216844e-06 0.500000477 0.86602515
vn 0 0.500002563 0.866023958
vn 0 0.500002623 0.866023958
vn 0 0.500000477 0.86602515
vn 0 0.500002563 0.866023958
vn 0 0.500000477 0.86602515
vn 0 0.500002563 0.866023958
vn 0 0.500002623 0.866023958
vn 1.98217185e-06 0.499998361 0.866026342
vn 9.91087518e-07 0.500000477 0.86602515
vn 0 0.500000477 0.86602515
vn 0 0.500002563 0.866023958
vn -9.91085926e-07 0.500001073 0.866024792
vn 0 0.500002623 0.866023958
vn 0 0.500000477 0.86602515
vn 2.86102761e-07 0.500001192 0.866024792
vn 2.86102761e-07 0.500001192 0.866024792
vn 0 0.500000477 0.86602515
vn 0 0.500003278 0.86602354
vn -9.84303958e-12 0.500001132 0.866024792
vn 0 0.500000477 0.86602515
vn 0 0.500002623 0.866023958
vn 0 0.500002623 0.866023958
vn 0 0.500003278 0.86602354
vn 0 0.500002623 0.866023958
vn 0 0.500002623 0.866023958
vn 0 0.500002623 0.866023958
vn 0 0.500000477 0.86602515
vn -9.84303958e-12 0.500001132 0.866024792
vn 0 0.500003278 0.86602354
vn 0 0.500000477 0.86602515
vn -2.8610566e-07 0.500001132 0.866024792
vn -2.8610566e-07 0.500001132 0.866024792
vn 0 0.500000477 0.86602515
vn 9.91086722e-07 0.500002682 0.866023958
vn 9.91085926e-07 0.500001073 0.866024792
vn 0 0.500000477 0.86602515
vn 0 0.500002623 0.866023958
vn 1.98216389e-06 0.499998331 0.866026342
vn 9.91086722e-07 0.500002682 0.866023958
vn 0 0.500003278 0.86602354
vn 0 0.500002623 0.866023958
vn 0 0.500002623 0.866023958
vn 0 0.500000477 0.86602515
vn 0 0.500002623 0.866023958
vn 0 0.499998331 0.866026342
vn 1.98217072e-06 0.500000477 0.86602515
vn 0 0.500002623 0.866023958
vn 0 0.500002623 0.866023958
vn 1.98217072e-06 0.500000477 0.86602515
vn 1.98217185e-06 0.499998361 0.866026342
vn 1.98216389e-06 0.499998331 0.866026342
vn 1.98217072e-06 0.500000477 0.86602515
vn 1.80938218e-12 0.499996185 0.866027594
vn 9.91087518e-07 0.500000477 0.86602515
vn 1.98217185e-06 0.499998361 0.866026342
vn 0 0.499998331 0.866026342
vn -2.96738675e-12 0.499998331 0.866026342
vn 1.80938218e-12 0.499996185 0.866027594
vn 1.98217072e-06 0.500000477 0.86602515
vn 0 0.500002623 0.866023958
vn 0 0.499998331 0.866026461
vn 0 0.500000477 0.86602515
vn 0 0.500002623 0.866023958
vn 0 0.500002623 0.866023958
vn 0 0.500000477 0.86602515
vn 0 0.499998331 0.866026342
vn 0 0.500002623 0.866023958
vn 0 0.500000477 0.86602515
vn 0 0.499996215 0.866027653
vn -2.96738675e-12 0.499998331 0.866026342
vn 0 0.499998331 0.866026342
vn 0 0.499998331 0.866026461
vn -9.91089109e-07 0.499996215 0.866027653
vn 0 0.499996215 0.866027653
vn 0 0.500000477 0.86602515
vn -9.91089109e-07 0.499996215 0.866027653
vn 0 0.499998331 0.866026342
vn -9.91088882e-07 0.499998331 0.866026461
vn 0 0.499996215 0.866027653
vn 0 0.499996215 0.866027653
vn -9.91088882e-07 0.499998331 0.866026461
vn -3.00357439e-12 0.499998331 0.866026342
vn -2.96738675e-12 0.499998331 0.866026342
vn -9.91088882e-07 0.499998331 0.866026461
vn 1.15800468e-12 0.500000477 0.86602515
vn 9.91087973e-07 0.499998331 0.866026461
vn -3.00357439e-12 0.499998331 0.866026342
vn 0 0.499998331 0.866026342
vn -9.91086381e-07 0.500000536 0.86602515
vn 1.15800468e-12 0.500000477 0.86602515
vn -9.91088882e-07 0.499998331 0.866026461
vn -2.96738675e-12 0.499998331 0.866026342
vn -3.00357439e-12 0.499998331 0.866026342
vn 9.91088314e-07 0.499996215 0.866027653
vn 1.80938218e-12 0.499996185 0.866027594
vn 1.80938218e-12 0.499996185 0.866027594
vn 9.91088314e-07 0.499996215 0.866027653
vn 0 0.499998331 0.866026342
vn 9.91087518e-07 0.500000477 0.86602515
vn 9.91088314e-07 0.499996215 0.866027653
vn 0 0.500000477 0.86602515
vn -9.91086381e-07 0.500000477 0.86602515
vn 0 0.499998331 0.866026342
vn -3.00357439e-12 0.499998331 0.866026342
vn 9.91087973e-07 0.499998331 0.866026461
vn 0 0.500000477 0.86602515
vn 9.91088314e-07 0.499996215 0.866027653
vn 9.91087973e-07 0.499998331 0.866026461
vn 0 0.500000477 0.86602515
vn 0 0.500002623 0.866023958
vn 0 0.500000477 0.86602515
vn 0 0.500000477 0.86602515
vn 0 0.500002623 0.866023958
vn 0 0.500000477 0.86602515
vn -9.91086381e-07 0.500000477 0.86602515
vn 0 0.500002623 0.866023958
vn -2.27982173e-12 0.499998361 0.866026342
vn 0 0.499998361 0.866026342
vn 0 0.500000477 0.86602515
vn 0 0.500000477 0.86602515
vn -7.56321741e-12 0.499998331 0.866026342
vn -2.27982173e-12 0.499998361 0.866026342
vn 0 0.500002623 0.866023958
vn -9.91086381e-07 0.500000536 0.86602515
vn 0 0.500002623 0.866023958
vn 0 0.500000477 0.86602515
vn 1.15800468e-12 0.500000477 0.86602515
vn 1.15800468e-12 0.500000477 0.86602515
vn 0 0.500000477 0.86602515
vn 0 0.500000477 0.86602515
vn 9.91087973e-07 0.499998331 0.866026461
vn 0 0.500000477 0.86602515
vn 9.91087745e-07 0.499998331 0.866026342
vn -7.56321741e-12 0.499998331 0.866026342
vn 0 0.500000477 0.86602515
vn 0 0.500002623 0.866023958
vn 0 0.499998331 0.866026461
vn 9.91087745e-07 0.499998331 0.866026342
vn 0 0.500000477 0.86602515
vn 9.91087518e-07 0.500000477 0.86602515
vn 0 0.499998331 0.866026342
vn -9.91088541e-07 0.500000477 0.86602515
vn 0 0.500000477 0.86602515
vn 0 0.500000477 0.86602515
vn -9.91088541e-07 0.500000477 0.86602515
vn -2.27982173e-12 0.499998331 0.866026342
vn 0 0.500002563 0.866023958
vn -9.91088541e-07 0.500000477 0.86602515
vn 2.20744647e-12 0.500000477 0.86602515
vn 9.91090019e-07 0.499998331 0.866026461
vn -2.27982173e-12 0.499998331 0.866026342
vn 0 0.499998331 0.866026342
vn -9.91086381e-07 0.500000477 0.86602515
vn 2.20744647e-12 0.500000477 0.86602515
vn -9.91088541e-07 0.500000477 0.86602515
vn 0 0.500002563 0.866023958
vn -2.27982173e-12 0.499998331 0.866026342
vn 9.91087745e-07 0.499998361 0.866026342
vn 9.91086381e-07 0.500000477 0.86602515
vn 9.91086381e-07 0.500000477 0.86602515
vn 9.91087745e-07 0.499998361 0.866026342
vn 0 0.500000477 0.86602515
vn 1.98217276e-06 0.500000536 0.86602515
vn 9.91087745e-07 0.499998361 0.866026342
vn 0 0.499998331 0.866026342
vn 0 0.499998331 0.866026342
vn 0 0.500000477 0.86602515
vn -2.27982173e-12 0.499998331 0.866026342
vn 9.91090019e-07 0.499998331 0.866026461
vn 0 0.499998331 0.866026342
vn 9.91087745e-07 0.499998361 0.866026342
vn 9.91090019e-07 0.499998331 0.866026461
vn 9.91085017e-07 0.500002682 0.866023839
vn 9.91086381e-07 0.500000536 0.86602515
vn 0 0.499998331 0.866026342
vn 0 0.499998331 0.866026342
vn 9.91086381e-07 0.500000536 0.86602515
vn 0 0.500000477 0.86602515
vn 0 0.499998331 0.866026342
vn 9.91086381e-07 0.500000536 0.86602515
vn 9.91086381e-07 0.500000477 0.86602515
vn 0 0.500000477 0.86602515
vn 0 0.500000477 0.86602515
vn 9.91085017e-07 0.500002682 0.866023839
vn 9.91086381e-07 0.500000477 0.86602515
vn 9.91086381e-07 0.500000477 0.86602515
vn 9.91086381e-07 0.500000536 0.86602515
vn -9.91086381e-07 0.500000477 0.86602515
vn 0 0.500000477 0.86602515
vn 0 0.500000477 0.86602515
vn 2.20744647e-12 0.500000477 0.86602515
vn 2.20744647e-12 0.500000477 0.86602515
vn 0 0.500000477 0.86602515
vn 9.91085017e-07 0.500002682 0.866023839
vn 9.91090019e-07 0.499998331 0.866026461
vn 0 0.500000477 0.86602515
vn -9.91085017e-07 0.500002623 0.866023958
vn 9.91086381e-07 0.500000477 0.86602515
vn 9.91085017e-07 0.500002682 0.866023839
vn 0 0.500000477 0.86602515
vn 0 0.499998361 0.866026342
vn -9.91085017e-07 0.500002623 0.866023958
vn 0 0.500000477 0.86602515
vn 0 0.499998361 0.866026342
vn -1.9821764e-06 0.500000477 0.86602515
vn -9.91085585e-07 0.499998331 0.866026461
vn -9.91085017e-07 0.500002623 0.866023958
vn -9.91085017e-07 0.500002623 0.866023958
vn -9.91085585e-07 0.499998331 0.866026461
vn 1.98217776e-06 0.499998361 0.866026342
vn 9.91086381e-07 0.500000477 0.86602515
vn -9.91085585e-07 0.499998331 0.866026461
vn 0 0.499996215 0.866027653
vn 0 0.499998331 0.866026342
vn 1.98217776e-06 0.499998361 0.866026342
vn -1.9821764e-06 0.500000477 0.86602515
vn 0 0.500000477 0.86602515
vn 0 0.499996215 0.866027653
vn -9.91085585e-07 0.499998331 0.866026461
vn 9.91086381e-07 0.500000477 0.86602515
vn 1.98217776e-06 0.499998361 0.866026342
vn 9.91086381e-07 0.500000536 0.86602515
vn 9.91086381e-07 0.500000477 0.86602515
vn 9.91086381e-07 0.500000477 0.86602515
vn 9.91086381e-07 0.500000536 0.86602515
vn 0 0.499998331 0.866026342
vn 0 0.500000477 0.86602515
vn 9.91086381e-07 0.500000536 0.86602515
vn 9.91086381e-07 0.500000477 0.86602515
vn 1.98217276e-06 0.500000536 0.86602515
vn 0 0.499998331 0.866026342
vn 1.98217776e-06 0.499998361 0.866026342
vn 0 0.499998331 0.866026342
vn 9.91086381e-07 0.500000477 0.86602515
vn 9.91086381e-07 0.500000536 0.86602515
vn 0 0.499998331 0.866026342
vn 0 0.499998987 0.866025984
vn 0 0.499998987 0.866025984
vn 9.91086381e-07 0.500000477 0.86602515
vn 9.91086381e-07 0.500000477 0.86602515
vn 0 0.499998987 0.866025984
vn 0 0.500001132 0.866024792
vn 1.98217276e-06 0.500000536 0.86602515
vn 0 0.499998987 0.866025984
vn -0 0.499999613 0.866025627
vn -0 0.499999642 0.866025686
vn 0 0.500001132 0.866024792
vn 0 0.499998987 0.866025984
vn -0 0.499999613 0.866025686
vn -0 0.499999613 0.866025627
vn 0 0.499998987 0.866025984
vn 0 0.500000477 0.86602515
vn 0 0.499999017 0.866025984
vn 0 0.499998987 0.866025984
vn 0 0.499996215 0.866027653
vn 0 0.499996215 0.866027653
vn 0 0.499998987 0.866025984
vn 0 0.499998987 0.866025984
vn 0 0.499998331 0.866026342
vn 0 0.499998987 0.866025984
vn -0 0.499999613 0.866025686
vn -0 0.499999613 0.866025686
vn 0 0.499998987 0.866025984
vn 0 0.499999017 0.866025984
vn -0 0.499999613 0.866025686
vn -0 0.499999613 0.866025686
vn 0 0.499998987 0.866025984
vn 0 0.499998331 0.866026461
vn 1.98217549e-06 0.499998331 0.866026461
vn 0 0.499998331 0.866026461
vn 9.91087745e-07 0.499998331 0.866026342
vn 9.91087745e-07 0.499998331 0.866026342
vn 0 0.499998331 0.866026461
vn 0 0.500000477 0.86602515
vn -7.56321741e-12 0.499998331 0.866026342
vn 0 0.499998331 0.866026461
vn 0 0.500000477 0.86602515
vn 0 0.500000477 0.86602515
vn 0 0.500000477 0.86602515
vn 1.98217549e-06 0.499998331 0.866026461
vn 9.91087518e-07 0.500000477 0.86602515
vn 0 0.500000477 0.86602515
vn 0 0.499998331 0.866026461
vn -7.56321741e-12 0.499998331 0.866026342
vn 0 0.500000477 0.86602515
vn 0 0.499998331 0.866026461
vn -2.27982173e-12 0.499998361 0.866026342
vn -2.27982173e-12 0.499998361 0.866026342
vn 0 0.499998331 0.866026461
vn -1.9821764e-06 0.500000477 0.86602515
vn 0 0.499998361 0.866026342
vn 0 0.499998331 0.866026461
vn 0 0.500000477 0.86602515
vn 0 0.500000477 0.86602515
vn -1.9821764e-06 0.500000477 0.86602515
vn 0 0.500000477 0.86602515
vn 0 0.500000477 0.86602515
vn 0 0.500000477 0.86602515
vn 0 0.499998331 0.866026461
vn 0 0.500000477 0.86602515
vn 0 0.499998987 0.866025984
vn 0 0.499998987 0.866025984
vn 0 0.500000477 0.86602515
vn 0 0.500000477 0.86602515
vn 0 0.499998987 0.866025984
vn 0 0.499999017 0.866025984
vn 0 0.500000477 0.86602515
vn 0 0.499998987 0.866025984
vn -0 0.499999553 0.866025686
vn -0 0.499999613 0.866025686
vn 0 0.499999017 0.866025984
vn 0 0.499998987 0.866025984
vn -0 0.499999613 0.866025686
vn -0 0.499999553 0.866025686
vn 0 0.499998987 0.866025984
vn 9.91087518e-07 0.500000477 0.86602515
vn 0 0.499998927 0.866026044
vn 0 0.499998987 0.866025984
vn 0 0.500000477 0.86602515
vn 0 0.500000477 0.86602515
vn 0 0.499998987 0.866025984
vn 0 0.499998987 0.866025984
vn 0 0.500000477 0.86602515
vn 0 0.499998987 0.866025984
vn -0 0.499999613 0.866025686
vn -0 0.499999613 0.866025686
vn 0 0.499998987 0.866025984
vn 0 0.499998927 0.866026044
vn -0 0.499999553 0.866025686
vn -0 0.499999613 0.866025686
vn 0 0.499998987 0.866025984
vn 9.91087518e-07 0.500000477 0.86602515
vn 0 0.499998361 0.866026342
vn -9.91086949e-07 0.500000536 0.86602509
vn 0 0.499996215 0.866027653
vn 0 0.499996215 0.866027653
vn -9.91086949e-07 0.500000536 0.86602509
vn 4.70439388e-13 0.499998361 0.866026342
vn 0 0.499998331 0.866026342
vn -9.91086949e-07 0.500000536 0.86602509
vn 0 0.500000536 0.86602515
vn 9.91088314e-07 0.499998331 0.866026342
vn 4.70439388e-13 0.499998361 0.866026342
vn 0 0.499998361 0.866026342
vn -9.91087063e-07 0.500000536 0.86602515
vn 0 0.500000536 0.86602515
vn -9.91086949e-07 0.500000536 0.86602509
vn 0 0.499998331 0.866026342
vn 4.70439388e-13 0.499998361 0.866026342
vn 9.91088996e-07 0.499998361 0.866026342
vn 0 0.499996215 0.866027653
vn 0 0.499996215 0.866027653
vn 9.91088996e-07 0.499998361 0.866026342
vn 0 0.499998331 0.866026342
vn 0 0.499996215 0.866027653
vn 9.91088996e-07 0.499998361 0.866026342
vn 0 0.500000477 0.86602515
vn -9.91087518e-07 0.500000477 0.86602515
vn 0 0.499998331 0.866026342
vn 4.70439388e-13 0.499998361 0.866026342
vn 9.91088314e-07 0.499998331 0.866026342
vn 0 0.500000477 0.86602515
vn 9.91088996e-07 0.499998361 0.866026342
vn 9.91088314e-07 0.499998331 0.866026342
vn 0 0.500000477 0.86602515
vn 0 0.500002623 0.866023958
vn 0 0.500000477 0.86602515
vn 0 0.500000477 0.86602515
vn 0 0.500002623 0.866023958
vn 0 0.500000477 0.86602515
vn -9.91087518e-07 0.500000477 0.86602515
vn 0 0.500002623 0.866023958
vn -1.15800468e-12 0.499998361 0.866026342
vn -1.15800468e-12 0.499998361 0.866026342
vn 0 0.500000477 0.86602515
vn 0 0.500000477 0.86602515
vn -6.15189974e-13 0.499998361 0.866026342
vn -1.15800468e-12 0.499998361 0.866026342
vn 0 0.500002623 0.866023958
vn -9.91087063e-07 0.500000536 0.86602515
vn 0 0.500000477 0.86602515
vn 0 0.500000536 0.86602515
vn 0 0.500000536 0.86602515
vn 0 0.500000536 0.86602515
vn 0 0.500000536 0.86602515
vn 0 0.500000477 0.86602515
vn 9.91088314e-07 0.499998331 0.866026342
vn 0 0.500000536 0.86602515
vn 0 0.499998361 0.866026342
vn -6.15189974e-13 0.499998361 0.866026342
vn 0 0.500000477 0.86602515
vn 0 0.500000477 0.86602515
vn 6.15190028e-13 0.49999842 0.866026402
vn 0 0.499998361 0.866026342
vn 0 0.500000536 0.86602515
vn 0 0.499996215 0.866027653
vn 0 0.499998331 0.866026342
vn -9.91087518e-07 0.500000536 0.86602515
vn 0 0.499996215 0.866027653
vn 0 0.499996215 0.866027653
vn -9.91087518e-07 0.500000536 0.86602515
vn 1.15800468e-12 0.499998331 0.866026342
vn 0 0.499998391 0.866026402
vn -9.91087518e-07 0.500000536 0.86602515
vn 0 0.500000477 0.86602515
vn 9.91087973e-07 0.499998331 0.866026461
vn 1.15800468e-12 0.499998331 0.866026342
vn 0 0.499998331 0.866026342
vn -9.91087518e-07 0.500000477 0.86602515
vn 0 0.500000477 0.86602515
vn -9.91087518e-07 0.500000536 0.86602515
vn 0 0.499998391 0.866026402
vn 1.15800468e-12 0.499998331 0.866026342
vn 9.91089905e-07 0.499998361 0.866026342
vn 0 0.499996215 0.866027653
vn 0 0.499996215 0.866027653
vn 9.91089905e-07 0.499998361 0.866026342
vn 0 0.499998331 0.866026342
vn -9.91089109e-07 0.499996215 0.866027653
vn 9.91089905e-07 0.499998361 0.866026342
vn 0 0.500000477 0.86602515
vn -9.91086381e-07 0.500000536 0.86602515
vn 0 0.499998331 0.866026342
vn 1.15800468e-12 0.499998331 0.866026342
vn 9.91087973e-07 0.499998331 0.866026461
vn 0 0.500000477 0.86602515
vn 9.91089905e-07 0.499998361 0.866026342
vn 9.91087973e-07 0.499998331 0.866026461
vn 0 0.500002623 0.866023958
vn 0 0.500002623 0.866023958
vn 0 0.500000477 0.86602515
vn 0 0.500000477 0.86602515
vn 0 0.500002623 0.866023958
vn 0 0.500002623 0.866023958
vn -9.91086381e-07 0.500000536 0.86602515
vn 0 0.500002623 0.866023958
vn 0 0.500002563 0.866023958
vn 0 0.499998331 0.866026461
vn 0 0.500002623 0.866023958
vn 0 0.500002623 0.866023958
vn 0 0.500002623 0.866023958
vn 0 0.500002563 0.866023958
vn 0 0.500002623 0.866023958
vn -9.91087518e-07 0.500000477 0.86602515
vn 0 0.500000477 0.86602515
vn 0 0.500000477 0.86602515
vn 0 0.500000477 0.86602515
vn 0 0.500000477 0.86602515
vn 0 0.500000477 0.86602515
vn 0 0.500002623 0.866023958
vn 9.91087973e-07 0.499998331 0.866026461
vn 0 0.500000477 0.86602515
vn -9.9108604e-07 0.500002623 0.866023958
vn 0 0.500002623 0.866023958
vn 0 0.500002623 0.866023958
vn 0 0.500000477 0.86602515
vn -1.15800468e-12 0.499998361 0.866026342
vn -9.9108604e-07 0.500002623 0.866023958
vn 0 0.500000477 0.86602515
vn -1.15800468e-12 0.499998361 0.866026342
vn -1.98217504e-06 0.500000477 0.86602515
vn -1.98217776e-06 0.499998331 0.866026342
vn -9.9108604e-07 0.500002623 0.866023958
vn -9.9108604e-07 0.500002623 0.866023958
vn -1.98217776e-06 0.499998331 0.866026342
vn 0 0.499998301 0.866026342
vn 0 0.500002623 0.866023958
vn -1.98217776e-06 0.499998331 0.866026342
vn 0 0.499996215 0.866027653
vn -9.9109036e-07 0.499996215 0.866027653
vn 0 0.499998301 0.866026342
vn -1.98217504e-06 0.500000477 0.86602515
vn 0 0.500000477 0.86602515
vn 0 0.499996215 0.866027653
vn -1.98217776e-06 0.499998331 0.866026342
vn 0 0.500002623 0.866023958
vn 0 0.499998301 0.866026342
vn 1.98217072e-06 0.500000477 0.86602515
vn 0 0.500002563 0.866023958
vn 0 0.500002563 0.866023958
vn 1.98217072e-06 0.500000477 0.86602515
vn 1.98217549e-06 0.499998331 0.866026461
vn 0 0.499998331 0.866026461
vn 1.98217072e-06 0.500000477 0.86602515
vn 0 0.499996185 0.866027594
vn 9.91087518e-07 0.500000477 0.86602515
vn 1.98217549e-06 0.499998331 0.866026461
vn 0 0.499998301 0.866026342
vn -9.9109036e-07 0.499996215 0.866027653
vn 0 0.499996185 0.866027594
vn 1.98217072e-06 0.500000477 0.86602515
vn -9.9109036e-07 0.499996215 0.866027653
vn 0 0.499998987 0.866025984
vn 0 0.499996871 0.866027296
vn 0 0.499996185 0.866027594
vn 0 0.499996185 0.866027594
vn 0 0.499996871 0.866027296
vn 0 0.499998927 0.866026044
vn 9.91087518e-07 0.500000477 0.86602515
vn 0 0.499996871 0.866027296
vn -0 0.499999613 0.866025686
vn -0 0.499999553 0.866025686
vn 0 0.499998927 0.866026044
vn 0 0.499998987 0.866025984
vn -0 0.499999613 0.866025686
vn -0 0.499999613 0.866025686
vn 0 0.499996871 0.866027296
vn 0 0.500000477 0.86602515
vn 0 0.499998927 0.866025984
vn 0 0.499998987 0.866025984
vn 0 0.499996215 0.866027653
vn 0 0.499996215 0.866027653
vn 0 0.499998987 0.866025984
vn 0 0.499998987 0.866025984
vn -9.9109036e-07 0.499996215 0.866027653
vn 0 0.499998987 0.866025984
vn -0 0.499999583 0.866025686
vn -0 0.499999613 0.866025686
vn 0 0.499998987 0.866025984
vn 0 0.499998927 0.866025984
vn -0 0.499999613 0.866025686
vn -0 0.499999583 0.866025686
vn 0 0.499998987 0.866025984
vn 6.15190028e-13 0.49999842 0.866026402
vn 1.98217526e-06 0.500000536 0.86602515
vn 0 0.499998391 0.866026402
vn 0 0.499998361 0.866026342
vn 0 0.499998361 0.866026342
vn 0 0.499998391 0.866026402
vn 0 0.500000477 0.86602515
vn -6.15189974e-13 0.499998361 0.866026342
vn 0 0.499998391 0.866026402
vn 0 0.500000477 0.86602515
vn 0 0.500000477 0.86602515
vn 0 0.500000477 0.86602515
vn 1.98217526e-06 0.500000536 0.86602515
vn 9.91087518e-07 0.500000477 0.86602515
vn 0 0.500000477 0.86602515
vn 0 0.499998391 0.866026402
vn -6.15189974e-13 0.499998361 0.866026342
vn 0 0.500000477 0.86602515
vn 0 0.499998331 0.866026461
vn -1.15800468e-12 0.499998361 0.866026342
vn -1.15800468e-12 0.499998361 0.866026342
vn 0 0.499998331 0.866026461
vn -1.98217504e-06 0.500000477 0.86602515
vn -1.15800468e-12 0.499998361 0.866026342
vn 0 0.499998331 0.866026461
vn 0 0.500000477 0.86602515
vn 0 0.500000477 0.86602515
vn -1.98217504e-06 0.500000477 0.86602515
vn 0 0.500000477 0.86602515
vn 0 0.500000477 0.86602515
vn 0 0.500000477 0.86602515
vn 0 0.499998331 0.866026461
vn 0 0.500000477 0.86602515
vn 0 0.499998987 0.866025984
vn 0 0.499998987 0.866025984
vn 0 0.500000477 0.86602515
vn 0 0.500000477 0.86602515
vn 0 0.499998987 0.866025984
vn 0 0.499998927 0.866025984
vn 0 0.500000477 0.86602515
vn 0 0.499998987 0.866025984
vn -0 0.499999613 0.866025686
vn -0 0.499999613 0.866025686
vn 0 0.499998927 0.866025984
vn 0 0.499998987 0.866025984
vn -0 0.499999613 0.866025686
vn -0 0.499999613 0.866025686
vn 0 0.499998987 0.866025984
vn 9.91087518e-07 0.500000477 0.86602515
vn 0 0.499998987 0.866025984
vn 0 0.499999017 0.866025984
vn 0 0.500000477 0.86602515
vn 0 0.500000477 0.86602515
vn 0 0.499999017 0.866025984
vn 0 0.499998987 0.866025984
vn 0 0.500000477 0.86602515
vn 0 0.499999017 0.866025984
vn -0 0.499999613 0.866025686
vn -0 0.499999613 0.866025686
vn 0 0.499998987 0.866025984
vn 0 0.499998987 0.866025984
vn -0 0.499999613 0.866025686
vn -0 0.499999613 0.866025686
vn 0 0.499999017 0.866025984
g 
f 1/1/1 4425/1/2 1226/1/3 4397/1/4
f 4397/1/5 1226/1/6 2378/1/7 1047/1/8
f 1226/1/9 2381/1/10 326/1/11 2378/1/12
f 4425/1/13 1061/1/14 2381/1/15 1226/1/16
f 1047/1/17 2378/1/18 1227/1/19 4396/1/20
f 4396/1/21 1227/1/22 3531/1/23 236/1/24
f 1227/1/25 2379/1/26 614/1/27 3531/1/28
f 2378/1/29 326/1/30 2379/1/31 1227/1/32
f 326/1/33 2380/1/34 1228/1/35 2379/1/36
f 2379/1/37 1228/1/38 3530/1/39 614/1/40
f 1228/1/41 3536/1/42 92/1/43 3530/1/44
f 2380/1/45 617/1/46 3536/1/47 1228/1/48
f 1061/1/49 4424/1/50 1229/1/51 2381/1/52
f 2381/1/53 1229/1/54 2380/1/55 326/1/56
f 1229/1/57 3537/1/58 617/1/59 2380/1/60
f 4424/1/61 243/1/62 3537/1/63 1229/1/64
f 236/1/65 3531/1/66 1230/1/67 4394/1/68
f 4394/1/69 1230/1/70 2382/1/71 1046/1/72
f 1230/1/73 2385/1/74 327/1/75 2382/1/76
f 3531/1/77 614/1/78 2385/1/79 1230/1/80
f 1046/1/81 2382/1/82 1231/1/83 4395/1/84
f 4395/1/85 1231/1/86 4109/1/87 47/1/88
f 1231/1/89 2383/1/90 903/1/91 4109/1/92
f 2382/1/93 327/1/94 2383/1/95 1231/1/96
f 327/1/97 2384/1/98 1232/1/99 2383/1/100
f 2383/1/101 1232/1/102 4108/1/103 903/1/104
f 1232/1/105 3533/1/106 164/1/107 4108/1/108
f 2384/1/109 615/1/110 3533/1/111 1232/1/112
f 614/1/113 3530/1/114 1233/1/115 2385/1/116
f 2385/1/117 1233/1/118 2384/1/119 327/1/120
f 1233/1/121 3532/1/122 615/1/123 2384/1/124
f 3530/1/125 92/1/126 3532/1/127 1233/1/128
f 92/1/129 3534/1/130 1234/1/131 3532/1/132
f 3532/1/133 1234/1/134 2386/1/135 615/1/136
f 1234/1/137 2389/1/138 328/1/139 2386/1/140
f 3534/1/141 616/1/142 2389/1/143 1234/1/144
f 615/1/145 2386/1/146 1235/1/147 3533/1/148
f 3533/1/149 1235/1/150 4106/1/151 164/1/152
f 1235/1/153 2387/1/154 902/1/155 4106/1/156
f 2386/1/157 328/1/158 2387/1/159 1235/1/160
f 328/1/161 2388/1/162 1236/1/163 2387/1/164
f 2387/1/165 1236/1/166 4107/1/167 902/1/168
f 1236/1/169 4119/1/170 29/1/171 4107/1/172
f 2388/1/173 908/1/174 4119/1/175 1236/1/176
f 616/1/177 3535/1/178 1237/1/179 2389/1/180
f 2389/1/181 1237/1/182 2388/1/183 328/1/184
f 1237/1/185 4118/1/186 908/1/187 2388/1/188
f 3535/1/189 167/1/190 4118/1/191 1237/1/192
f 243/1/193 4422/1/194 1238/1/195 3537/1/196
f 3537/1/197 1238/1/198 2390/1/199 617/1/200
f 1238/1/201 2393/1/202 329/1/203 2390/1/204
f 4422/1/205 1060/1/206 2393/1/207 1238/1/208
f 617/1/209 2390/1/210 1239/1/211 3536/1/212
f 3536/1/213 1239/1/214 3534/1/215 92/1/216
f 1239/1/217 2391/1/218 616/1/219 3534/1/220
f 2390/1/221 329/1/222 2391/1/223 1239/1/224
f 329/1/225 2392/1/226 1240/1/227 2391/1/228
f 2391/1/229 1240/1/230 3535/1/231 616/1/232
f 1240/1/233 4120/1/234 167/1/235 3535/1/236
f 2392/1/237 909/1/238 4120/1/239 1240/1/240
f 1060/1/241 4423/1/242 1241/1/243 2393/1/244
f 2393/1/245 1241/1/246 2392/1/247 329/1/248
f 1241/1/249 4121/1/250 909/1/251 2392/1/252
f 4423/1/253 50/1/254 4121/1/255 1241/1/256
f 47/1/257 4109/1/258 1242/1/259 4399/1/260
f 4399/1/261 1242/1/262 2394/1/263 1048/1/264
f 1242/1/265 2397/1/266 330/1/267 2394/1/268
f 4109/1/269 903/1/270 2397/1/271 1242/1/272
f 1048/1/273 2394/1/274 1243/1/275 4398/1/276
f 4398/1/277 1243/1/278 3539/1/279 237/1/280
f 1243/1/281 2395/1/282 618/1/283 3539/1/284
f 2394/1/285 330/1/286 2395/1/287 1243/1/288
f 330/1/289 2396/1/290 1244/1/291 2395/1/292
f 2395/1/293 1244/1/294 3538/1/295 618/1/296
f 1244/1/297 3544/1/298 93/1/299 3538/1/300
f 2396/1/301 621/1/302 3544/1/303 1244/1/304
f 903/1/305 4108/1/306 1245/1/307 2397/1/308
f 2397/1/309 1245/1/310 2396/1/311 330/1/312
f 1245/1/313 3545/1/314 621/1/315 2396/1/316
f 4108/1/317 164/1/318 3545/1/319 1245/1/320
f 237/1/321 3539/1/322 1246/1/323 4400/1/324
f 4400/1/325 1246/1/326 2398/1/327 1049/1/328
f 1246/1/329 2401/1/330 331/1/331 2398/1/332
f 3539/1/333 618/1/334 2401/1/335 1246/1/336
f 1049/1/337 2398/1/338 1247/1/339 4401/1/340
f 4401/1/341 1247/1/342 4405/1/343 2/1/344
f 1247/1/345 2399/1/346 1051/1/347 4405/1/348
f 2398/1/349 331/1/350 2399/1/351 1247/1/352
f 331/1/353 2400/1/354 1248/1/355 2399/1/356
f 2399/1/357 1248/1/358 4404/1/359 1051/1/360
f 1248/1/361 3541/1/362 238/1/363 4404/1/364
f 2400/1/365 619/1/366 3541/1/367 1248/1/368
f 618/1/369 3538/1/370 1249/1/371 2401/1/372
f 2401/1/373 1249/1/374 2400/1/375 331/1/376
f 1249/1/377 3540/1/378 619/1/379 2400/1/380
f 3538/1/381 93/1/382 3540/1/383 1249/1/384
f 93/1/385 3542/1/386 1250/1/387 3540/1/388
f 3540/1/389 1250/1/390 2402/1/391 619/1/392
f 1250/1/393 2405/1/394 332/1/395 2402/1/396
f 3542/1/397 620/1/398 2405/1/399 1250/1/400
f 619/1/401 2402/1/402 1251/1/403 3541/1/404
f 3541/1/405 1251/1/406 4402/1/407 238/1/408
f 1251/1/409 2403/1/410 1050/1/411 4402/1/412
f 2402/1/413 332/1/414 2403/1/415 1251/1/416
f 332/1/417 2404/1/418 1252/1/419 2403/1/420
f 2403/1/421 1252/1/422 4403/1/423 1050/1/424
f 1252/1/425 4113/1/426 48/1/427 4403/1/428
f 2404/1/429 905/1/430 4113/1/431 1252/1/432
f 620/1/433 3543/1/434 1253/1/435 2405/1/436
f 2405/1/437 1253/1/438 2404/1/439 332/1/440
f 1253/1/441 4112/1/442 905/1/443 2404/1/444
f 3543/1/445 165/1/446 4112/1/447 1253/1/448
f 164/1/449 4106/1/450 1254/1/451 3545/1/452
f 3545/1/453 1254/1/454 2406/1/455 621/1/456
f 1254/1/457 2409/1/458 333/1/459 2406/1/460
f 4106/1/461 902/1/462 2409/1/463 1254/1/464
f 621/1/465 2406/1/466 1255/1/467 3544/1/468
f 3544/1/469 1255/1/470 3542/1/471 93/1/472
f 1255/1/473 2407/1/474 620/1/475 3542/1/476
f 2406/1/477 333/1/478 2407/1/479 1255/1/480
f 333/1/481 2408/1/482 1256/1/483 2407/1/484
f 2407/1/485 1256/1/486 3543/1/487 620/1/488
f 1256/1/489 4110/1/490 165/1/491 3543/1/492
f 2408/1/493 904/1/494 4110/1/495 1256/1/496
f 902/1/497 4107/1/498 1257/1/499 2409/1/500
f 2409/1/501 1257/1/502 2408/1/503 333/1/504
f 1257/1/505 4111/1/506 904/1/507 2408/1/508
f 4107/1/509 29/1/510 4111/1/511 1257/1/512
f 29/1/513 4115/1/514 1258/1/515 4111/1/516
f 4111/1/517 1258/1/518 2410/1/519 904/1/520
f 1258/1/521 2413/1/522 334/1/523 2410/1/524
f 4115/1/525 906/1/526 2413/1/527 1258/1/528
f 904/1/529 2410/1/530 1259/1/531 4110/1/532
f 4110/1/533 1259/1/534 3547/1/535 165/1/536
f 1259/1/537 2411/1/538 622/1/539 3547/1/540
f 2410/1/541 334/1/542 2411/1/543 1259/1/544
f 334/1/545 2412/1/546 1260/1/547 2411/1/548
f 2411/1/549 1260/1/550 3546/1/551 622/1/552
f 1260/1/553 3552/1/554 94/1/555 3546/1/556
f 2412/1/557 625/1/558 3552/1/559 1260/1/560
f 906/1/561 4114/1/562 1261/1/563 2413/1/564
f 2413/1/565 1261/1/566 2412/1/567 334/1/568
f 1261/1/569 3553/1/570 625/1/571 2412/1/572
f 4114/1/573 166/1/574 3553/1/575 1261/1/576
f 165/1/577 3547/1/578 1262/1/579 4112/1/580
f 4112/1/581 1262/1/582 2414/1/583 905/1/584
f 1262/1/585 2417/1/586 335/1/587 2414/1/588
f 3547/1/589 622/1/590 2417/1/591 1262/1/592
f 905/1/593 2414/1/594 1263/1/595 4113/1/596
f 4113/1/597 1263/1/598 4407/1/599 48/1/600
f 1263/1/601 2415/1/602 1052/1/603 4407/1/604
f 2414/1/605 335/1/606 2415/1/607 1263/1/608
f 335/1/609 2416/1/610 1264/1/611 2415/1/612
f 2415/1/613 1264/1/614 4406/1/615 1052/1/616
f 1264/1/617 3549/1/618 239/1/619 4406/1/620
f 2416/1/621 623/1/622 3549/1/623 1264/1/624
f 622/1/625 3546/1/626 1265/1/627 2417/1/628
f 2417/1/629 1265/1/630 2416/1/631 335/1/632
f 1265/1/633 3548/1/634 623/1/635 2416/1/636
f 3546/1/637 94/1/638 3548/1/639 1265/1/640
f 94/1/641 3550/1/642 1266/1/643 3548/1/644
f 3548/1/645 1266/1/646 2418/1/647 623/1/648
f 1266/1/649 2421/1/650 336/1/651 2418/1/652
f 3550/1/653 624/1/654 2421/1/655 1266/1/656
f 623/1/657 2418/1/658 1267/1/659 3549/1/660
f 3549/1/661 1267/1/662 4408/1/663 239/1/664
f 1267/1/665 2419/1/666 1053/1/667 4408/1/668
f 2418/1/669 336/1/670 2419/1/671 1267/1/672
f 336/1/673 2420/1/674 1268/1/675 2419/1/676
f 2419/1/677 1268/1/678 4409/1/679 1053/1/680
f 1268/1/681 4413/1/682 6/1/683 4409/1/684
f 2420/1/685 1055/1/686 4413/1/687 1268/1/688
f 624/1/689 3551/1/690 1269/1/691 2421/1/692
f 2421/1/693 1269/1/694 2420/1/695 336/1/696
f 1269/1/697 4412/1/698 1055/1/699 2420/1/700
f 3551/1/701 240/1/702 4412/1/703 1269/1/704
f 166/1/705 4116/1/706 1270/1/707 3553/1/708
f 3553/1/709 1270/1/710 2422/1/711 625/1/712
f 1270/1/713 2425/1/714 337/1/715 2422/1/716
f 4116/1/717 907/1/718 2425/1/719 1270/1/720
f 625/1/721 2422/1/722 1271/1/723 3552/1/724
f 3552/1/725 1271/1/726 3550/1/727 94/1/728
f 1271/1/729 2423/1/730 624/1/731 3550/1/732
f 2422/1/733 337/1/734 2423/1/735 1271/1/736
f 337/1/737 2424/1/738 1272/1/739 2423/1/740
f 2423/1/741 1272/1/742 3551/1/743 624/1/744
f 1272/1/745 4410/1/746 240/1/747 3551/1/748
f 2424/1/749 1054/1/750 4410/1/751 1272/1/752
f 907/1/753 4117/1/754 1273/1/755 2425/1/756
f 2425/1/757 1273/1/758 2424/1/759 337/1/760
f 1273/1/761 4411/1/762 1054/1/763 2424/1/764
f 4117/1/765 49/1/766 4411/1/767 1273/1/768
f 50/1/769 4419/1/770 1274/1/771 4121/1/772
f 4121/1/773 1274/1/774 2426/1/775 909/1/776
f 1274/1/777 2429/1/778 338/1/779 2426/1/780
f 4419/1/781 1058/1/782 2429/1/783 1274/1/784
f 909/1/785 2426/1/786 1275/1/787 4120/1/788
f 4120/1/789 1275/1/790 3555/1/791 167/1/792
f 1275/1/793 2427/1/794 626/1/795 3555/1/796
f 2426/1/797 338/1/798 2427/1/799 1275/1/800
f 338/1/801 2428/1/802 1276/1/803 2427/1/804
f 2427/1/805 1276/1/806 3554/1/807 626/1/808
f 1276/1/809 3560/1/810 95/1/811 3554/1/812
f 2428/1/813 629/1/814 3560/1/815 1276/1/816
f 1058/1/817 4418/1/818 1277/1/819 2429/1/820
f 2429/1/821 1277/1/822 2428/1/823 338/1/824
f 1277/1/825 3561/1/826 629/1/827 2428/1/828
f 4418/1/829 242/1/830 3561/1/831 1277/1/832
f 167/1/833 3555/1/834 1278/1/835 4118/1/836
f 4118/1/837 1278/1/838 2430/1/839 908/1/840
f 1278/1/841 2433/1/842 339/1/843 2430/1/844
f 3555/1/845 626/1/846 2433/1/847 1278/1/848
f 908/1/849 2430/1/850 1279/1/851 4119/1/852
f 4119/1/853 1279/1/854 4115/1/855 29/1/856
f 1279/1/857 2431/1/858 906/1/859 4115/1/860
f 2430/1/861 339/1/862 2431/1/863 1279/1/864
f 339/1/865 2432/1/866 1280/1/867 2431/1/868
f 2431/1/869 1280/1/870 4114/1/871 906/1/872
f 1280/1/873 3557/1/874 166/1/875 4114/1/876
f 2432/1/877 627/1/878 3557/1/879 1280/1/880
f 626/1/881 3554/1/882 1281/1/883 2433/1/884
f 2433/1/885 1281/1/886 2432/1/887 339/1/888
f 1281/1/889 3556/1/890 627/1/891 2432/1/892
f 3554/1/893 95/1/894 3556/1/895 1281/1/896
f 95/1/897 3558/1/898 1282/1/899 3556/1/900
f 3556/1/901 1282/1/902 2434/1/903 627/1/904
f 1282/1/905 2437/1/906 340/1/907 2434/1/908
f 3558/1/909 628/1/910 2437/1/911 1282/1/912
f 627/1/913 2434/1/914 1283/1/915 3557/1/916
f 3557/1/917 1283/1/918 4116/1/919 166/1/920
f 1283/1/921 2435/1/922 907/1/923 4116/1/924
f 2434/1/925 340/1/926 2435/1/927 1283/1/928
f 340/1/929 2436/1/930 1284/1/931 2435/1/932
f 2435/1/933 1284/1/934 4117/1/935 907/1/936
f 1284/1/937 4415/1/938 49/1/939 4117/1/940
f 2436/1/941 1056/1/942 4415/1/943 1284/1/944
f 628/1/945 3559/1/946 1285/1/947 2437/1/948
f 2437/1/949 1285/1/950 2436/1/951 340/1/952
f 1285/1/953 4414/1/954 1056/1/955 2436/1/956
f 3559/1/957 241/1/958 4414/1/959 1285/1/960
f 242/1/961 4420/1/962 1286/1/963 3561/1/964
f 3561/1/965 1286/1/966 2438/1/967 629/1/968
f 1286/1/969 2441/1/970 341/1/971 2438/1/972
f 4420/1/973 1059/1/974 2441/1/975 1286/1/976
f 629/1/977 2438/1/978 1287/1/979 3560/1/980
f 3560/1/981 1287/1/982 3558/1/983 95/1/984
f 1287/1/985 2439/1/986 628/1/987 3558/1/988
f 2438/1/989 341/1/990 2439/1/991 1287/1/992
f 341/1/993 2440/1/994 1288/1/995 2439/1/996
f 2439/1/997 1288/1/998 3559/1/999 628/1/1000
f 1288/1/1001 4416/1/1002 241/1/1003 3559/1/1004
f 2440/1/1005 1057/1/1006 4416/1/1007 1288/1/1008
f 1059/1/1009 4421/1/1010 1289/1/1011 2441/1/1012
f 2441/1/1013 1289/1/1014 2440/1/1015 341/1/1016
f 1289/1/1017 4417/1/1018 1057/1/1019 2440/1/1020
f 4421/1/1021 5/1/1022 4417/1/1023 1289/1/1024
f 2/1/1025 4405/1/1026 1290/1/1027 4429/1/1028
f 4429/1/1029 1290/1/1030 2442/2/1031 1063/2/1032
f 1290/1/1033 2445/1/1034 342/2/1035 2442/2/1036
f 4405/1/1037 1051/1/1038 2445/1/1039 1290/1/1040
f 1063/2/1041 2442/2/1042 1291/3/1043 4428/3/1044
f 4428/3/1045 1291/3/1046 3563/4/1047 244/4/1048
f 1291/3/1049 2443/3/1050 630/4/1051 3563/4/1052
f 2442/2/1053 342/2/1054 2443/3/1055 1291/3/1056
f 342/2/1057 2444/2/1058 1292/3/1059 2443/3/1060
f 2443/3/1061 1292/3/1062 3562/4/1063 630/4/1064
f 1292/3/1065 3568/3/1066 96/4/1067 3562/4/1068
f 2444/2/1069 633/2/1070 3568/3/1071 1292/3/1072
f 1051/1/1073 4404/1/1074 1293/1/1075 2445/1/1076
f 2445/1/1077 1293/1/1078 2444/2/1079 342/2/1080
f 1293/1/1081 3569/1/1082 633/2/1083 2444/2/1084
f 4404/1/1085 238/1/1086 3569/1/1087 1293/1/1088
f 244/4/1089 3563/4/1090 1294/5/1091 4426/5/1092
f 4426/5/1093 1294/5/1094 2446/6/1095 1062/6/1096
f 1294/5/1097 2449/5/1098 343/6/1099 2446/6/1100
f 3563/4/1101 630/4/1102 2449/5/1103 1294/5/1104
f 1062/6/1105 2446/6/1106 1295/7/1107 4427/7/1108
f 4427/7/1109 1295/7/1110 4125/8/1111 51/8/1112
f 1295/7/1113 2447/7/1114 911/8/1115 4125/8/1116
f 2446/6/1117 343/6/1118 2447/7/1119 1295/7/1120
f 343/6/1121 2448/6/1122 1296/7/1123 2447/7/1124
f 2447/7/1125 1296/7/1126 4124/8/1127 911/8/1128
f 1296/7/1129 3565/7/1130 168/8/1131 4124/8/1132
f 2448/6/1133 631/6/1134 3565/7/1135 1296/7/1136
f 630/4/1137 3562/4/1138 1297/5/1139 2449/5/1140
f 2449/5/1141 1297/5/1142 2448/6/1143 343/6/1144
f 1297/5/1145 3564/5/1146 631/6/1147 2448/6/1148
f 3562/4/1149 96/4/1150 3564/5/1151 1297/5/1152
f 96/4/1153 3566/4/1154 1298/5/1155 3564/5/1156
f 3564/5/1157 1298/5/1158 2450/6/1159 631/6/1160
f 1298/5/1161 2453/5/1162 344/6/1163 2450/6/1164
f 3566/4/1165 632/4/1166 2453/5/1167 1298/5/1168
f 631/6/1169 2450/6/1170 1299/7/1171 3565/7/1172
f 3565/7/1173 1299/7/1174 4122/8/1175 168/8/1176
f 1299/7/1177 2451/7/1178 910/8/1179 4122/8/1180
f 2450/6/1181 344/6/1182 2451/7/1183 1299/7/1184
f 344/6/1185 2452/6/1186 1300/7/1187 2451/7/1188
f 2451/7/1189 1300/7/1190 4123/8/1191 910/8/1192
f 1300/7/1193 4135/7/1194 30/8/1195 4123/8/1196
f 2452/6/1197 916/6/1198 4135/7/1199 1300/7/1200
f 632/4/1201 3567/4/1202 1301/5/1203 2453/5/1204
f 2453/5/1205 1301/5/1206 2452/6/1207 344/6/1208
f 1301/5/1209 4134/5/1210 916/6/1211 2452/6/1212
f 3567/4/1213 171/4/1214 4134/5/1215 1301/5/1216
f 238/1/1217 4402/1/1218 1302/1/1219 3569/1/1220
f 3569/1/1221 1302/1/1222 2454/2/1223 633/2/1224
f 1302/1/1225 2457/1/1226 345/2/1227 2454/2/1228
f 4402/1/1229 1050/1/1230 2457/1/1231 1302/1/1232
f 633/2/1233 2454/2/1234 1303/3/1235 3568/3/1236
f 3568/3/1237 1303/3/1238 3566/4/1239 96/4/1240
f 1303/3/1241 2455/3/1242 632/4/1243 3566/4/1244
f 2454/2/1245 345/2/1246 2455/3/1247 1303/3/1248
f 345/2/1249 2456/2/1250 1304/3/1251 2455/3/1252
f 2455/3/1253 1304/3/1254 3567/4/1255 632/4/1256
f 1304/3/1257 4136/3/1258 171/4/1259 3567/4/1260
f 2456/2/1261 917/2/1262 4136/3/1263 1304/3/1264
f 1050/1/1265 4403/1/1266 1305/1/1267 2457/1/1268
f 2457/1/1269 1305/1/1270 2456/2/1271 345/2/1272
f 1305/1/1273 4137/1/1274 917/2/1275 2456/2/1276
f 4403/1/1277 48/1/1278 4137/1/1279 1305/1/1280
f 51/8/1281 4125/8/1282 1306/9/1283 4431/9/1284
f 4431/9/1285 1306/9/1286 2458/10/1287 1064/10/1288
f 1306/9/1289 2461/9/1290 346/10/1291 2458/10/1292
f 4125/8/1293 911/8/1294 2461/9/1295 1306/9/1296
f 1064/10/1297 2458/10/1298 1307/11/1299 4430/11/1300
f 4430/11/1301 1307/11/1302 3571/12/1303 245/12/1304
f 1307/11/1305 2459/11/1306 634/12/1307 3571/12/1308
f 2458/10/1309 346/10/1310 2459/11/1311 1307/11/1312
f 346/10/1313 2460/10/1314 1308/11/1315 2459/11/1316
f 2459/11/1317 1308/11/1318 3570/12/1319 634/12/1320
f 1308/11/1321 3576/11/1322 97/12/1323 3570/12/1324
f 2460/10/1325 637/10/1326 3576/11/1327 1308/11/1328
f 911/8/1329 4124/8/1330 1309/9/1331 2461/9/1332
f 2461/9/1333 1309/9/1334 2460/10/1335 346/10/1336
f 1309/9/1337 3577/9/1338 637/10/1339 2460/10/1340
f 4124/8/1341 168/8/1342 3577/9/1343 1309/9/1344
f 245/12/1345 3571/12/1346 1310/13/1347 4432/13/1348
f 4432/13/1349 1310/13/1350 2462/14/1351 1065/14/1352
f 1310/13/1353 2465/13/1354 347/14/1355 2462/14/1356
f 3571/12/1357 634/12/1358 2465/13/1359 1310/13/1360
f 1065/14/1361 2462/14/1362 1311/15/1363 4433/15/1364
f 4433/15/1365 1311/15/1366 4437/15/1367 3/15/1368
f 1311/15/1369 2463/15/1370 1067/15/1371 4437/15/1372
f 2462/14/1373 347/14/1374 2463/15/1375 1311/15/1376
f 347/14/1377 2464/14/1378 1312/15/1379 2463/15/1380
f 2463/15/1381 1312/15/1382 4436/15/1383 1067/15/1384
f 1312/15/1385 3573/15/1386 246/15/1387 4436/15/1388
f 2464/14/1389 635/14/1390 3573/15/1391 1312/15/1392
f 634/12/1393 3570/12/1394 1313/13/1395 2465/13/1396
f 2465/13/1397 1313/13/1398 2464/14/1399 347/14/1400
f 1313/13/1401 3572/13/1402 635/14/1403 2464/14/1404
f 3570/12/1405 97/12/1406 3572/13/1407 1313/13/1408
f 97/12/1409 3574/12/1410 1314/13/1411 3572/13/1412
f 3572/13/1413 1314/13/1414 2466/14/1415 635/14/1416
f 1314/13/1417 2469/13/1418 348/14/1419 2466/14/1420
f 3574/12/1421 636/12/1422 2469/13/1423 1314/13/1424
f 635/14/1425 2466/14/1426 1315/15/1427 3573/15/1428
f 3573/15/1429 1315/15/1430 4434/15/1431 246/15/1432
f 1315/15/1433 2467/15/1434 1066/15/1435 4434/15/1436
f 2466/14/1437 348/14/1438 2467/15/1439 1315/15/1440
f 348/14/1441 2468/14/1442 1316/15/1443 2467/15/1444
f 2467/15/1445 1316/15/1446 4435/15/1447 1066/15/1448
f 1316/15/1449 4129/15/1450 52/15/1451 4435/15/1452
f 2468/14/1453 913/14/1454 4129/15/1455 1316/15/1456
f 636/12/1457 3575/12/1458 1317/13/1459 2469/13/1460
f 2469/13/1461 1317/13/1462 2468/14/1463 348/14/1464
f 1317/13/1465 4128/13/1466 913/14/1467 2468/14/1468
f 3575/12/1469 169/12/1470 4128/13/1471 1317/13/1472
f 168/8/1473 4122/8/1474 1318/9/1475 3577/9/1476
f 3577/9/1477 1318/9/1478 2470/10/1479 637/10/1480
f 1318/9/1481 2473/9/1482 349/10/1483 2470/10/1484
f 4122/8/1485 910/8/1486 2473/9/1487 1318/9/1488
f 637/10/1489 2470/10/1490 1319/11/1491 3576/11/1492
f 3576/11/1493 1319/11/1494 3574/12/1495 97/12/1496
f 1319/11/1497 2471/11/1498 636/12/1499 3574/12/1500
f 2470/10/1501 349/10/1502 2471/11/1503 1319/11/1504
f 349/10/1505 2472/10/1506 1320/11/1507 2471/11/1508
f 2471/11/1509 1320/11/1510 3575/12/1511 636/12/1512
f 1320/11/1513 4126/11/1514 169/12/1515 3575/12/1516
f 2472/10/1517 912/10/1518 4126/11/1519 1320/11/1520
f 910/8/1521 4123/8/1522 1321/9/1523 2473/9/1524
f 2473/9/1525 1321/9/1526 2472/10/1527 349/10/1528
f 1321/9/1529 4127/9/1530 912/10/1531 2472/10/1532
f 4123/8/1533 30/8/1534 4127/9/1535 1321/9/1536
f 30/8/1537 4131/8/1538 1322/9/1539 4127/9/1540
f 4127/9/1541 1322/9/1542 2474/10/1543 912/10/1544
f 1322/9/1545 2477/9/1546 350/10/1547 2474/10/1548
f 4131/8/1549 914/8/1550 2477/9/1551 1322/9/1552
f 912/10/1553 2474/10/1554 1323/11/1555 4126/11/1556
f 4126/11/1557 1323/11/1558 3579/12/1559 169/12/1560
f 1323/11/1561 2475/11/1562 638/12/1563 3579/12/1564
f 2474/10/1565 350/10/1566 2475/11/1567 1323/11/1568
f 350/10/1569 2476/10/1570 1324/11/1571 2475/11/1572
f 2475/11/1573 1324/11/1574 3578/12/1575 638/12/1576
f 1324/11/1577 3584/11/1578 98/12/1579 3578/12/1580
f 2476/10/1581 641/10/1582 3584/11/1583 1324/11/1584
f 914/8/1585 4130/8/1586 1325/9/1587 2477/9/1588
f 2477/9/1589 1325/9/1590 2476/10/1591 350/10/1592
f 1325/9/1593 3585/9/1594 641/10/1595 2476/10/1596
f 4130/8/1597 170/8/1598 3585/9/1599 1325/9/1600
f 169/12/1601 3579/12/1602 1326/13/1603 4128/13/1604
f 4128/13/1605 1326/13/1606 2478/14/1607 913/14/1608
f 1326/13/1609 2481/13/1610 351/14/1611 2478/14/1612
f 3579/12/1613 638/12/1614 2481/13/1615 1326/13/1616
f 913/14/1617 2478/14/1618 1327/15/1619 4129/15/1620
f 4129/15/1621 1327/15/1622 4439/15/1623 52/15/1624
f 1327/15/1625 2479/15/1626 1068/15/1627 4439/15/1628
f 2478/14/1629 351/14/1630 2479/15/1631 1327/15/1632
f 351/14/1633 2480/14/1634 1328/15/1635 2479/15/1636
f 2479/15/1637 1328/15/1638 4438/15/1639 1068/15/1640
f 1328/15/1641 3581/15/1642 247/15/1643 4438/15/1644
f 2480/14/1645 639/14/1646 3581/15/1647 1328/15/1648
f 638/12/1649 3578/12/1650 1329/13/1651 2481/13/1652
f 2481/13/1653 1329/13/1654 2480/14/1655 351/14/1656
f 1329/13/1657 3580/13/1658 639/14/1659 2480/14/1660
f 3578/12/1661 98/12/1662 3580/13/1663 1329/13/1664
f 98/12/1665 3582/12/1666 1330/13/1667 3580/13/1668
f 3580/13/1669 1330/13/1670 2482/14/1671 639/14/1672
f 1330/13/1673 2485/13/1674 352/14/1675 2482/14/1676
f 3582/12/1677 640/12/1678 2485/13/1679 1330/13/1680
f 639/14/1681 2482/14/1682 1331/15/1683 3581/15/1684
f 3581/15/1685 1331/15/1686 4440/15/1687 247/15/1688
f 1331/15/1689 2483/15/1690 1069/15/1691 4440/15/1692
f 2482/14/1693 352/14/1694 2483/15/1695 1331/15/1696
f 352/14/1697 2484/14/1698 1332/15/1699 2483/15/1700
f 2483/15/1701 1332/15/1702 4441/15/1703 1069/15/1704
f 1332/15/1705 4445/15/1706 7/15/1707 4441/15/1708
f 2484/14/1709 1071/14/1710 4445/15/1711 1332/15/1712
f 640/12/1713 3583/12/1714 1333/13/1715 2485/13/1716
f 2485/13/1717 1333/13/1718 2484/14/1719 352/14/1720
f 1333/13/1721 4444/13/1722 1071/14/1723 2484/14/1724
f 3583/12/1725 248/12/1726 4444/13/1727 1333/13/1728
f 170/8/1729 4132/8/1730 1334/9/1731 3585/9/1732
f 3585/9/1733 1334/9/1734 2486/10/1735 641/10/1736
f 1334/9/1737 2489/9/1738 353/10/1739 2486/10/1740
f 4132/8/1741 915/8/1742 2489/9/1743 1334/9/1744
f 641/10/1745 2486/10/1746 1335/11/1747 3584/11/1748
f 3584/11/1749 1335/11/1750 3582/12/1751 98/12/1752
f 1335/11/1753 2487/11/1754 640/12/1755 3582/12/1756
f 2486/10/1757 353/10/1758 2487/11/1759 1335/11/1760
f 353/10/1761 2488/10/1762 1336/11/1763 2487/11/1764
f 2487/11/1765 1336/11/1766 3583/12/1767 640/12/1768
f 1336/11/1769 4442/11/1770 248/12/1771 3583/12/1772
f 2488/10/1773 1070/10/1774 4442/11/1775 1336/11/1776
f 915/8/1777 4133/8/1778 1337/9/1779 2489/9/1780
f 2489/9/1781 1337/9/1782 2488/10/1783 353/10/1784
f 1337/9/1785 4443/9/1786 1070/10/1787 2488/10/1788
f 4133/8/1789 53/8/1790 4443/9/1791 1337/9/1792
f 48/1/1793 4407/1/1794 1338/1/1795 4137/1/1796
f 4137/1/1797 1338/1/1798 2490/2/1799 917/2/1800
f 1338/1/1801 2493/1/1802 354/2/1803 2490/2/1804
f 4407/1/1805 1052/1/1806 2493/1/1807 1338/1/1808
f 917/2/1809 2490/2/1810 1339/3/1811 4136/3/1812
f 4136/3/1813 1339/3/1814 3587/4/1815 171/4/1816
f 1339/3/1817 2491/3/1818 642/4/1819 3587/4/1820
f 2490/2/1821 354/2/1822 2491/3/1823 1339/3/1824
f 354/2/1825 2492/2/1826 1340/3/1827 2491/3/1828
f 2491/3/1829 1340/3/1830 3586/4/1831 642/4/1832
f 1340/3/1833 3592/3/1834 99/4/1835 3586/4/1836
f 2492/2/1837 645/2/1838 3592/3/1839 1340/3/1840
f 1052/1/1841 4406/1/1842 1341/1/1843 2493/1/1844
f 2493/1/1845 1341/1/1846 2492/2/1847 354/2/1848
f 1341/1/1849 3593/1/1850 645/2/1851 2492/2/1852
f 4406/1/1853 239/1/1854 3593/1/1855 1341/1/1856
f 171/4/1857 3587/4/1858 1342/5/1859 4134/5/1860
f 4134/5/1861 1342/5/1862 2494/6/1863 916/6/1864
f 1342/5/1865 2497/5/1866 355/6/1867 2494/6/1868
f 3587/4/1869 642/4/1870 2497/5/1871 1342/5/1872
f 916/6/1873 2494/6/1874 1343/7/1875 4135/7/1876
f 4135/7/1877 1343/7/1878 4131/8/1879 30/8/1880
f 1343/7/1881 2495/7/1882 914/8/1883 4131/8/1884
f 2494/6/1885 355/6/1886 2495/7/1887 1343/7/1888
f 355/6/1889 2496/6/1890 1344/7/1891 2495/7/1892
f 2495/7/1893 1344/7/1894 4130/8/1895 914/8/1896
f 1344/7/1897 3589/7/1898 170/8/1899 4130/8/1900
f 2496/6/1901 643/6/1902 3589/7/1903 1344/7/1904
f 642/4/1905 3586/4/1906 1345/5/1907 2497/5/1908
f 2497/5/1909 1345/5/1910 2496/6/1911 355/6/1912
f 1345/5/1913 3588/5/1914 643/6/1915 2496/6/1916
f 3586/4/1917 99/4/1918 3588/5/1919 1345/5/1920
f 99/4/1921 3590/4/1922 1346/5/1923 3588/5/1924
f 3588/5/1925 1346/5/1926 2498/6/1927 643/6/1928
f 1346/5/1929 2501/5/1930 356/6/1931 2498/6/1932
f 3590/4/1933 644/4/1934 2501/5/1935 1346/5/1936
f 643/6/1937 2498/6/1938 1347/7/1939 3589/7/1940
f 3589/7/1941 1347/7/1942 4132/8/1943 170/8/1944
f 1347/7/1945 2499/7/1946 915/8/1947 4132/8/1948
f 2498/6/1949 356/6/1950 2499/7/1951 1347/7/1952
f 356/6/1953 2500/6/1954 1348/7/1955 2499/7/1956
f 2499/7/1957 1348/7/1958 4133/8/1959 915/8/1960
f 1348/7/1961 4447/7/1962 53/8/1963 4133/8/1964
f 2500/6/1965 1072/6/1966 4447/7/1967 1348/7/1968
f 644/4/1969 3591/4/1970 1349/5/1971 2501/5/1972
f 2501/5/1973 1349/5/1974 2500/6/1975 356/6/1976
f 1349/5/1977 4446/5/1978 1072/6/1979 2500/6/1980
f 3591/4/1981 249/4/1982 4446/5/1983 1349/5/1984
f 239/1/1985 4408/1/1986 1350/1/1987 3593/1/1988
f 3593/1/1989 1350/1/1990 2502/2/1991 645/2/1992
f 1350/1/1993 2505/1/1994 357/2/1995 2502/2/1996
f 4408/1/1997 1053/1/1998 2505/1/1999 1350/1/2000
f 645/2/2001 2502/2/2002 1351/3/2003 3592/3/2004
f 3592/3/2005 1351/3/2006 3590/4/2007 99/4/2008
f 1351/3/2009 2503/3/2010 644/4/2011 3590/4/2012
f 2502/2/2013 357/2/2014 2503/3/2015 1351/3/2016
f 357/2/2017 2504/2/2018 1352/3/2019 2503/3/2020
f 2503/3/2021 1352/3/2022 3591/4/2023 644/4/2024
f 1352/3/2025 4448/3/2026 249/4/2027 3591/4/2028
f 2504/2/2029 1073/2/2030 4448/3/2031 1352/3/2032
f 1053/1/2033 4409/1/2034 1353/1/2035 2505/1/2036
f 2505/1/2037 1353/1/2038 2504/2/2039 357/2/2040
f 1353/1/2041 4449/1/2042 1073/2/2043 2504/2/2044
f 4409/1/2045 6/1/2046 4449/1/2047 1353/1/2048
f 3/15/2049 4437/15/2050 1354/15/2051 4453/15/2052
f 4453/15/2053 1354/15/2054 2506/15/2055 1075/15/2056
f 1354/15/2057 2509/15/2058 358/15/2059 2506/15/2060
f 4437/15/2061 1067/15/2062 2509/15/2063 1354/15/2064
f 1075/15/2065 2506/15/2066 1355/15/2067 4452/15/2068
f 4452/15/2069 1355/15/2070 3595/15/2071 250/15/2072
f 1355/15/2073 2507/15/2074 646/15/2075 3595/15/2076
f 2506/15/2077 358/15/2078 2507/15/2079 1355/15/2080
f 358/15/2081 2508/15/2082 1356/15/2083 2507/15/2084
f 2507/15/2085 1356/15/2086 3594/15/2087 646/15/2088
f 1356/15/2089 3600/15/2090 100/15/2091 3594/15/2092
f 2508/15/2093 649/15/2094 3600/15/2095 1356/15/2096
f 1067/15/2097 4436/15/2098 1357/15/2099 2509/15/2100
f 2509/15/2101 1357/15/2102 2508/15/2103 358/15/2104
f 1357/15/2105 3601/15/2106 649/15/2107 2508/15/2108
f 4436/15/2109 246/15/2110 3601/15/2111 1357/15/2112
f 250/15/2113 3595/15/2114 1358/15/2115 4450/15/2116
f 4450/15/2117 1358/15/2118 2510/15/2119 1074/15/2120
f 1358/15/2121 2513/15/2122 359/15/2123 2510/15/2124
f 3595/15/2125 646/15/2126 2513/15/2127 1358/15/2128
f 1074/15/2129 2510/15/2130 1359/15/2131 4451/15/2132
f 4451/15/2133 1359/15/2134 4141/15/2135 54/15/2136
f 1359/15/2137 2511/15/2138 919/15/2139 4141/15/2140
f 2510/15/2141 359/15/2142 2511/15/2143 1359/15/2144
f 359/15/2145 2512/15/2146 1360/15/2147 2511/15/2148
f 2511/15/2149 1360/15/2150 4140/15/2151 919/15/2152
f 1360/15/2153 3597/15/2154 172/15/2155 4140/15/2156
f 2512/15/2157 647/15/2158 3597/15/2159 1360/15/2160
f 646/15/2161 3594/15/2162 1361/15/2163 2513/15/2164
f 2513/15/2165 1361/15/2166 2512/15/2167 359/15/2168
f 1361/15/2169 3596/15/2170 647/15/2171 2512/15/2172
f 3594/15/2173 100/15/2174 3596/15/2175 1361/15/2176
f 100/15/2177 3598/15/2178 1362/15/2179 3596/15/2180
f 3596/15/2181 1362/15/2182 2514/15/2183 647/15/2184
f 1362/15/2185 2517/15/2186 360/15/2187 2514/15/2188
f 3598/15/2189 648/15/2190 2517/15/2191 1362/15/2192
f 647/15/2193 2514/15/2194 1363/15/2195 3597/15/2196
f 3597/15/2197 1363/15/2198 4138/15/2199 172/15/2200
f 1363/15/2201 2515/15/2202 918/15/2203 4138/15/2204
f 2514/15/2205 360/15/2206 2515/15/2207 1363/15/2208
f 360/15/2209 2516/15/2210 1364/15/2211 2515/15/2212
f 2515/15/2213 1364/15/2214 4139/15/2215 918/15/2216
f 1364/15/2217 4151/15/2218 31/15/2219 4139/15/2220
f 2516/15/2221 924/15/2222 4151/15/2223 1364/15/2224
f 648/15/2225 3599/15/2226 1365/15/2227 2517/15/2228
f 2517/15/2229 1365/15/2230 2516/15/2231 360/15/2232
f 1365/15/2233 4150/15/2234 924/15/2235 2516/15/2236
f 3599/15/2237 175/15/2238 4150/15/2239 1365/15/2240
f 246/15/2241 4434/15/2242 1366/15/2243 3601/15/2244
f 3601/15/2245 1366/15/2246 2518/15/2247 649/15/2248
f 1366/15/2249 2521/15/2250 361/15/2251 2518/15/2252
f 4434/15/2253 1066/15/2254 2521/15/2255 1366/15/2256
f 649/15/2257 2518/15/2258 1367/15/2259 3600/15/2260
f 3600/15/2261 1367/15/2262 3598/15/2263 100/15/2264
f 1367/15/2265 2519/15/2266 648/15/2267 3598/15/2268
f 2518/15/2269 361/15/2270 2519/15/2271 1367/15/2272
f 361/15/2273 2520/15/2274 1368/15/2275 2519/15/2276
f 2519/15/2277 1368/15/2278 3599/15/2279 648/15/2280
f 1368/15/2281 4152/15/2282 175/15/2283 3599/15/2284
f 2520/15/2285 925/15/2286 4152/15/2287 1368/15/2288
f 1066/15/2289 4435/15/2290 1369/15/2291 2521/15/2292
f 2521/15/2293 1369/15/2294 2520/15/2295 361/15/2296
f 1369/15/2297 4153/15/2298 925/15/2299 2520/15/2300
f 4435/15/2301 52/15/2302 4153/15/2303 1369/15/2304
f 54/15/2305 4141/15/2306 1370/15/2307 4455/15/2308
f 4455/15/2309 1370/15/2310 2522/15/2311 1076/15/2312
f 1370/15/2313 2525/15/2314 362/15/2315 2522/15/2316
f 4141/15/2317 919/15/2318 2525/15/2319 1370/15/2320
f 1076/15/2321 2522/15/2322 1371/15/2323 4454/15/2324
f 4454/15/2325 1371/15/2326 3603/15/2327 251/15/2328
f 1371/15/2329 2523/15/2330 650/15/2331 3603/15/2332
f 2522/15/2333 362/15/2334 2523/15/2335 1371/15/2336
f 362/15/2337 2524/15/2338 1372/15/2339 2523/15/2340
f 2523/15/2341 1372/15/2342 3602/15/2343 650/15/2344
f 1372/15/2345 3608/15/2346 101/15/2347 3602/15/2348
f 2524/15/2349 653/15/2350 3608/15/2351 1372/15/2352
f 919/15/2353 4140/15/2354 1373/15/2355 2525/15/2356
f 2525/15/2357 1373/15/2358 2524/15/2359 362/15/2360
f 1373/15/2361 3609/15/2362 653/15/2363 2524/15/2364
f 4140/15/2365 172/15/2366 3609/15/2367 1373/15/2368
f 251/15/2369 3603/15/2370 1374/15/2371 4456/15/2372
f 4456/15/2373 1374/15/2374 2526/15/2375 1077/15/2376
f 1374/15/2377 2529/15/2378 363/15/2379 2526/15/2380
f 3603/15/2381 650/15/2382 2529/15/2383 1374/15/2384
f 1077/15/2385 2526/15/2386 1375/15/2387 4457/15/2388
f 4457/15/2389 1375/15/2390 4461/15/2391 4/15/2392
f 1375/15/2393 2527/15/2394 1079/15/2395 4461/15/2396
f 2526/15/2397 363/15/2398 2527/15/2399 1375/15/2400
f 363/15/2401 2528/15/2402 1376/15/2403 2527/15/2404
f 2527/15/2405 1376/15/2406 4460/15/2407 1079/15/2408
f 1376/15/2409 3605/15/2410 252/15/2411 4460/15/2412
f 2528/15/2413 651/15/2414 3605/15/2415 1376/15/2416
f 650/15/2417 3602/15/2418 1377/15/2419 2529/15/2420
f 2529/15/2421 1377/15/2422 2528/15/2423 363/15/2424
f 1377/15/2425 3604/15/2426 651/15/2427 2528/15/2428
f 3602/15/2429 101/15/2430 3604/15/2431 1377/15/2432
f 101/15/2433 3606/15/2434 1378/15/2435 3604/15/2436
f 3604/15/2437 1378/15/2438 2530/15/2439 651/15/2440
f 1378/15/2441 2533/15/2442 364/15/2443 2530/15/2444
f 3606/15/2445 652/15/2446 2533/15/2447 1378/15/2448
f 651/15/2449 2530/15/2450 1379/15/2451 3605/15/2452
f 3605/15/2453 1379/15/2454 4458/15/2455 252/15/2456
f 1379/15/2457 2531/15/2458 1078/15/2459 4458/15/2460
f 2530/15/2461 364/15/2462 2531/15/2463 1379/15/2464
f 364/15/2465 2532/15/2466 1380/15/2467 2531/15/2468
f 2531/15/2469 1380/15/2470 4459/15/2471 1078/15/2472
f 1380/15/2473 4145/15/2474 55/15/2475 4459/15/2476
f 2532/15/2477 921/15/2478 4145/15/2479 1380/15/2480
f 652/15/2481 3607/15/2482 1381/15/2483 2533/15/2484
f 2533/15/2485 1381/15/2486 2532/15/2487 364/15/2488
f 1381/15/2489 4144/15/2490 921/15/2491 2532/15/2492
f 3607/15/2493 173/15/2494 4144/15/2495 1381/15/2496
f 172/15/2497 4138/15/2498 1382/15/2499 3609/15/2500
f 3609/15/2501 1382/15/2502 2534/15/2503 653/15/2504
f 1382/15/2505 2537/15/2506 365/15/2507 2534/15/2508
f 4138/15/2509 918/15/2510 2537/15/2511 1382/15/2512
f 653/15/2513 2534/15/2514 1383/15/2515 3608/15/2516
f 3608/15/2517 1383/15/2518 3606/15/2519 101/15/2520
f 1383/15/2521 2535/15/2522 652/15/2523 3606/15/2524
f 2534/15/2525 365/15/2526 2535/15/2527 1383/15/2528
f 365/15/2529 2536/15/2530 1384/15/2531 2535/15/2532
f 2535/15/2533 1384/15/2534 3607/15/2535 652/15/2536
f 1384/15/2537 4142/15/2538 173/15/2539 3607/15/2540
f 2536/15/2541 920/15/2542 4142/15/2543 1384/15/2544
f 918/15/2545 4139/15/2546 1385/15/2547 2537/15/2548
f 2537/15/2549 1385/15/2550 2536/15/2551 365/15/2552
f 1385/15/2553 4143/15/2554 920/15/2555 2536/15/2556
f 4139/15/2557 31/15/2558 4143/15/2559 1385/15/2560
f 31/15/2561 4147/15/2562 1386/15/2563 4143/15/2564
f 4143/15/2565 1386/15/2566 2538/15/2567 920/15/2568
f 1386/15/2569 2541/15/2570 366/15/2571 2538/15/2572
f 4147/15/2573 922/15/2574 2541/15/2575 1386/15/2576
f 920/15/2577 2538/15/2578 1387/15/2579 4142/15/2580
f 4142/15/2581 1387/15/2582 3611/15/2583 173/15/2584
f 1387/15/2585 2539/15/2586 654/15/2587 3611/15/2588
f 2538/15/2589 366/15/2590 2539/15/2591 1387/15/2592
f 366/15/2593 2540/15/2594 1388/15/2595 2539/15/2596
f 2539/15/2597 1388/15/2598 3610/15/2599 654/15/2600
f 1388/15/2601 3616/15/2602 102/15/2603 3610/15/2604
f 2540/15/2605 657/15/2606 3616/15/2607 1388/15/2608
f 922/15/2609 4146/15/2610 1389/15/2611 2541/15/2612
f 2541/15/2613 1389/15/2614 2540/15/2615 366/15/2616
f 1389/15/2617 3617/15/2618 657/15/2619 2540/15/2620
f 4146/15/2621 174/15/2622 3617/15/2623 1389/15/2624
f 173/15/2625 3611/15/2626 1390/15/2627 4144/15/2628
f 4144/15/2629 1390/15/2630 2542/15/2631 921/15/2632
f 1390/15/2633 2545/15/2634 367/15/2635 2542/15/2636
f 3611/15/2637 654/15/2638 2545/15/2639 1390/15/2640
f 921/15/2641 2542/15/2642 1391/15/2643 4145/15/2644
f 4145/15/2645 1391/15/2646 4463/15/2647 55/15/2648
f 1391/15/2649 2543/15/2650 1080/15/2651 4463/15/2652
f 2542/15/2653 367/15/2654 2543/15/2655 1391/15/2656
f 367/15/2657 2544/15/2658 1392/15/2659 2543/15/2660
f 2543/15/2661 1392/15/2662 4462/15/2663 1080/15/2664
f 1392/15/2665 3613/15/2666 253/15/2667 4462/15/2668
f 2544/15/2669 655/15/2670 3613/15/2671 1392/15/2672
f 654/15/2673 3610/15/2674 1393/15/2675 2545/15/2676
f 2545/15/2677 1393/15/2678 2544/15/2679 367/15/2680
f 1393/15/2681 3612/15/2682 655/15/2683 2544/15/2684
f 3610/15/2685 102/15/2686 3612/15/2687 1393/15/2688
f 102/15/2689 3614/15/2690 1394/15/2691 3612/15/2692
f 3612/15/2693 1394/15/2694 2546/15/2695 655/15/2696
f 1394/15/2697 2549/15/2698 368/15/2699 2546/15/2700
f 3614/15/2701 656/15/2702 2549/15/2703 1394/15/2704
f 655/15/2705 2546/15/2706 1395/15/2707 3613/15/2708
f 3613/15/2709 1395/15/2710 4464/15/2711 253/15/2712
f 1395/15/2713 2547/15/2714 1081/15/2715 4464/15/2716
f 2546/15/2717 368/15/2718 2547/15/2719 1395/15/2720
f 368/15/2721 2548/15/2722 1396/15/2723 2547/15/2724
f 2547/15/2725 1396/15/2726 4465/15/2727 1081/15/2728
f 1396/15/2729 4469/15/2730 8/15/2731 4465/15/2732
f 2548/15/2733 1083/15/2734 4469/15/2735 1396/15/2736
f 656/15/2737 3615/15/2738 1397/15/2739 2549/15/2740
f 2549/15/2741 1397/15/2742 2548/15/2743 368/15/2744
f 1397/15/2745 4468/15/2746 1083/15/2747 2548/15/2748
f 3615/15/2749 254/15/2750 4468/15/2751 1397/15/2752
f 174/15/2753 4148/15/2754 1398/15/2755 3617/15/2756
f 3617/15/2757 1398/15/2758 2550/15/2759 657/15/2760
f 1398/15/2761 2553/15/2762 369/15/2763 2550/15/2764
f 4148/15/2765 923/15/2766 2553/15/2767 1398/15/2768
f 657/15/2769 2550/15/2770 1399/15/2771 3616/15/2772
f 3616/15/2773 1399/15/2774 3614/15/2775 102/15/2776
f 1399/15/2777 2551/15/2778 656/15/2779 3614/15/2780
f 2550/15/2781 369/15/2782 2551/15/2783 1399/15/2784
f 369/15/2785 2552/15/2786 1400/15/2787 2551/15/2788
f 2551/15/2789 1400/15/2790 3615/15/2791 656/15/2792
f 1400/15/2793 4466/15/2794 254/15/2795 3615/15/2796
f 2552/15/2797 1082/15/2798 4466/15/2799 1400/15/2800
f 923/15/2801 4149/15/2802 1401/15/2803 2553/15/2804
f 2553/15/2805 1401/15/2806 2552/15/2807 369/15/2808
f 1401/15/2809 4467/15/2810 1082/15/2811 2552/15/2812
f 4149/15/2813 56/15/2814 4467/15/2815 1401/15/2816
f 52/15/2817 4439/15/2818 1402/15/2819 4153/15/2820
f 4153/15/2821 1402/15/2822 2554/15/2823 925/15/2824
f 1402/15/2825 2557/15/2826 370/15/2827 2554/15/2828
f 4439/15/2829 1068/15/2830 2557/15/2831 1402/15/2832
f 925/15/2833 2554/15/2834 1403/15/2835 4152/15/2836
f 4152/15/2837 1403/15/2838 3619/15/2839 175/15/2840
f 1403/15/2841 2555/15/2842 658/15/2843 3619/15/2844
f 2554/15/2845 370/15/2846 2555/15/2847 1403/15/2848
f 370/15/2849 2556/15/2850 1404/15/2851 2555/15/2852
f 2555/15/2853 1404/15/2854 3618/15/2855 658/15/2856
f 1404/15/2857 3624/15/2858 103/15/2859 3618/15/2860
f 2556/15/2861 661/15/2862 3624/15/2863 1404/15/2864
f 1068/15/2865 4438/15/2866 1405/15/2867 2557/15/2868
f 2557/15/2869 1405/15/2870 2556/15/2871 370/15/2872
f 1405/15/2873 3625/15/2874 661/15/2875 2556/15/2876
f 4438/15/2877 247/15/2878 3625/15/2879 1405/15/2880
f 175/15/2881 3619/15/2882 1406/15/2883 4150/15/2884
f 4150/15/2885 1406/15/2886 2558/15/2887 924/15/2888
f 1406/15/2889 2561/15/2890 371/15/2891 2558/15/2892
f 3619/15/2893 658/15/2894 2561/15/2895 1406/15/2896
f 924/15/2897 2558/15/2898 1407/15/2899 4151/15/2900
f 4151/15/2901 1407/15/2902 4147/15/2903 31/15/2904
f 1407/15/2905 2559/15/2906 922/15/2907 4147/15/2908
f 2558/15/2909 371/15/2910 2559/15/2911 1407/15/2912
f 371/15/2913 2560/15/2914 1408/15/2915 2559/15/2916
f 2559/15/2917 1408/15/2918 4146/15/2919 922/15/2920
f 1408/15/2921 3621/15/2922 174/15/2923 4146/15/2924
f 2560/15/2925 659/15/2926 3621/15/2927 1408/15/2928
f 658/15/2929 3618/15/2930 1409/15/2931 2561/15/2932
f 2561/15/2933 1409/15/2934 2560/15/2935 371/15/2936
f 1409/15/2937 3620/15/2938 659/15/2939 2560/15/2940
f 3618/15/2941 103/15/2942 3620/15/2943 1409/15/2944
f 103/15/2945 3622/15/2946 1410/15/2947 3620/15/2948
f 3620/15/2949 1410/15/2950 2562/15/2951 659/15/2952
f 1410/15/2953 2565/15/2954 372/15/2955 2562/15/2956
f 3622/15/2957 660/15/2958 2565/15/2959 1410/15/2960
f 659/15/2961 2562/15/2962 1411/15/2963 3621/15/2964
f 3621/15/2965 1411/15/2966 4148/15/2967 174/15/2968
f 1411/15/2969 2563/15/2970 923/15/2971 4148/15/2972
f 2562/15/2973 372/15/2974 2563/15/2975 1411/15/2976
f 372/15/2977 2564/15/2978 1412/15/2979 2563/15/2980
f 2563/15/2981 1412/15/2982 4149/15/2983 923/15/2984
f 1412/15/2985 4471/15/2986 56/15/2987 4149/15/2988
f 2564/15/2989 1084/15/2990 4471/15/2991 1412/15/2992
f 660/15/2993 3623/15/2994 1413/15/2995 2565/15/2996
f 2565/15/2997 1413/15/2998 2564/15/2999 372/15/3000
f 1413/15/3001 4470/15/3002 1084/15/3003 2564/15/3004
f 3623/15/3005 255/15/3006 4470/15/3007 1413/15/3008
f 247/15/3009 4440/15/3010 1414/15/3011 3625/15/3012
f 3625/15/3013 1414/15/3014 2566/15/3015 661/15/3016
f 1414/15/3017 2569/15/3018 373/15/3019 2566/15/3020
f 4440/15/3021 1069/15/3022 2569/15/3023 1414/15/3024
f 661/15/3025 2566/15/3026 1415/15/3027 3624/15/3028
f 3624/15/3029 1415/15/3030 3622/15/3031 103/15/3032
f 1415/15/3033 2567/15/3034 660/15/3035 3622/15/3036
f 2566/15/3037 373/15/3038 2567/15/3039 1415/15/3040
f 373/15/3041 2568/15/3042 1416/15/3043 2567/15/3044
f 2567/15/3045 1416/15/3046 3623/15/3047 660/15/3048
f 1416/15/3049 4472/15/3050 255/15/3051 3623/15/3052
f 2568/15/3053 1085/15/3054 4472/15/3055 1416/15/3056
f 1069/15/3057 4441/15/3058 1417/15/3059 2569/15/3060
f 2569/15/3061 1417/15/3062 2568/15/3063 373/15/3064
f 1417/15/3065 4473/15/3066 1085/15/3067 2568/15/3068
f 4441/15/3069 7/15/3070 4473/15/3071 1417/15/3072
f 5/1/3073 4497/1/3074 1418/1/3075 4417/1/3076
f 4417/1/3077 1418/1/3078 2570/1/3079 1057/1/3080
f 1418/1/3081 2573/16/3082 374/16/3083 2570/1/3084
f 4497/1/3085 1097/16/3086 2573/16/3087 1418/1/3088
f 1057/1/3089 2570/1/3090 1419/1/3091 4416/1/3092
f 4416/1/3093 1419/1/3094 3627/1/3095 241/1/3096
f 1419/1/3097 2571/16/3098 662/16/3099 3627/1/3100
f 2570/1/3101 374/16/3102 2571/16/3103 1419/1/3104
f 374/16/3105 2572/17/3106 1420/17/3107 2571/16/3108
f 2571/16/3109 1420/17/3110 3626/17/3111 662/16/3112
f 1420/17/3113 3632/18/3114 104/18/3115 3626/17/3116
f 2572/17/3117 665/18/3118 3632/18/3119 1420/17/3120
f 1097/16/3121 4496/17/3122 1421/17/3123 2573/16/3124
f 2573/16/3125 1421/17/3126 2572/17/3127 374/16/3128
f 1421/17/3129 3633/18/3130 665/18/3131 2572/17/3132
f 4496/17/3133 261/18/3134 3633/18/3135 1421/17/3136
f 241/1/3137 3627/1/3138 1422/1/3139 4414/1/3140
f 4414/1/3141 1422/1/3142 2574/1/3143 1056/1/3144
f 1422/1/3145 2577/16/3146 375/16/3147 2574/1/3148
f 3627/1/3149 662/16/3150 2577/16/3151 1422/1/3152
f 1056/1/3153 2574/1/3154 1423/1/3155 4415/1/3156
f 4415/1/3157 1423/1/3158 4157/1/3159 49/1/3160
f 1423/1/3161 2575/16/3162 927/16/3163 4157/1/3164
f 2574/1/3165 375/16/3166 2575/16/3167 1423/1/3168
f 375/16/3169 2576/17/3170 1424/17/3171 2575/16/3172
f 2575/16/3173 1424/17/3174 4156/17/3175 927/16/3176
f 1424/17/3177 3629/18/3178 176/18/3179 4156/17/3180
f 2576/17/3181 663/18/3182 3629/18/3183 1424/17/3184
f 662/16/3185 3626/17/3186 1425/17/3187 2577/16/3188
f 2577/16/3189 1425/17/3190 2576/17/3191 375/16/3192
f 1425/17/3193 3628/18/3194 663/18/3195 2576/17/3196
f 3626/17/3197 104/18/3198 3628/18/3199 1425/17/3200
f 104/18/3201 3630/19/3202 1426/19/3203 3628/18/3204
f 3628/18/3205 1426/19/3206 2578/19/3207 663/18/3208
f 1426/19/3209 2581/20/3210 376/20/3211 2578/19/3212
f 3630/19/3213 664/20/3214 2581/20/3215 1426/19/3216
f 663/18/3217 2578/19/3218 1427/19/3219 3629/18/3220
f 3629/18/3221 1427/19/3222 4154/19/3223 176/18/3224
f 1427/19/3225 2579/20/3226 926/20/3227 4154/19/3228
f 2578/19/3229 376/20/3230 2579/20/3231 1427/19/3232
f 376/20/3233 2580/21/3234 1428/21/3235 2579/20/3236
f 2579/20/3237 1428/21/3238 4155/21/3239 926/20/3240
f 1428/21/3241 4167/22/3242 32/22/3243 4155/21/3244
f 2580/21/3245 932/22/3246 4167/22/3247 1428/21/3248
f 664/20/3249 3631/21/3250 1429/21/3251 2581/20/3252
f 2581/20/3253 1429/21/3254 2580/21/3255 376/20/3256
f 1429/21/3257 4166/22/3258 932/22/3259 2580/21/3260
f 3631/21/3261 179/22/3262 4166/22/3263 1429/21/3264
f 261/18/3265 4494/19/3266 1430/19/3267 3633/18/3268
f 3633/18/3269 1430/19/3270 2582/19/3271 665/18/3272
f 1430/19/3273 2585/20/3274 377/20/3275 2582/19/3276
f 4494/19/3277 1096/20/3278 2585/20/3279 1430/19/3280
f 665/18/3281 2582/19/3282 1431/19/3283 3632/18/3284
f 3632/18/3285 1431/19/3286 3630/19/3287 104/18/3288
f 1431/19/3289 2583/20/3290 664/20/3291 3630/19/3292
f 2582/19/3293 377/20/3294 2583/20/3295 1431/19/3296
f 377/20/3297 2584/21/3298 1432/21/3299 2583/20/3300
f 2583/20/3301 1432/21/3302 3631/21/3303 664/20/3304
f 1432/21/3305 4168/22/3306 179/22/3307 3631/21/3308
f 2584/21/3309 933/22/3310 4168/22/3311 1432/21/3312
f 1096/20/3313 4495/21/3314 1433/21/3315 2585/20/3316
f 2585/20/3317 1433/21/3318 2584/21/3319 377/20/3320
f 1433/21/3321 4169/22/3322 933/22/3323 2584/21/3324
f 4495/21/3325 59/22/3326 4169/22/3327 1433/21/3328
f 49/1/3329 4157/1/3330 1434/1/3331 4411/1/3332
f 4411/1/3333 1434/1/3334 2586/1/3335 1054/1/3336
f 1434/1/3337 2589/16/3338 378/16/3339 2586/1/3340
f 4157/1/3341 927/16/3342 2589/16/3343 1434/1/3344
f 1054/1/3345 2586/1/3346 1435/1/3347 4410/1/3348
f 4410/1/3349 1435/1/3350 3635/1/3351 240/1/3352
f 1435/1/3353 2587/16/3354 666/16/3355 3635/1/3356
f 2586/1/3357 378/16/3358 2587/16/3359 1435/1/3360
f 378/16/3361 2588/17/3362 1436/17/3363 2587/16/3364
f 2587/16/3365 1436/17/3366 3634/17/3367 666/16/3368
f 1436/17/3369 3640/18/3370 105/18/3371 3634/17/3372
f 2588/17/3373 669/18/3374 3640/18/3375 1436/17/3376
f 927/16/3377 4156/17/3378 1437/17/3379 2589/16/3380
f 2589/16/3381 1437/17/3382 2588/17/3383 378/16/3384
f 1437/17/3385 3641/18/3386 669/18/3387 2588/17/3388
f 4156/17/3389 176/18/3390 3641/18/3391 1437/17/3392
f 240/1/3393 3635/1/3394 1438/1/3395 4412/1/3396
f 4412/1/3397 1438/1/3398 2590/1/3399 1055/1/3400
f 1438/1/3401 2593/16/3402 379/16/3403 2590/1/3404
f 3635/1/3405 666/16/3406 2593/16/3407 1438/1/3408
f 1055/1/3409 2590/1/3410 1439/1/3411 4413/1/3412
f 4413/1/3413 1439/1/3414 4477/1/3415 6/1/3416
f 1439/1/3417 2591/16/3418 1087/16/3419 4477/1/3420
f 2590/1/3421 379/16/3422 2591/16/3423 1439/1/3424
f 379/16/3425 2592/17/3426 1440/17/3427 2591/16/3428
f 2591/16/3429 1440/17/3430 4476/17/3431 1087/16/3432
f 1440/17/3433 3637/18/3434 256/18/3435 4476/17/3436
f 2592/17/3437 667/18/3438 3637/18/3439 1440/17/3440
f 666/16/3441 3634/17/3442 1441/17/3443 2593/16/3444
f 2593/16/3445 1441/17/3446 2592/17/3447 379/16/3448
f 1441/17/3449 3636/18/3450 667/18/3451 2592/17/3452
f 3634/17/3453 105/18/3454 3636/18/3455 1441/17/3456
f 105/18/3457 3638/19/3458 1442/19/3459 3636/18/3460
f 3636/18/3461 1442/19/3462 2594/19/3463 667/18/3464
f 1442/19/3465 2597/20/3466 380/20/3467 2594/19/3468
f 3638/19/3469 668/20/3470 2597/20/3471 1442/19/3472
f 667/18/3473 2594/19/3474 1443/19/3475 3637/18/3476
f 3637/18/3477 1443/19/3478 4474/19/3479 256/18/3480
f 1443/19/3481 2595/20/3482 1086/20/3483 4474/19/3484
f 2594/19/3485 380/20/3486 2595/20/3487 1443/19/3488
f 380/20/3489 2596/21/3490 1444/21/3491 2595/20/3492
f 2595/20/3493 1444/21/3494 4475/21/3495 1086/20/3496
f 1444/21/3497 4161/22/3498 57/22/3499 4475/21/3500
f 2596/21/3501 929/22/3502 4161/22/3503 1444/21/3504
f 668/20/3505 3639/21/3506 1445/21/3507 2597/20/3508
f 2597/20/3509 1445/21/3510 2596/21/3511 380/20/3512
f 1445/21/3513 4160/22/3514 929/22/3515 2596/21/3516
f 3639/21/3517 177/22/3518 4160/22/3519 1445/21/3520
f 176/18/3521 4154/19/3522 1446/19/3523 3641/18/3524
f 3641/18/3525 1446/19/3526 2598/19/3527 669/18/3528
f 1446/19/3529 2601/20/3530 381/20/3531 2598/19/3532
f 4154/19/3533 926/20/3534 2601/20/3535 1446/19/3536
f 669/18/3537 2598/19/3538 1447/19/3539 3640/18/3540
f 3640/18/3541 1447/19/3542 3638/19/3543 105/18/3544
f 1447/19/3545 2599/20/3546 668/20/3547 3638/19/3548
f 2598/19/3549 381/20/3550 2599/20/3551 1447/19/3552
f 381/20/3553 2600/21/3554 1448/21/3555 2599/20/3556
f 2599/20/3557 1448/21/3558 3639/21/3559 668/20/3560
f 1448/21/3561 4158/22/3562 177/22/3563 3639/21/3564
f 2600/21/3565 928/22/3566 4158/22/3567 1448/21/3568
f 926/20/3569 4155/21/3570 1449/21/3571 2601/20/3572
f 2601/20/3573 1449/21/3574 2600/21/3575 381/20/3576
f 1449/21/3577 4159/22/3578 928/22/3579 2600/21/3580
f 4155/21/3581 32/22/3582 4159/22/3583 1449/21/3584
f 32/22/3585 4163/23/3586 1450/23/3587 4159/22/3588
f 4159/22/3589 1450/23/3590 2602/23/3591 928/22/3592
f 1450/23/3593 2605/24/3594 382/24/3595 2602/23/3596
f 4163/23/3597 930/24/3598 2605/24/3599 1450/23/3600
f 928/22/3601 2602/23/3602 1451/23/3603 4158/22/3604
f 4158/22/3605 1451/23/3606 3643/23/3607 177/22/3608
f 1451/23/3609 2603/24/3610 670/24/3611 3643/23/3612
f 2602/23/3613 382/24/3614 2603/24/3615 1451/23/3616
f 382/24/3617 2604/25/3618 1452/25/3619 2603/24/3620
f 2603/24/3621 1452/25/3622 3642/25/3623 670/24/3624
f 1452/25/3625 3648/26/3626 106/26/3627 3642/25/3628
f 2604/25/3629 673/26/3630 3648/26/3631 1452/25/3632
f 930/24/3633 4162/25/3634 1453/25/3635 2605/24/3636
f 2605/24/3637 1453/25/3638 2604/25/3639 382/24/3640
f 1453/25/3641 3649/26/3642 673/26/3643 2604/25/3644
f 4162/25/3645 178/26/3646 3649/26/3647 1453/25/3648
f 177/22/3649 3643/23/3650 1454/23/3651 4160/22/3652
f 4160/22/3653 1454/23/3654 2606/23/3655 929/22/3656
f 1454/23/3657 2609/24/3658 383/24/3659 2606/23/3660
f 3643/23/3661 670/24/3662 2609/24/3663 1454/23/3664
f 929/22/3665 2606/23/3666 1455/23/3667 4161/22/3668
f 4161/22/3669 1455/23/3670 4479/23/3671 57/22/3672
f 1455/23/3673 2607/24/3674 1088/24/3675 4479/23/3676
f 2606/23/3677 383/24/3678 2607/24/3679 1455/23/3680
f 383/24/3681 2608/25/3682 1456/25/3683 2607/24/3684
f 2607/24/3685 1456/25/3686 4478/25/3687 1088/24/3688
f 1456/25/3689 3645/26/3690 257/26/3691 4478/25/3692
f 2608/25/3693 671/26/3694 3645/26/3695 1456/25/3696
f 670/24/3697 3642/25/3698 1457/25/3699 2609/24/3700
f 2609/24/3701 1457/25/3702 2608/25/3703 383/24/3704
f 1457/25/3705 3644/26/3706 671/26/3707 2608/25/3708
f 3642/25/3709 106/26/3710 3644/26/3711 1457/25/3712
f 106/26/3713 3646/27/3714 1458/27/3715 3644/26/3716
f 3644/26/3717 1458/27/3718 2610/27/3719 671/26/3720
f 1458/27/3721 2613/28/3722 384/28/3723 2610/27/3724
f 3646/27/3725 672/28/3726 2613/28/3727 1458/27/3728
f 671/26/3729 2610/27/3730 1459/27/3731 3645/26/3732
f 3645/26/3733 1459/27/3734 4480/27/3735 257/26/3736
f 1459/27/3737 2611/28/3738 1089/28/3739 4480/27/3740
f 2610/27/3741 384/28/3742 2611/28/3743 1459/27/3744
f 384/28/3745 2612/29/3746 1460/29/3747 2611/28/3748
f 2611/28/3749 1460/29/3750 4481/29/3751 1089/28/3752
f 1460/29/3753 4485/29/3754 10/29/3755 4481/29/3756
f 2612/29/3757 1091/29/3758 4485/29/3759 1460/29/3760
f 672/28/3761 3647/29/3762 1461/29/3763 2613/28/3764
f 2613/28/3765 1461/29/3766 2612/29/3767 384/28/3768
f 1461/29/3769 4484/29/3770 1091/29/3771 2612/29/3772
f 3647/29/3773 258/29/3774 4484/29/3775 1461/29/3776
f 178/26/3777 4164/27/3778 1462/27/3779 3649/26/3780
f 3649/26/3781 1462/27/3782 2614/27/3783 673/26/3784
f 1462/27/3785 2617/28/3786 385/28/3787 2614/27/3788
f 4164/27/3789 931/28/3790 2617/28/3791 1462/27/3792
f 673/26/3793 2614/27/3794 1463/27/3795 3648/26/3796
f 3648/26/3797 1463/27/3798 3646/27/3799 106/26/3800
f 1463/27/3801 2615/28/3802 672/28/3803 3646/27/3804
f 2614/27/3805 385/28/3806 2615/28/3807 1463/27/3808
f 385/28/3809 2616/29/3810 1464/29/3811 2615/28/3812
f 2615/28/3813 1464/29/3814 3647/29/3815 672/28/3816
f 1464/29/3817 4482/29/3818 258/29/3819 3647/29/3820
f 2616/29/3821 1090/29/3822 4482/29/3823 1464/29/3824
f 931/28/3825 4165/29/3826 1465/29/3827 2617/28/3828
f 2617/28/3829 1465/29/3830 2616/29/3831 385/28/3832
f 1465/29/3833 4483/29/3834 1090/29/3835 2616/29/3836
f 4165/29/3837 58/29/3838 4483/29/3839 1465/29/3840
f 59/22/3841 4491/23/3842 1466/23/3843 4169/22/3844
f 4169/22/3845 1466/23/3846 2618/23/3847 933/22/3848
f 1466/23/3849 2621/24/3850 386/24/3851 2618/23/3852
f 4491/23/3853 1094/24/3854 2621/24/3855 1466/23/3856
f 933/22/3857 2618/23/3858 1467/23/3859 4168/22/3860
f 4168/22/3861 1467/23/3862 3651/23/3863 179/22/3864
f 1467/23/3865 2619/24/3866 674/24/3867 3651/23/3868
f 2618/23/3869 386/24/3870 2619/24/3871 1467/23/3872
f 386/24/3873 2620/25/3874 1468/25/3875 2619/24/3876
f 2619/24/3877 1468/25/3878 3650/25/3879 674/24/3880
f 1468/25/3881 3656/26/3882 107/26/3883 3650/25/3884
f 2620/25/3885 677/26/3886 3656/26/3887 1468/25/3888
f 1094/24/3889 4490/25/3890 1469/25/3891 2621/24/3892
f 2621/24/3893 1469/25/3894 2620/25/3895 386/24/3896
f 1469/25/3897 3657/26/3898 677/26/3899 2620/25/3900
f 4490/25/3901 260/26/3902 3657/26/3903 1469/25/3904
f 179/22/3905 3651/23/3906 1470/23/3907 4166/22/3908
f 4166/22/3909 1470/23/3910 2622/23/3911 932/22/3912
f 1470/23/3913 2625/24/3914 387/24/3915 2622/23/3916
f 3651/23/3917 674/24/3918 2625/24/3919 1470/23/3920
f 932/22/3921 2622/23/3922 1471/23/3923 4167/22/3924
f 4167/22/3925 1471/23/3926 4163/23/3927 32/22/3928
f 1471/23/3929 2623/24/3930 930/24/3931 4163/23/3932
f 2622/23/3933 387/24/3934 2623/24/3935 1471/23/3936
f 387/24/3937 2624/25/3938 1472/25/3939 2623/24/3940
f 2623/24/3941 1472/25/3942 4162/25/3943 930/24/3944
f 1472/25/3945 3653/26/3946 178/26/3947 4162/25/3948
f 2624/25/3949 675/26/3950 3653/26/3951 1472/25/3952
f 674/24/3953 3650/25/3954 1473/25/3955 2625/24/3956
f 2625/24/3957 1473/25/3958 2624/25/3959 387/24/3960
f 1473/25/3961 3652/26/3962 675/26/3963 2624/25/3964
f 3650/25/3965 107/26/3966 3652/26/3967 1473/25/3968
f 107/26/3969 3654/27/3970 1474/27/3971 3652/26/3972
f 3652/26/3973 1474/27/3974 2626/27/3975 675/26/3976
f 1474/27/3977 2629/28/3978 388/28/3979 2626/27/3980
f 3654/27/3981 676/28/3982 2629/28/3983 1474/27/3984
f 675/26/3985 2626/27/3986 1475/27/3987 3653/26/3988
f 3653/26/3989 1475/27/3990 4164/27/3991 178/26/3992
f 1475/27/3993 2627/28/3994 931/28/3995 4164/27/3996
f 2626/27/3997 388/28/3998 2627/28/3999 1475/27/4000
f 388/28/4001 2628/29/4002 1476/29/4003 2627/28/4004
f 2627/28/4005 1476/29/4006 4165/29/4007 931/28/4008
f 1476/29/4009 4487/29/4010 58/29/4011 4165/29/4012
f 2628/29/4013 1092/29/4014 4487/29/4015 1476/29/4016
f 676/28/4017 3655/29/4018 1477/29/4019 2629/28/4020
f 2629/28/4021 1477/29/4022 2628/29/4023 388/28/4024
f 1477/29/4025 4486/29/4026 1092/29/4027 2628/29/4028
f 3655/29/4029 259/29/4030 4486/29/4031 1477/29/4032
f 260/26/4033 4492/27/4034 1478/27/4035 3657/26/4036
f 3657/26/4037 1478/27/4038 2630/27/4039 677/26/4040
f 1478/27/4041 2633/28/4042 389/28/4043 2630/27/4044
f 4492/27/4045 1095/28/4046 2633/28/4047 1478/27/4048
f 677/26/4049 2630/27/4050 1479/27/4051 3656/26/4052
f 3656/26/4053 1479/27/4054 3654/27/4055 107/26/4056
f 1479/27/4057 2631/28/4058 676/28/4059 3654/27/4060
f 2630/27/4061 389/28/4062 2631/28/4063 1479/27/4064
f 389/28/4065 2632/29/4066 1480/29/4067 2631/28/4068
f 2631/28/4069 1480/29/4070 3655/29/4071 676/28/4072
f 1480/29/4073 4488/29/4074 259/29/4075 3655/29/4076
f 2632/29/4077 1093/29/4078 4488/29/4079 1480/29/4080
f 1095/28/4081 4493/29/4082 1481/29/4083 2633/28/4084
f 2633/28/4085 1481/29/4086 2632/29/4087 389/28/4088
f 1481/29/4089 4489/29/4090 1093/29/4091 2632/29/4092
f 4493/29/4093 9/29/4094 4489/29/4095 1481/29/4096
f 6/1/4097 4477/1/4098 1482/1/4099 4449/1/4100
f 4449/1/4101 1482/1/4102 2634/2/4103 1073/2/4104
f 1482/1/4105 2637/16/4106 390/30/4107 2634/2/4108
f 4477/1/4109 1087/16/4110 2637/16/4111 1482/1/4112
f 1073/2/4113 2634/2/4114 1483/3/4115 4448/3/4116
f 4448/3/4117 1483/3/4118 3659/4/4119 249/4/4120
f 1483/3/4121 2635/31/4122 678/32/4123 3659/4/4124
f 2634/2/4125 390/30/4126 2635/31/4127 1483/3/4128
f 390/30/4129 2636/33/4130 1484/34/4131 2635/31/4132
f 2635/31/4133 1484/34/4134 3658/35/4135 678/32/4136
f 1484/34/4137 3664/36/4138 108/37/4139 3658/35/4140
f 2636/33/4141 681/38/4142 3664/36/4143 1484/34/4144
f 1087/16/4145 4476/17/4146 1485/17/4147 2637/16/4148
f 2637/16/4149 1485/17/4150 2636/33/4151 390/30/4152
f 1485/17/4153 3665/18/4154 681/38/4155 2636/33/4156
f 4476/17/4157 256/18/4158 3665/18/4159 1485/17/4160
f 249/4/4161 3659/4/4162 1486/5/4163 4446/5/4164
f 4446/5/4165 1486/5/4166 2638/6/4167 1072/6/4168
f 1486/5/4169 2641/39/4170 391/40/4171 2638/6/4172
f 3659/4/4173 678/32/4174 2641/39/4175 1486/5/4176
f 1072/6/4177 2638/6/4178 1487/7/4179 4447/7/4180
f 4447/7/4181 1487/7/4182 4173/8/4183 53/8/4184
f 1487/7/4185 2639/41/4186 935/42/4187 4173/8/4188
f 2638/6/4189 391/40/4190 2639/41/4191 1487/7/4192
f 391/40/4193 2640/43/4194 1488/44/4195 2639/41/4196
f 2639/41/4197 1488/44/4198 4172/45/4199 935/42/4200
f 1488/44/4201 3661/46/4202 180/47/4203 4172/45/4204
f 2640/43/4205 679/48/4206 3661/46/4207 1488/44/4208
f 678/32/4209 3658/35/4210 1489/49/4211 2641/39/4212
f 2641/39/4213 1489/49/4214 2640/43/4215 391/40/4216
f 1489/49/4217 3660/50/4218 679/48/4219 2640/43/4220
f 3658/35/4221 108/37/4222 3660/50/4223 1489/49/4224
f 108/37/4225 3662/51/4226 1490/52/4227 3660/50/4228
f 3660/50/4229 1490/52/4230 2642/53/4231 679/48/4232
f 1490/52/4233 2645/54/4234 392/55/4235 2642/53/4236
f 3662/51/4237 680/56/4238 2645/54/4239 1490/52/4240
f 679/48/4241 2642/53/4242 1491/57/4243 3661/46/4244
f 3661/46/4245 1491/57/4246 4170/58/4247 180/47/4248
f 1491/57/4249 2643/59/4250 934/60/4251 4170/58/4252
f 2642/53/4253 392/55/4254 2643/59/4255 1491/57/4256
f 392/55/4257 2644/61/4258 1492/62/4259 2643/59/4260
f 2643/59/4261 1492/62/4262 4171/63/4263 934/60/4264
f 1492/62/4265 4183/64/4266 33/65/4267 4171/63/4268
f 2644/61/4269 940/66/4270 4183/64/4271 1492/62/4272
f 680/56/4273 3663/67/4274 1493/68/4275 2645/54/4276
f 2645/54/4277 1493/68/4278 2644/61/4279 392/55/4280
f 1493/68/4281 4182/69/4282 940/66/4283 2644/61/4284
f 3663/67/4285 183/70/4286 4182/69/4287 1493/68/4288
f 256/18/4289 4474/19/4290 1494/19/4291 3665/18/4292
f 3665/18/4293 1494/19/4294 2646/71/4295 681/38/4296
f 1494/19/4297 2649/20/4298 393/72/4299 2646/71/4300
f 4474/19/4301 1086/20/4302 2649/20/4303 1494/19/4304
f 681/38/4305 2646/71/4306 1495/73/4307 3664/36/4308
f 3664/36/4309 1495/73/4310 3662/51/4311 108/37/4312
f 1495/73/4313 2647/74/4314 680/56/4315 3662/51/4316
f 2646/71/4317 393/72/4318 2647/74/4319 1495/73/4320
f 393/72/4321 2648/75/4322 1496/76/4323 2647/74/4324
f 2647/74/4325 1496/76/4326 3663/67/4327 680/56/4328
f 1496/76/4329 4184/77/4330 183/70/4331 3663/67/4332
f 2648/75/4333 941/78/4334 4184/77/4335 1496/76/4336
f 1086/20/4337 4475/21/4338 1497/21/4339 2649/20/4340
f 2649/20/4341 1497/21/4342 2648/75/4343 393/72/4344
f 1497/21/4345 4185/22/4346 941/78/4347 2648/75/4348
f 4475/21/4349 57/22/4350 4185/22/4351 1497/21/4352
f 53/8/4353 4173/8/4354 1498/9/4355 4443/9/4356
f 4443/9/4357 1498/9/4358 2650/10/4359 1070/10/4360
f 1498/9/4361 2653/79/4362 394/80/4363 2650/10/4364
f 4173/8/4365 935/42/4366 2653/79/4367 1498/9/4368
f 1070/10/4369 2650/10/4370 1499/11/4371 4442/11/4372
f 4442/11/4373 1499/11/4374 3667/12/4375 248/12/4376
f 1499/11/4377 2651/81/4378 682/82/4379 3667/12/4380
f 2650/10/4381 394/80/4382 2651/81/4383 1499/11/4384
f 394/80/4385 2652/83/4386 1500/84/4387 2651/81/4388
f 2651/81/4389 1500/84/4390 3666/85/4391 682/82/4392
f 1500/84/4393 3672/86/4394 109/87/4395 3666/85/4396
f 2652/83/4397 685/88/4398 3672/86/4399 1500/84/4400
f 935/42/4401 4172/45/4402 1501/89/4403 2653/79/4404
f 2653/79/4405 1501/89/4406 2652/83/4407 394/80/4408
f 1501/89/4409 3673/90/4410 685/88/4411 2652/83/4412
f 4172/45/4413 180/47/4414 3673/90/4415 1501/89/4416
f 248/12/4417 3667/12/4418 1502/13/4419 4444/13/4420
f 4444/13/4421 1502/13/4422 2654/14/4423 1071/14/4424
f 1502/13/4425 2657/91/4426 395/92/4427 2654/14/4428
f 3667/12/4429 682/82/4430 2657/91/4431 1502/13/4432
f 1071/14/4433 2654/14/4434 1503/15/4435 4445/15/4436
f 4445/15/4437 1503/15/4438 4501/15/4439 7/15/4440
f 1503/15/4441 2655/93/4442 1099/93/4443 4501/15/4444
f 2654/14/4445 395/92/4446 2655/93/4447 1503/15/4448
f 395/92/4449 2656/94/4450 1504/95/4451 2655/93/4452
f 2655/93/4453 1504/95/4454 4500/95/4455 1099/93/4456
f 1504/95/4457 3669/96/4458 262/96/4459 4500/95/4460
f 2656/94/4461 683/97/4462 3669/96/4463 1504/95/4464
f 682/82/4465 3666/85/4466 1505/98/4467 2657/91/4468
f 2657/91/4469 1505/98/4470 2656/94/4471 395/92/4472
f 1505/98/4473 3668/99/4474 683/97/4475 2656/94/4476
f 3666/85/4477 109/87/4478 3668/99/4479 1505/98/4480
f 109/87/4481 3670/100/4482 1506/101/4483 3668/99/4484
f 3668/99/4485 1506/101/4486 2658/102/4487 683/97/4488
f 1506/101/4489 2661/103/4490 396/104/4491 2658/102/4492
f 3670/100/4493 684/105/4494 2661/103/4495 1506/101/4496
f 683/97/4497 2658/102/4498 1507/106/4499 3669/96/4500
f 3669/96/4501 1507/106/4502 4498/106/4503 262/96/4504
f 1507/106/4505 2659/107/4506 1098/107/4507 4498/106/4508
f 2658/102/4509 396/104/4510 2659/107/4511 1507/106/4512
f 396/104/4513 2660/108/4514 1508/109/4515 2659/107/4516
f 2659/107/4517 1508/109/4518 4499/109/4519 1098/107/4520
f 1508/109/4521 4177/110/4522 60/110/4523 4499/109/4524
f 2660/108/4525 937/111/4526 4177/110/4527 1508/109/4528
f 684/105/4529 3671/112/4530 1509/113/4531 2661/103/4532
f 2661/103/4533 1509/113/4534 2660/108/4535 396/104/4536
f 1509/113/4537 4176/114/4538 937/111/4539 2660/108/4540
f 3671/112/4541 181/115/4542 4176/114/4543 1509/113/4544
f 180/47/4545 4170/58/4546 1510/116/4547 3673/90/4548
f 3673/90/4549 1510/116/4550 2662/117/4551 685/88/4552
f 1510/116/4553 2665/118/4554 397/119/4555 2662/117/4556
f 4170/58/4557 934/60/4558 2665/118/4559 1510/116/4560
f 685/88/4561 2662/117/4562 1511/120/4563 3672/86/4564
f 3672/86/4565 1511/120/4566 3670/100/4567 109/87/4568
f 1511/120/4569 2663/121/4570 684/105/4571 3670/100/4572
f 2662/117/4573 397/119/4574 2663/121/4575 1511/120/4576
f 397/119/4577 2664/122/4578 1512/123/4579 2663/121/4580
f 2663/121/4581 1512/123/4582 3671/112/4583 684/105/4584
f 1512/123/4585 4174/124/4586 181/115/4587 3671/112/4588
f 2664/122/4589 936/125/4590 4174/124/4591 1512/123/4592
f 934/60/4593 4171/63/4594 1513/126/4595 2665/118/4596
f 2665/118/4597 1513/126/4598 2664/122/4599 397/119/4600
f 1513/126/4601 4175/127/4602 936/125/4603 2664/122/4604
f 4171/63/4605 33/65/4606 4175/127/4607 1513/126/4608
f 33/65/4609 4179/128/4610 1514/129/4611 4175/127/4612
f 4175/127/4613 1514/129/4614 2666/130/4615 936/125/4616
f 1514/129/4617 2669/131/4618 398/132/4619 2666/130/4620
f 4179/128/4621 938/133/4622 2669/131/4623 1514/129/4624
f 936/125/4625 2666/130/4626 1515/134/4627 4174/124/4628
f 4174/124/4629 1515/134/4630 3675/135/4631 181/115/4632
f 1515/134/4633 2667/136/4634 686/137/4635 3675/135/4636
f 2666/130/4637 398/132/4638 2667/136/4639 1515/134/4640
f 398/132/4641 2668/138/4642 1516/139/4643 2667/136/4644
f 2667/136/4645 1516/139/4646 3674/140/4647 686/137/4648
f 1516/139/4649 3680/141/4650 110/142/4651 3674/140/4652
f 2668/138/4653 689/143/4654 3680/141/4655 1516/139/4656
f 938/133/4657 4178/144/4658 1517/145/4659 2669/131/4660
f 2669/131/4661 1517/145/4662 2668/138/4663 398/132/4664
f 1517/145/4665 3681/146/4666 689/143/4667 2668/138/4668
f 4178/144/4669 182/147/4670 3681/146/4671 1517/145/4672
f 181/115/4673 3675/135/4674 1518/148/4675 4176/114/4676
f 4176/114/4677 1518/148/4678 2670/149/4679 937/111/4680
f 1518/148/4681 2673/150/4682 399/151/4683 2670/149/4684
f 3675/135/4685 686/137/4686 2673/150/4687 1518/148/4688
f 937/111/4689 2670/149/4690 1519/152/4691 4177/110/4692
f 4177/110/4693 1519/152/4694 4503/152/4695 60/110/4696
f 1519/152/4697 2671/153/4698 1100/153/4699 4503/152/4700
f 2670/149/4701 399/151/4702 2671/153/4703 1519/152/4704
f 399/151/4705 2672/154/4706 1520/155/4707 2671/153/4708
f 2671/153/4709 1520/155/4710 4502/155/4711 1100/153/4712
f 1520/155/4713 3677/156/4714 263/156/4715 4502/155/4716
f 2672/154/4717 687/157/4718 3677/156/4719 1520/155/4720
f 686/137/4721 3674/140/4722 1521/158/4723 2673/150/4724
f 2673/150/4725 1521/158/4726 2672/154/4727 399/151/4728
f 1521/158/4729 3676/159/4730 687/157/4731 2672/154/4732
f 3674/140/4733 110/142/4734 3676/159/4735 1521/158/4736
f 110/142/4737 3678/160/4738 1522/161/4739 3676/159/4740
f 3676/159/4741 1522/161/4742 2674/162/4743 687/157/4744
f 1522/161/4745 2677/163/4746 400/164/4747 2674/162/4748
f 3678/160/4749 688/165/4750 2677/163/4751 1522/161/4752
f 687/157/4753 2674/162/4754 1523/166/4755 3677/156/4756
f 3677/156/4757 1523/166/4758 4504/166/4759 263/156/4760
f 1523/166/4761 2675/167/4762 1101/167/4763 4504/166/4764
f 2674/162/4765 400/164/4766 2675/167/4767 1523/166/4768
f 400/164/4769 2676/168/4770 1524/169/4771 2675/167/4772
f 2675/167/4773 1524/169/4774 4505/169/4775 1101/167/4776
f 1524/169/4777 4509/169/4778 11/169/4779 4505/169/4780
f 2676/168/4781 1103/168/4782 4509/169/4783 1524/169/4784
f 688/165/4785 3679/170/4786 1525/171/4787 2677/163/4788
f 2677/163/4789 1525/171/4790 2676/168/4791 400/164/4792
f 1525/171/4793 4508/171/4794 1103/168/4795 2676/168/4796
f 3679/170/4797 264/170/4798 4508/171/4799 1525/171/4800
f 182/147/4801 4180/172/4802 1526/173/4803 3681/146/4804
f 3681/146/4805 1526/173/4806 2678/174/4807 689/143/4808
f 1526/173/4809 2681/175/4810 401/176/4811 2678/174/4812
f 4180/172/4813 939/177/4814 2681/175/4815 1526/173/4816
f 689/143/4817 2678/174/4818 1527/178/4819 3680/141/4820
f 3680/141/4821 1527/178/4822 3678/160/4823 110/142/4824
f 1527/178/4825 2679/179/4826 688/165/4827 3678/160/4828
f 2678/174/4829 401/176/4830 2679/179/4831 1527/178/4832
f 401/176/4833 2680/180/4834 1528/181/4835 2679/179/4836
f 2679/179/4837 1528/181/4838 3679/170/4839 688/165/4840
f 1528/181/4841 4506/181/4842 264/170/4843 3679/170/4844
f 2680/180/4845 1102/180/4846 4506/181/4847 1528/181/4848
f 939/177/4849 4181/182/4850 1529/183/4851 2681/175/4852
f 2681/175/4853 1529/183/4854 2680/180/4855 401/176/4856
f 1529/183/4857 4507/183/4858 1102/180/4859 2680/180/4860
f 4181/182/4861 61/182/4862 4507/183/4863 1529/183/4864
f 57/22/4865 4479/23/4866 1530/23/4867 4185/22/4868
f 4185/22/4869 1530/23/4870 2682/184/4871 941/78/4872
f 1530/23/4873 2685/24/4874 402/185/4875 2682/184/4876
f 4479/23/4877 1088/24/4878 2685/24/4879 1530/23/4880
f 941/78/4881 2682/184/4882 1531/186/4883 4184/77/4884
f 4184/77/4885 1531/186/4886 3683/187/4887 183/70/4888
f 1531/186/4889 2683/188/4890 690/189/4891 3683/187/4892
f 2682/184/4893 402/185/4894 2683/188/4895 1531/186/4896
f 402/185/4897 2684/190/4898 1532/191/4899 2683/188/4900
f 2683/188/4901 1532/191/4902 3682/192/4903 690/189/4904
f 1532/191/4905 3688/193/4906 111/194/4907 3682/192/4908
f 2684/190/4909 693/195/4910 3688/193/4911 1532/191/4912
f 1088/24/4913 4478/25/4914 1533/25/4915 2685/24/4916
f 2685/24/4917 1533/25/4918 2684/190/4919 402/185/4920
f 1533/25/4921 3689/26/4922 693/195/4923 2684/190/4924
f 4478/25/4925 257/26/4926 3689/26/4927 1533/25/4928
f 183/70/4929 3683/187/4930 1534/196/4931 4182/69/4932
f 4182/69/4933 1534/196/4934 2686/197/4935 940/66/4936
f 1534/196/4937 2689/198/4938 403/199/4939 2686/197/4940
f 3683/187/4941 690/189/4942 2689/198/4943 1534/196/4944
f 940/66/4945 2686/197/4946 1535/200/4947 4183/64/4948
f 4183/64/4949 1535/200/4950 4179/128/4951 33/65/4952
f 1535/200/4953 2687/201/4954 938/133/4955 4179/128/4956
f 2686/197/4957 403/199/4958 2687/201/4959 1535/200/4960
f 403/199/4961 2688/202/4962 1536/203/4963 2687/201/4964
f 2687/201/4965 1536/203/4966 4178/144/4967 938/133/4968
f 1536/203/4969 3685/204/4970 182/147/4971 4178/144/4972
f 2688/202/4973 691/205/4974 3685/204/4975 1536/203/4976
f 690/189/4977 3682/192/4978 1537/206/4979 2689/198/4980
f 2689/198/4981 1537/206/4982 2688/202/4983 403/199/4984
f 1537/206/4985 3684/207/4986 691/205/4987 2688/202/4988
f 3682/192/4989 111/194/4990 3684/207/4991 1537/206/4992
f 111/194/4993 3686/208/4994 1538/209/4995 3684/207/4996
f 3684/207/4997 1538/209/4998 2690/210/4999 691/205/5000
f 1538/209/5001 2693/211/5002 404/212/5003 2690/210/5004
f 3686/208/5005 692/213/5006 2693/211/5007 1538/209/5008
f 691/205/5009 2690/210/5010 1539/214/5011 3685/204/5012
f 3685/204/5013 1539/214/5014 4180/172/5015 182/147/5016
f 1539/214/5017 2691/215/5018 939/177/5019 4180/172/5020
f 2690/210/5021 404/212/5022 2691/215/5023 1539/214/5024
f 404/212/5025 2692/216/5026 1540/217/5027 2691/215/5028
f 2691/215/5029 1540/217/5030 4181/182/5031 939/177/5032
f 1540/217/5033 4511/217/5034 61/182/5035 4181/182/5036
f 2692/216/5037 1104/216/5038 4511/217/5039 1540/217/5040
f 692/213/5041 3687/218/5042 1541/219/5043 2693/211/5044
f 2693/211/5045 1541/219/5046 2692/216/5047 404/212/5048
f 1541/219/5049 4510/219/5050 1104/216/5051 2692/216/5052
f 3687/218/5053 265/218/5054 4510/219/5055 1541/219/5056
f 257/26/5057 4480/27/5058 1542/27/5059 3689/26/5060
f 3689/26/5061 1542/27/5062 2694/220/5063 693/195/5064
f 1542/27/5065 2697/28/5066 405/221/5067 2694/220/5068
f 4480/27/5069 1089/28/5070 2697/28/5071 1542/27/5072
f 693/195/5073 2694/220/5074 1543/222/5075 3688/193/5076
f 3688/193/5077 1543/222/5078 3686/208/5079 111/194/5080
f 1543/222/5081 2695/223/5082 692/213/5083 3686/208/5084
f 2694/220/5085 405/221/5086 2695/223/5087 1543/222/5088
f 405/221/5089 2696/224/5090 1544/225/5091 2695/223/5092
f 2695/223/5093 1544/225/5094 3687/218/5095 692/213/5096
f 1544/225/5097 4512/225/5098 265/218/5099 3687/218/5100
f 2696/224/5101 1105/224/5102 4512/225/5103 1544/225/5104
f 1089/28/5105 4481/29/5106 1545/29/5107 2697/28/5108
f 2697/28/5109 1545/29/5110 2696/224/5111 405/221/5112
f 1545/29/5113 4513/29/5114 1105/224/5115 2696/224/5116
f 4481/29/5117 10/29/5118 4513/29/5119 1545/29/5120
f 7/15/5121 4501/15/5122 1546/15/5123 4473/15/5124
f 4473/15/5125 1546/15/5126 2698/15/5127 1085/15/5128
f 1546/15/5129 2701/93/5130 406/93/5131 2698/15/5132
f 4501/15/5133 1099/93/5134 2701/93/5135 1546/15/5136
f 1085/15/5137 2698/15/5138 1547/15/5139 4472/15/5140
f 4472/15/5141 1547/15/5142 3691/15/5143 255/15/5144
f 1547/15/5145 2699/93/5146 694/93/5147 3691/15/5148
f 2698/15/5149 406/93/5150 2699/93/5151 1547/15/5152
f 406/93/5153 2700/95/5154 1548/95/5155 2699/93/5156
f 2699/93/5157 1548/95/5158 3690/95/5159 694/93/5160
f 1548/95/5161 3696/96/5162 112/96/5163 3690/95/5164
f 2700/95/5165 697/96/5166 3696/96/5167 1548/95/5168
f 1099/93/5169 4500/95/5170 1549/95/5171 2701/93/5172
f 2701/93/5173 1549/95/5174 2700/95/5175 406/93/5176
f 1549/95/5177 3697/96/5178 697/96/5179 2700/95/5180
f 4500/95/5181 262/96/5182 3697/96/5183 1549/95/5184
f 255/15/5185 3691/15/5186 1550/15/5187 4470/15/5188
f 4470/15/5189 1550/15/5190 2702/15/5191 1084/15/5192
f 1550/15/5193 2705/93/5194 407/93/5195 2702/15/5196
f 3691/15/5197 694/93/5198 2705/93/5199 1550/15/5200
f 1084/15/5201 2702/15/5202 1551/15/5203 4471/15/5204
f 4471/15/5205 1551/15/5206 4189/15/5207 56/15/5208
f 1551/15/5209 2703/93/5210 943/93/5211 4189/15/5212
f 2702/15/5213 407/93/5214 2703/93/5215 1551/15/5216
f 407/93/5217 2704/95/5218 1552/95/5219 2703/93/5220
f 2703/93/5221 1552/95/5222 4188/95/5223 943/93/5224
f 1552/95/5225 3693/96/5226 184/96/5227 4188/95/5228
f 2704/95/5229 695/96/5230 3693/96/5231 1552/95/5232
f 694/93/5233 3690/95/5234 1553/95/5235 2705/93/5236
f 2705/93/5237 1553/95/5238 2704/95/5239 407/93/5240
f 1553/95/5241 3692/96/5242 695/96/5243 2704/95/5244
f 3690/95/5245 112/96/5246 3692/96/5247 1553/95/5248
f 112/96/5249 3694/106/5250 1554/106/5251 3692/96/5252
f 3692/96/5253 1554/106/5254 2706/106/5255 695/96/5256
f 1554/106/5257 2709/107/5258 408/107/5259 2706/106/5260
f 3694/106/5261 696/107/5262 2709/107/5263 1554/106/5264
f 695/96/5265 2706/106/5266 1555/106/5267 3693/96/5268
f 3693/96/5269 1555/106/5270 4186/106/5271 184/96/5272
f 1555/106/5273 2707/107/5274 942/107/5275 4186/106/5276
f 2706/106/5277 408/107/5278 2707/107/5279 1555/106/5280
f 408/107/5281 2708/109/5282 1556/109/5283 2707/107/5284
f 2707/107/5285 1556/109/5286 4187/109/5287 942/107/5288
f 1556/109/5289 4199/110/5290 34/110/5291 4187/109/5292
f 2708/109/5293 948/110/5294 4199/110/5295 1556/109/5296
f 696/107/5297 3695/109/5298 1557/109/5299 2709/107/5300
f 2709/107/5301 1557/109/5302 2708/109/5303 408/107/5304
f 1557/109/5305 4198/110/5306 948/110/5307 2708/109/5308
f 3695/109/5309 187/110/5310 4198/110/5311 1557/109/5312
f 262/96/5313 4498/106/5314 1558/106/5315 3697/96/5316
f 3697/96/5317 1558/106/5318 2710/106/5319 697/96/5320
f 1558/106/5321 2713/107/5322 409/107/5323 2710/106/5324
f 4498/106/5325 1098/107/5326 2713/107/5327 1558/106/5328
f 697/96/5329 2710/106/5330 1559/106/5331 3696/96/5332
f 3696/96/5333 1559/106/5334 3694/106/5335 112/96/5336
f 1559/106/5337 2711/107/5338 696/107/5339 3694/106/5340
f 2710/106/5341 409/107/5342 2711/107/5343 1559/106/5344
f 409/107/5345 2712/109/5346 1560/109/5347 2711/107/5348
f 2711/107/5349 1560/109/5350 3695/109/5351 696/107/5352
f 1560/109/5353 4200/110/5354 187/110/5355 3695/109/5356
f 2712/109/5357 949/110/5358 4200/110/5359 1560/109/5360
f 1098/107/5361 4499/109/5362 1561/109/5363 2713/107/5364
f 2713/107/5365 1561/109/5366 2712/109/5367 409/107/5368
f 1561/109/5369 4201/110/5370 949/110/5371 2712/109/5372
f 4499/109/5373 60/110/5374 4201/110/5375 1561/109/5376
f 56/15/5377 4189/15/5378 1562/15/5379 4467/15/5380
f 4467/15/5381 1562/15/5382 2714/15/5383 1082/15/5384
f 1562/15/5385 2717/93/5386 410/93/5387 2714/15/5388
f 4189/15/5389 943/93/5390 2717/93/5391 1562/15/5392
f 1082/15/5393 2714/15/5394 1563/15/5395 4466/15/5396
f 4466/15/5397 1563/15/5398 3699/15/5399 254/15/5400
f 1563/15/5401 2715/93/5402 698/93/5403 3699/15/5404
f 2714/15/5405 410/93/5406 2715/93/5407 1563/15/5408
f 410/93/5409 2716/95/5410 1564/95/5411 2715/93/5412
f 2715/93/5413 1564/95/5414 3698/95/5415 698/93/5416
f 1564/95/5417 3704/96/5418 113/96/5419 3698/95/5420
f 2716/95/5421 701/96/5422 3704/96/5423 1564/95/5424
f 943/93/5425 4188/95/5426 1565/95/5427 2717/93/5428
f 2717/93/5429 1565/95/5430 2716/95/5431 410/93/5432
f 1565/95/5433 3705/96/5434 701/96/5435 2716/95/5436
f 4188/95/5437 184/96/5438 3705/96/5439 1565/95/5440
f 254/15/5441 3699/15/5442 1566/15/5443 4468/15/5444
f 4468/15/5445 1566/15/5446 2718/15/5447 1083/15/5448
f 1566/15/5449 2721/93/5450 411/93/5451 2718/15/5452
f 3699/15/5453 698/93/5454 2721/93/5455 1566/15/5456
f 1083/15/5457 2718/15/5458 1567/15/5459 4469/15/5460
f 4469/15/5461 1567/15/5462 4517/15/5463 8/15/5464
f 1567/15/5465 2719/93/5466 1107/93/5467 4517/15/5468
f 2718/15/5469 411/93/5470 2719/93/5471 1567/15/5472
f 411/93/5473 2720/95/5474 1568/95/5475 2719/93/5476
f 2719/93/5477 1568/95/5478 4516/95/5479 1107/93/5480
f 1568/95/5481 3701/96/5482 266/96/5483 4516/95/5484
f 2720/95/5485 699/96/5486 3701/96/5487 1568/95/5488
f 698/93/5489 3698/95/5490 1569/95/5491 2721/93/5492
f 2721/93/5493 1569/95/5494 2720/95/5495 411/93/5496
f 1569/95/5497 3700/96/5498 699/96/5499 2720/95/5500
f 3698/95/5501 113/96/5502 3700/96/5503 1569/95/5504
f 113/96/5505 3702/106/5506 1570/106/5507 3700/96/5508
f 3700/96/5509 1570/106/5510 2722/106/5511 699/96/5512
f 1570/106/5513 2725/107/5514 412/107/5515 2722/106/5516
f 3702/106/5517 700/107/5518 2725/107/5519 1570/106/5520
f 699/96/5521 2722/106/5522 1571/106/5523 3701/96/5524
f 3701/96/5525 1571/106/5526 4514/106/5527 266/96/5528
f 1571/106/5529 2723/107/5530 1106/107/5531 4514/106/5532
f 2722/106/5533 412/107/5534 2723/107/5535 1571/106/5536
f 412/107/5537 2724/109/5538 1572/109/5539 2723/107/5540
f 2723/107/5541 1572/109/5542 4515/109/5543 1106/107/5544
f 1572/109/5545 4193/110/5546 62/110/5547 4515/109/5548
f 2724/109/5549 945/110/5550 4193/110/5551 1572/109/5552
f 700/107/5553 3703/109/5554 1573/109/5555 2725/107/5556
f 2725/107/5557 1573/109/5558 2724/109/5559 412/107/5560
f 1573/109/5561 4192/110/5562 945/110/5563 2724/109/5564
f 3703/109/5565 185/110/5566 4192/110/5567 1573/109/5568
f 184/96/5569 4186/106/5570 1574/106/5571 3705/96/5572
f 3705/96/5573 1574/106/5574 2726/106/5575 701/96/5576
f 1574/106/5577 2729/107/5578 413/107/5579 2726/106/5580
f 4186/106/5581 942/107/5582 2729/107/5583 1574/106/5584
f 701/96/5585 2726/106/5586 1575/106/5587 3704/96/5588
f 3704/96/5589 1575/106/5590 3702/106/5591 113/96/5592
f 1575/106/5593 2727/107/5594 700/107/5595 3702/106/5596
f 2726/106/5597 413/107/5598 2727/107/5599 1575/106/5600
f 413/107/5601 2728/109/5602 1576/109/5603 2727/107/5604
f 2727/107/5605 1576/109/5606 3703/109/5607 700/107/5608
f 1576/109/5609 4190/110/5610 185/110/5611 3703/109/5612
f 2728/109/5613 944/110/5614 4190/110/5615 1576/109/5616
f 942/107/5617 4187/109/5618 1577/109/5619 2729/107/5620
f 2729/107/5621 1577/109/5622 2728/109/5623 413/107/5624
f 1577/109/5625 4191/110/5626 944/110/5627 2728/109/5628
f 4187/109/5629 34/110/5630 4191/110/5631 1577/109/5632
f 34/110/5633 4195/152/5634 1578/152/5635 4191/110/5636
f 4191/110/5637 1578/152/5638 2730/152/5639 944/110/5640
f 1578/152/5641 2733/153/5642 414/153/5643 2730/152/5644
f 4195/152/5645 946/153/5646 2733/153/5647 1578/152/5648
f 944/110/5649 2730/152/5650 1579/152/5651 4190/110/5652
f 4190/110/5653 1579/152/5654 3707/152/5655 185/110/5656
f 1579/152/5657 2731/153/5658 702/153/5659 3707/152/5660
f 2730/152/5661 414/153/5662 2731/153/5663 1579/152/5664
f 414/153/5665 2732/155/5666 1580/155/5667 2731/153/5668
f 2731/153/5669 1580/155/5670 3706/155/5671 702/153/5672
f 1580/155/5673 3712/156/5674 114/156/5675 3706/155/5676
f 2732/155/5677 705/156/5678 3712/156/5679 1580/155/5680
f 946/153/5681 4194/155/5682 1581/155/5683 2733/153/5684
f 2733/153/5685 1581/155/5686 2732/155/5687 414/153/5688
f 1581/155/5689 3713/156/5690 705/156/5691 2732/155/5692
f 4194/155/5693 186/156/5694 3713/156/5695 1581/155/5696
f 185/110/5697 3707/152/5698 1582/152/5699 4192/110/5700
f 4192/110/5701 1582/152/5702 2734/152/5703 945/110/5704
f 1582/152/5705 2737/153/5706 415/153/5707 2734/152/5708
f 3707/152/5709 702/153/5710 2737/153/5711 1582/152/5712
f 945/110/5713 2734/152/5714 1583/152/5715 4193/110/5716
f 4193/110/5717 1583/152/5718 4519/152/5719 62/110/5720
f 1583/152/5721 2735/153/5722 1108/153/5723 4519/152/5724
f 2734/152/5725 415/153/5726 2735/153/5727 1583/152/5728
f 415/153/5729 2736/155/5730 1584/155/5731 2735/153/5732
f 2735/153/5733 1584/155/5734 4518/155/5735 1108/153/5736
f 1584/155/5737 3709/156/5738 267/156/5739 4518/155/5740
f 2736/155/5741 703/156/5742 3709/156/5743 1584/155/5744
f 702/153/5745 3706/155/5746 1585/155/5747 2737/153/5748
f 2737/153/5749 1585/155/5750 2736/155/5751 415/153/5752
f 1585/155/5753 3708/156/5754 703/156/5755 2736/155/5756
f 3706/155/5757 114/156/5758 3708/156/5759 1585/155/5760
f 114/156/5761 3710/166/5762 1586/166/5763 3708/156/5764
f 3708/156/5765 1586/166/5766 2738/166/5767 703/156/5768
f 1586/166/5769 2741/167/5770 416/167/5771 2738/166/5772
f 3710/166/5773 704/167/5774 2741/167/5775 1586/166/5776
f 703/156/5777 2738/166/5778 1587/166/5779 3709/156/5780
f 3709/156/5781 1587/166/5782 4520/166/5783 267/156/5784
f 1587/166/5785 2739/167/5786 1109/167/5787 4520/166/5788
f 2738/166/5789 416/167/5790 2739/167/5791 1587/166/5792
f 416/167/5793 2740/169/5794 1588/169/5795 2739/167/5796
f 2739/167/5797 1588/169/5798 4521/169/5799 1109/167/5800
f 1588/169/5801 4525/169/5802 12/169/5803 4521/169/5804
f 2740/169/5805 1111/169/5806 4525/169/5807 1588/169/5808
f 704/167/5809 3711/169/5810 1589/169/5811 2741/167/5812
f 2741/167/5813 1589/169/5814 2740/169/5815 416/167/5816
f 1589/169/5817 4524/169/5818 1111/169/5819 2740/169/5820
f 3711/169/5821 268/169/5822 4524/169/5823 1589/169/5824
f 186/156/5825 4196/166/5826 1590/166/5827 3713/156/5828
f 3713/156/5829 1590/166/5830 2742/166/5831 705/156/5832
f 1590/166/5833 2745/167/5834 417/167/5835 2742/166/5836
f 4196/166/5837 947/167/5838 2745/167/5839 1590/166/5840
f 705/156/5841 2742/166/5842 1591/166/5843 3712/156/5844
f 3712/156/5845 1591/166/5846 3710/166/5847 114/156/5848
f 1591/166/5849 2743/167/5850 704/167/5851 3710/166/5852
f 2742/166/5853 417/167/5854 2743/167/5855 1591/166/5856
f 417/167/5857 2744/169/5858 1592/169/5859 2743/167/5860
f 2743/167/5861 1592/169/5862 3711/169/5863 704/167/5864
f 1592/169/5865 4522/169/5866 268/169/5867 3711/169/5868
f 2744/169/5869 1110/169/5870 4522/169/5871 1592/169/5872
f 947/167/5873 4197/169/5874 1593/169/5875 2745/167/5876
f 2745/167/5877 1593/169/5878 2744/169/5879 417/167/5880
f 1593/169/5881 4523/169/5882 1110/169/5883 2744/169/5884
f 4197/169/5885 63/169/5886 4523/169/5887 1593/169/5888
f 60/110/5889 4503/152/5890 1594/152/5891 4201/110/5892
f 4201/110/5893 1594/152/5894 2746/152/5895 949/110/5896
f 1594/152/5897 2749/153/5898 418/153/5899 2746/152/5900
f 4503/152/5901 1100/153/5902 2749/153/5903 1594/152/5904
f 949/110/5905 2746/152/5906 1595/152/5907 4200/110/5908
f 4200/110/5909 1595/152/5910 3715/152/5911 187/110/5912
f 1595/152/5913 2747/153/5914 706/153/5915 3715/152/5916
f 2746/152/5917 418/153/5918 2747/153/5919 1595/152/5920
f 418/153/5921 2748/155/5922 1596/155/5923 2747/153/5924
f 2747/153/5925 1596/155/5926 3714/155/5927 706/153/5928
f 1596/155/5929 3720/156/5930 115/156/5931 3714/155/5932
f 2748/155/5933 709/156/5934 3720/156/5935 1596/155/5936
f 1100/153/5937 4502/155/5938 1597/155/5939 2749/153/5940
f 2749/153/5941 1597/155/5942 2748/155/5943 418/153/5944
f 1597/155/5945 3721/156/5946 709/156/5947 2748/155/5948
f 4502/155/5949 263/156/5950 3721/156/5951 1597/155/5952
f 187/110/5953 3715/152/5954 1598/152/5955 4198/110/5956
f 4198/110/5957 1598/152/5958 2750/152/5959 948/110/5960
f 1598/152/5961 2753/153/5962 419/153/5963 2750/152/5964
f 3715/152/5965 706/153/5966 2753/153/5967 1598/152/5968
f 948/110/5969 2750/152/5970 1599/152/5971 4199/110/5972
f 4199/110/5973 1599/152/5974 4195/152/5975 34/110/5976
f 1599/152/5977 2751/153/5978 946/153/5979 4195/152/5980
f 2750/152/5981 419/153/5982 2751/153/5983 1599/152/5984
f 419/153/5985 2752/155/5986 1600/155/5987 2751/153/5988
f 2751/153/5989 1600/155/5990 4194/155/5991 946/153/5992
f 1600/155/5993 3717/156/5994 186/156/5995 4194/155/5996
f 2752/155/5997 707/156/5998 3717/156/5999 1600/155/6000
f 706/153/6001 3714/155/6002 1601/155/6003 2753/153/6004
f 2753/153/6005 1601/155/6006 2752/155/6007 419/153/6008
f 1601/155/6009 3716/156/6010 707/156/6011 2752/155/6012
f 3714/155/6013 115/156/6014 3716/156/6015 1601/155/6016
f 115/156/6017 3718/166/6018 1602/166/6019 3716/156/6020
f 3716/156/6021 1602/166/6022 2754/166/6023 707/156/6024
f 1602/166/6025 2757/167/6026 420/167/6027 2754/166/6028
f 3718/166/6029 708/167/6030 2757/167/6031 1602/166/6032
f 707/156/6033 2754/166/6034 1603/166/6035 3717/156/6036
f 3717/156/6037 1603/166/6038 4196/166/6039 186/156/6040
f 1603/166/6041 2755/167/6042 947/167/6043 4196/166/6044
f 2754/166/6045 420/167/6046 2755/167/6047 1603/166/6048
f 420/167/6049 2756/169/6050 1604/169/6051 2755/167/6052
f 2755/167/6053 1604/169/6054 4197/169/6055 947/167/6056
f 1604/169/6057 4527/169/6058 63/169/6059 4197/169/6060
f 2756/169/6061 1112/169/6062 4527/169/6063 1604/169/6064
f 708/167/6065 3719/169/6066 1605/169/6067 2757/167/6068
f 2757/167/6069 1605/169/6070 2756/169/6071 420/167/6072
f 1605/169/6073 4526/169/6074 1112/169/6075 2756/169/6076
f 3719/169/6077 269/169/6078 4526/169/6079 1605/169/6080
f 263/156/6081 4504/166/6082 1606/166/6083 3721/156/6084
f 3721/156/6085 1606/166/6086 2758/166/6087 709/156/6088
f 1606/166/6089 2761/167/6090 421/167/6091 2758/166/6092
f 4504/166/6093 1101/167/6094 2761/167/6095 1606/166/6096
f 709/156/6097 2758/166/6098 1607/166/6099 3720/156/6100
f 3720/156/6101 1607/166/6102 3718/166/6103 115/156/6104
f 1607/166/6105 2759/167/6106 708/167/6107 3718/166/6108
f 2758/166/6109 421/167/6110 2759/167/6111 1607/166/6112
f 421/167/6113 2760/169/6114 1608/169/6115 2759/167/6116
f 2759/167/6117 1608/169/6118 3719/169/6119 708/167/6120
f 1608/169/6121 4528/169/6122 269/169/6123 3719/169/6124
f 2760/169/6125 1113/169/6126 4528/169/6127 1608/169/6128
f 1101/167/6129 4505/169/6130 1609/169/6131 2761/167/6132
f 2761/167/6133 1609/169/6134 2760/169/6135 421/167/6136
f 1609/169/6137 4529/169/6138 1113/169/6139 2760/169/6140
f 4505/169/6141 11/169/6142 4529/169/6143 1609/169/6144
f 9/29/6145 4553/29/6146 1610/29/6147 4489/29/6148
f 4489/29/6149 1610/29/6150 2762/29/6151 1093/29/6152
f 1610/29/6153 2765/29/6154 422/29/6155 2762/29/6156
f 4553/29/6157 1125/29/6158 2765/29/6159 1610/29/6160
f 1093/29/6161 2762/29/6162 1611/29/6163 4488/29/6164
f 4488/29/6165 1611/29/6166 3723/29/6167 259/29/6168
f 1611/29/6169 2763/29/6170 710/29/6171 3723/29/6172
f 2762/29/6173 422/29/6174 2763/29/6175 1611/29/6176
f 422/29/6177 2764/29/6178 1612/29/6179 2763/29/6180
f 2763/29/6181 1612/29/6182 3722/29/6183 710/29/6184
f 1612/29/6185 3728/29/6186 116/29/6187 3722/29/6188
f 2764/29/6189 713/29/6190 3728/29/6191 1612/29/6192
f 1125/29/6193 4552/29/6194 1613/29/6195 2765/29/6196
f 2765/29/6197 1613/29/6198 2764/29/6199 422/29/6200
f 1613/29/6201 3729/29/6202 713/29/6203 2764/29/6204
f 4552/29/6205 275/29/6206 3729/29/6207 1613/29/6208
f 259/29/6209 3723/29/6210 1614/29/6211 4486/29/6212
f 4486/29/6213 1614/29/6214 2766/29/6215 1092/29/6216
f 1614/29/6217 2769/29/6218 423/29/6219 2766/29/6220
f 3723/29/6221 710/29/6222 2769/29/6223 1614/29/6224
f 1092/29/6225 2766/29/6226 1615/29/6227 4487/29/6228
f 4487/29/6229 1615/29/6230 4205/29/6231 58/29/6232
f 1615/29/6233 2767/29/6234 951/29/6235 4205/29/6236
f 2766/29/6237 423/29/6238 2767/29/6239 1615/29/6240
f 423/29/6241 2768/29/6242 1616/29/6243 2767/29/6244
f 2767/29/6245 1616/29/6246 4204/29/6247 951/29/6248
f 1616/29/6249 3725/29/6250 188/29/6251 4204/29/6252
f 2768/29/6253 711/29/6254 3725/29/6255 1616/29/6256
f 710/29/6257 3722/29/6258 1617/29/6259 2769/29/6260
f 2769/29/6261 1617/29/6262 2768/29/6263 423/29/6264
f 1617/29/6265 3724/29/6266 711/29/6267 2768/29/6268
f 3722/29/6269 116/29/6270 3724/29/6271 1617/29/6272
f 116/29/6273 3726/29/6274 1618/29/6275 3724/29/6276
f 3724/29/6277 1618/29/6278 2770/29/6279 711/29/6280
f 1618/29/6281 2773/29/6282 424/29/6283 2770/29/6284
f 3726/29/6285 712/29/6286 2773/29/6287 1618/29/6288
f 711/29/6289 2770/29/6290 1619/29/6291 3725/29/6292
f 3725/29/6293 1619/29/6294 4202/29/6295 188/29/6296
f 1619/29/6297 2771/29/6298 950/29/6299 4202/29/6300
f 2770/29/6301 424/29/6302 2771/29/6303 1619/29/6304
f 424/29/6305 2772/29/6306 1620/29/6307 2771/29/6308
f 2771/29/6309 1620/29/6310 4203/29/6311 950/29/6312
f 1620/29/6313 4215/29/6314 35/29/6315 4203/29/6316
f 2772/29/6317 956/29/6318 4215/29/6319 1620/29/6320
f 712/29/6321 3727/29/6322 1621/29/6323 2773/29/6324
f 2773/29/6325 1621/29/6326 2772/29/6327 424/29/6328
f 1621/29/6329 4214/29/6330 956/29/6331 2772/29/6332
f 3727/29/6333 191/29/6334 4214/29/6335 1621/29/6336
f 275/29/6337 4550/29/6338 1622/29/6339 3729/29/6340
f 3729/29/6341 1622/29/6342 2774/29/6343 713/29/6344
f 1622/29/6345 2777/29/6346 425/29/6347 2774/29/6348
f 4550/29/6349 1124/29/6350 2777/29/6351 1622/29/6352
f 713/29/6353 2774/29/6354 1623/29/6355 3728/29/6356
f 3728/29/6357 1623/29/6358 3726/29/6359 116/29/6360
f 1623/29/6361 2775/29/6362 712/29/6363 3726/29/6364
f 2774/29/6365 425/29/6366 2775/29/6367 1623/29/6368
f 425/29/6369 2776/29/6370 1624/29/6371 2775/29/6372
f 2775/29/6373 1624/29/6374 3727/29/6375 712/29/6376
f 1624/29/6377 4216/29/6378 191/29/6379 3727/29/6380
f 2776/29/6381 957/29/6382 4216/29/6383 1624/29/6384
f 1124/29/6385 4551/29/6386 1625/29/6387 2777/29/6388
f 2777/29/6389 1625/29/6390 2776/29/6391 425/29/6392
f 1625/29/6393 4217/29/6394 957/29/6395 2776/29/6396
f 4551/29/6397 66/29/6398 4217/29/6399 1625/29/6400
f 58/29/6401 4205/29/6402 1626/29/6403 4483/29/6404
f 4483/29/6405 1626/29/6406 2778/29/6407 1090/29/6408
f 1626/29/6409 2781/29/6410 426/29/6411 2778/29/6412
f 4205/29/6413 951/29/6414 2781/29/6415 1626/29/6416
f 1090/29/6417 2778/29/6418 1627/29/6419 4482/29/6420
f 4482/29/6421 1627/29/6422 3731/29/6423 258/29/6424
f 1627/29/6425 2779/29/6426 714/29/6427 3731/29/6428
f 2778/29/6429 426/29/6430 2779/29/6431 1627/29/6432
f 426/29/6433 2780/29/6434 1628/29/6435 2779/29/6436
f 2779/29/6437 1628/29/6438 3730/29/6439 714/29/6440
f 1628/29/6441 3736/29/6442 117/29/6443 3730/29/6444
f 2780/29/6445 717/29/6446 3736/29/6447 1628/29/6448
f 951/29/6449 4204/29/6450 1629/29/6451 2781/29/6452
f 2781/29/6453 1629/29/6454 2780/29/6455 426/29/6456
f 1629/29/6457 3737/29/6458 717/29/6459 2780/29/6460
f 4204/29/6461 188/29/6462 3737/29/6463 1629/29/6464
f 258/29/6465 3731/29/6466 1630/29/6467 4484/29/6468
f 4484/29/6469 1630/29/6470 2782/29/6471 1091/29/6472
f 1630/29/6473 2785/29/6474 427/29/6475 2782/29/6476
f 3731/29/6477 714/29/6478 2785/29/6479 1630/29/6480
f 1091/29/6481 2782/29/6482 1631/29/6483 4485/29/6484
f 4485/29/6485 1631/29/6486 4533/29/6487 10/29/6488
f 1631/29/6489 2783/29/6490 1115/29/6491 4533/29/6492
f 2782/29/6493 427/29/6494 2783/29/6495 1631/29/6496
f 427/29/6497 2784/29/6498 1632/29/6499 2783/29/6500
f 2783/29/6501 1632/29/6502 4532/29/6503 1115/29/6504
f 1632/29/6505 3733/29/6506 270/29/6507 4532/29/6508
f 2784/29/6509 715/29/6510 3733/29/6511 1632/29/6512
f 714/29/6513 3730/29/6514 1633/29/6515 2785/29/6516
f 2785/29/6517 1633/29/6518 2784/29/6519 427/29/6520
f 1633/29/6521 3732/29/6522 715/29/6523 2784/29/6524
f 3730/29/6525 117/29/6526 3732/29/6527 1633/29/6528
f 117/29/6529 3734/29/6530 1634/29/6531 3732/29/6532
f 3732/29/6533 1634/29/6534 2786/29/6535 715/29/6536
f 1634/29/6537 2789/29/6538 428/29/6539 2786/29/6540
f 3734/29/6541 716/29/6542 2789/29/6543 1634/29/6544
f 715/29/6545 2786/29/6546 1635/29/6547 3733/29/6548
f 3733/29/6549 1635/29/6550 4530/29/6551 270/29/6552
f 1635/29/6553 2787/29/6554 1114/29/6555 4530/29/6556
f 2786/29/6557 428/29/6558 2787/29/6559 1635/29/6560
f 428/29/6561 2788/29/6562 1636/29/6563 2787/29/6564
f 2787/29/6565 1636/29/6566 4531/29/6567 1114/29/6568
f 1636/29/6569 4209/29/6570 64/29/6571 4531/29/6572
f 2788/29/6573 953/29/6574 4209/29/6575 1636/29/6576
f 716/29/6577 3735/29/6578 1637/29/6579 2789/29/6580
f 2789/29/6581 1637/29/6582 2788/29/6583 428/29/6584
f 1637/29/6585 4208/29/6586 953/29/6587 2788/29/6588
f 3735/29/6589 189/29/6590 4208/29/6591 1637/29/6592
f 188/29/6593 4202/29/6594 1638/29/6595 3737/29/6596
f 3737/29/6597 1638/29/6598 2790/29/6599 717/29/6600
f 1638/29/6601 2793/29/6602 429/29/6603 2790/29/6604
f 4202/29/6605 950/29/6606 2793/29/6607 1638/29/6608
f 717/29/6609 2790/29/6610 1639/29/6611 3736/29/6612
f 3736/29/6613 1639/29/6614 3734/29/6615 117/29/6616
f 1639/29/6617 2791/29/6618 716/29/6619 3734/29/6620
f 2790/29/6621 429/29/6622 2791/29/6623 1639/29/6624
f 429/29/6625 2792/29/6626 1640/29/6627 2791/29/6628
f 2791/29/6629 1640/29/6630 3735/29/6631 716/29/6632
f 1640/29/6633 4206/29/6634 189/29/6635 3735/29/6636
f 2792/29/6637 952/29/6638 4206/29/6639 1640/29/6640
f 950/29/6641 4203/29/6642 1641/29/6643 2793/29/6644
f 2793/29/6645 1641/29/6646 2792/29/6647 429/29/6648
f 1641/29/6649 4207/29/6650 952/29/6651 2792/29/6652
f 4203/29/6653 35/29/6654 4207/29/6655 1641/29/6656
f 35/29/6657 4211/29/6658 1642/29/6659 4207/29/6660
f 4207/29/6661 1642/29/6662 2794/29/6663 952/29/6664
f 1642/29/6665 2797/29/6666 430/29/6667 2794/29/6668
f 4211/29/6669 954/29/6670 2797/29/6671 1642/29/6672
f 952/29/6673 2794/29/6674 1643/29/6675 4206/29/6676
f 4206/29/6677 1643/29/6678 3739/29/6679 189/29/6680
f 1643/29/6681 2795/29/6682 718/29/6683 3739/29/6684
f 2794/29/6685 430/29/6686 2795/29/6687 1643/29/6688
f 430/29/6689 2796/29/6690 1644/29/6691 2795/29/6692
f 2795/29/6693 1644/29/6694 3738/29/6695 718/29/6696
f 1644/29/6697 3744/29/6698 118/29/6699 3738/29/6700
f 2796/29/6701 721/29/6702 3744/29/6703 1644/29/6704
f 954/29/6705 4210/29/6706 1645/29/6707 2797/29/6708
f 2797/29/6709 1645/29/6710 2796/29/6711 430/29/6712
f 1645/29/6713 3745/29/6714 721/29/6715 2796/29/6716
f 4210/29/6717 190/29/6718 3745/29/6719 1645/29/6720
f 189/29/6721 3739/29/6722 1646/29/6723 4208/29/6724
f 4208/29/6725 1646/29/6726 2798/29/6727 953/29/6728
f 1646/29/6729 2801/29/6730 431/29/6731 2798/29/6732
f 3739/29/6733 718/29/6734 2801/29/6735 1646/29/6736
f 953/29/6737 2798/29/6738 1647/29/6739 4209/29/6740
f 4209/29/6741 1647/29/6742 4535/29/6743 64/29/6744
f 1647/29/6745 2799/29/6746 1116/29/6747 4535/29/6748
f 2798/29/6749 431/29/6750 2799/29/6751 1647/29/6752
f 431/29/6753 2800/29/6754 1648/29/6755 2799/29/6756
f 2799/29/6757 1648/29/6758 4534/29/6759 1116/29/6760
f 1648/29/6761 3741/29/6762 271/29/6763 4534/29/6764
f 2800/29/6765 719/29/6766 3741/29/6767 1648/29/6768
f 718/29/6769 3738/29/6770 1649/29/6771 2801/29/6772
f 2801/29/6773 1649/29/6774 2800/29/6775 431/29/6776
f 1649/29/6777 3740/29/6778 719/29/6779 2800/29/6780
f 3738/29/6781 118/29/6782 3740/29/6783 1649/29/6784
f 118/29/6785 3742/29/6786 1650/29/6787 3740/29/6788
f 3740/29/6789 1650/29/6790 2802/29/6791 719/29/6792
f 1650/29/6793 2805/29/6794 432/29/6795 2802/29/6796
f 3742/29/6797 720/29/6798 2805/29/6799 1650/29/6800
f 719/29/6801 2802/29/6802 1651/29/6803 3741/29/6804
f 3741/29/6805 1651/29/6806 4536/29/6807 271/29/6808
f 1651/29/6809 2803/29/6810 1117/29/6811 4536/29/6812
f 2802/29/6813 432/29/6814 2803/29/6815 1651/29/6816
f 432/29/6817 2804/29/6818 1652/29/6819 2803/29/6820
f 2803/29/6821 1652/29/6822 4537/29/6823 1117/29/6824
f 1652/29/6825 4541/29/6826 14/29/6827 4537/29/6828
f 2804/29/6829 1119/29/6830 4541/29/6831 1652/29/6832
f 720/29/6833 3743/29/6834 1653/29/6835 2805/29/6836
f 2805/29/6837 1653/29/6838 2804/29/6839 432/29/6840
f 1653/29/6841 4540/29/6842 1119/29/6843 2804/29/6844
f 3743/29/6845 272/29/6846 4540/29/6847 1653/29/6848
f 190/29/6849 4212/29/6850 1654/29/6851 3745/29/6852
f 3745/29/6853 1654/29/6854 2806/29/6855 721/29/6856
f 1654/29/6857 2809/29/6858 433/29/6859 2806/29/6860
f 4212/29/6861 955/29/6862 2809/29/6863 1654/29/6864
f 721/29/6865 2806/29/6866 1655/29/6867 3744/29/6868
f 3744/29/6869 1655/29/6870 3742/29/6871 118/29/6872
f 1655/29/6873 2807/29/6874 720/29/6875 3742/29/6876
f 2806/29/6877 433/29/6878 2807/29/6879 1655/29/6880
f 433/29/6881 2808/29/6882 1656/29/6883 2807/29/6884
f 2807/29/6885 1656/29/6886 3743/29/6887 720/29/6888
f 1656/29/6889 4538/29/6890 272/29/6891 3743/29/6892
f 2808/29/6893 1118/29/6894 4538/29/6895 1656/29/6896
f 955/29/6897 4213/29/6898 1657/29/6899 2809/29/6900
f 2809/29/6901 1657/29/6902 2808/29/6903 433/29/6904
f 1657/29/6905 4539/29/6906 1118/29/6907 2808/29/6908
f 4213/29/6909 65/29/6910 4539/29/6911 1657/29/6912
f 66/29/6913 4547/29/6914 1658/29/6915 4217/29/6916
f 4217/29/6917 1658/29/6918 2810/29/6919 957/29/6920
f 1658/29/6921 2813/29/6922 434/29/6923 2810/29/6924
f 4547/29/6925 1122/29/6926 2813/29/6927 1658/29/6928
f 957/29/6929 2810/29/6930 1659/29/6931 4216/29/6932
f 4216/29/6933 1659/29/6934 3747/29/6935 191/29/6936
f 1659/29/6937 2811/29/6938 722/29/6939 3747/29/6940
f 2810/29/6941 434/29/6942 2811/29/6943 1659/29/6944
f 434/29/6945 2812/29/6946 1660/29/6947 2811/29/6948
f 2811/29/6949 1660/29/6950 3746/29/6951 722/29/6952
f 1660/29/6953 3752/29/6954 119/29/6955 3746/29/6956
f 2812/29/6957 725/29/6958 3752/29/6959 1660/29/6960
f 1122/29/6961 4546/29/6962 1661/29/6963 2813/29/6964
f 2813/29/6965 1661/29/6966 2812/29/6967 434/29/6968
f 1661/29/6969 3753/29/6970 725/29/6971 2812/29/6972
f 4546/29/6973 274/29/6974 3753/29/6975 1661/29/6976
f 191/29/6977 3747/29/6978 1662/29/6979 4214/29/6980
f 4214/29/6981 1662/29/6982 2814/29/6983 956/29/6984
f 1662/29/6985 2817/29/6986 435/29/6987 2814/29/6988
f 3747/29/6989 722/29/6990 2817/29/6991 1662/29/6992
f 956/29/6993 2814/29/6994 1663/29/6995 4215/29/6996
f 4215/29/6997 1663/29/6998 4211/29/6999 35/29/7000
f 1663/29/7001 2815/29/7002 954/29/7003 4211/29/7004
f 2814/29/7005 435/29/7006 2815/29/7007 1663/29/7008
f 435/29/7009 2816/29/7010 1664/29/7011 2815/29/7012
f 2815/29/7013 1664/29/7014 4210/29/7015 954/29/7016
f 1664/29/7017 3749/29/7018 190/29/7019 4210/29/7020
f 2816/29/7021 723/29/7022 3749/29/7023 1664/29/7024
f 722/29/7025 3746/29/7026 1665/29/7027 2817/29/7028
f 2817/29/7029 1665/29/7030 2816/29/7031 435/29/7032
f 1665/29/7033 3748/29/7034 723/29/7035 2816/29/7036
f 3746/29/7037 119/29/7038 3748/29/7039 1665/29/7040
f 119/29/7041 3750/29/7042 1666/29/7043 3748/29/7044
f 3748/29/7045 1666/29/7046 2818/29/7047 723/29/7048
f 1666/29/7049 2821/29/7050 436/29/7051 2818/29/7052
f 3750/29/7053 724/29/7054 2821/29/7055 1666/29/7056
f 723/29/7057 2818/29/7058 1667/29/7059 3749/29/7060
f 3749/29/7061 1667/29/7062 4212/29/7063 190/29/7064
f 1667/29/7065 2819/29/7066 955/29/7067 4212/29/7068
f 2818/29/7069 436/29/7070 2819/29/7071 1667/29/7072
f 436/29/7073 2820/29/7074 1668/29/7075 2819/29/7076
f 2819/29/7077 1668/29/7078 4213/29/7079 955/29/7080
f 1668/29/7081 4543/29/7082 65/29/7083 4213/29/7084
f 2820/29/7085 1120/29/7086 4543/29/7087 1668/29/7088
f 724/29/7089 3751/29/7090 1669/29/7091 2821/29/7092
f 2821/29/7093 1669/29/7094 2820/29/7095 436/29/7096
f 1669/29/7097 4542/29/7098 1120/29/7099 2820/29/7100
f 3751/29/7101 273/29/7102 4542/29/7103 1669/29/7104
f 274/29/7105 4548/29/7106 1670/29/7107 3753/29/7108
f 3753/29/7109 1670/29/7110 2822/29/7111 725/29/7112
f 1670/29/7113 2825/29/7114 437/29/7115 2822/29/7116
f 4548/29/7117 1123/29/7118 2825/29/7119 1670/29/7120
f 725/29/7121 2822/29/7122 1671/29/7123 3752/29/7124
f 3752/29/7125 1671/29/7126 3750/29/7127 119/29/7128
f 1671/29/7129 2823/29/7130 724/29/7131 3750/29/7132
f 2822/29/7133 437/29/7134 2823/29/7135 1671/29/7136
f 437/29/7137 2824/29/7138 1672/29/7139 2823/29/7140
f 2823/29/7141 1672/29/7142 3751/29/7143 724/29/7144
f 1672/29/7145 4544/29/7146 273/29/7147 3751/29/7148
f 2824/29/7149 1121/29/7150 4544/29/7151 1672/29/7152
f 1123/29/7153 4549/29/7154 1673/29/7155 2825/29/7156
f 2825/29/7157 1673/29/7158 2824/29/7159 437/29/7160
f 1673/29/7161 4545/29/7162 1121/29/7163 2824/29/7164
f 4549/29/7165 13/29/7166 4545/29/7167 1673/29/7168
f 10/29/7169 4533/29/7170 1674/29/7171 4513/29/7172
f 4513/29/7173 1674/29/7174 2826/224/7175 1105/224/7176
f 1674/29/7177 2829/29/7178 438/224/7179 2826/224/7180
f 4533/29/7181 1115/29/7182 2829/29/7183 1674/29/7184
f 1105/224/7185 2826/224/7186 1675/225/7187 4512/225/7188
f 4512/225/7189 1675/225/7190 3755/218/7191 265/218/7192
f 1675/225/7193 2827/225/7194 726/218/7195 3755/218/7196
f 2826/224/7197 438/224/7198 2827/225/7199 1675/225/7200
f 438/224/7201 2828/224/7202 1676/225/7203 2827/225/7204
f 2827/225/7205 1676/225/7206 3754/218/7207 726/218/7208
f 1676/225/7209 3760/225/7210 120/218/7211 3754/218/7212
f 2828/224/7213 729/224/7214 3760/225/7215 1676/225/7216
f 1115/29/7217 4532/29/7218 1677/29/7219 2829/29/7220
f 2829/29/7221 1677/29/7222 2828/224/7223 438/224/7224
f 1677/29/7225 3761/29/7226 729/224/7227 2828/224/7228
f 4532/29/7229 270/29/7230 3761/29/7231 1677/29/7232
f 265/218/7233 3755/218/7234 1678/219/7235 4510/219/7236
f 4510/219/7237 1678/219/7238 2830/216/7239 1104/216/7240
f 1678/219/7241 2833/219/7242 439/216/7243 2830/216/7244
f 3755/218/7245 726/218/7246 2833/219/7247 1678/219/7248
f 1104/216/7249 2830/216/7250 1679/217/7251 4511/217/7252
f 4511/217/7253 1679/217/7254 4221/182/7255 61/182/7256
f 1679/217/7257 2831/217/7258 959/182/7259 4221/182/7260
f 2830/216/7261 439/216/7262 2831/217/7263 1679/217/7264
f 439/216/7265 2832/216/7266 1680/217/7267 2831/217/7268
f 2831/217/7269 1680/217/7270 4220/182/7271 959/182/7272
f 1680/217/7273 3757/217/7274 192/182/7275 4220/182/7276
f 2832/216/7277 727/216/7278 3757/217/7279 1680/217/7280
f 726/218/7281 3754/218/7282 1681/219/7283 2833/219/7284
f 2833/219/7285 1681/219/7286 2832/216/7287 439/216/7288
f 1681/219/7289 3756/219/7290 727/216/7291 2832/216/7292
f 3754/218/7293 120/218/7294 3756/219/7295 1681/219/7296
f 120/218/7297 3758/218/7298 1682/219/7299 3756/219/7300
f 3756/219/7301 1682/219/7302 2834/216/7303 727/216/7304
f 1682/219/7305 2837/219/7306 440/216/7307 2834/216/7308
f 3758/218/7309 728/218/7310 2837/219/7311 1682/219/7312
f 727/216/7313 2834/216/7314 1683/217/7315 3757/217/7316
f 3757/217/7317 1683/217/7318 4218/182/7319 192/182/7320
f 1683/217/7321 2835/217/7322 958/182/7323 4218/182/7324
f 2834/216/7325 440/216/7326 2835/217/7327 1683/217/7328
f 440/216/7329 2836/216/7330 1684/217/7331 2835/217/7332
f 2835/217/7333 1684/217/7334 4219/182/7335 958/182/7336
f 1684/217/7337 4231/217/7338 36/182/7339 4219/182/7340
f 2836/216/7341 964/216/7342 4231/217/7343 1684/217/7344
f 728/218/7345 3759/218/7346 1685/219/7347 2837/219/7348
f 2837/219/7349 1685/219/7350 2836/216/7351 440/216/7352
f 1685/219/7353 4230/219/7354 964/216/7355 2836/216/7356
f 3759/218/7357 195/218/7358 4230/219/7359 1685/219/7360
f 270/29/7361 4530/29/7362 1686/29/7363 3761/29/7364
f 3761/29/7365 1686/29/7366 2838/224/7367 729/224/7368
f 1686/29/7369 2841/29/7370 441/224/7371 2838/224/7372
f 4530/29/7373 1114/29/7374 2841/29/7375 1686/29/7376
f 729/224/7377 2838/224/7378 1687/225/7379 3760/225/7380
f 3760/225/7381 1687/225/7382 3758/218/7383 120/218/7384
f 1687/225/7385 2839/225/7386 728/218/7387 3758/218/7388
f 2838/224/7389 441/224/7390 2839/225/7391 1687/225/7392
f 441/224/7393 2840/224/7394 1688/225/7395 2839/225/7396
f 2839/225/7397 1688/225/7398 3759/218/7399 728/218/7400
f 1688/225/7401 4232/225/7402 195/218/7403 3759/218/7404
f 2840/224/7405 965/224/7406 4232/225/7407 1688/225/7408
f 1114/29/7409 4531/29/7410 1689/29/7411 2841/29/7412
f 2841/29/7413 1689/29/7414 2840/224/7415 441/224/7416
f 1689/29/7417 4233/29/7418 965/224/7419 2840/224/7420
f 4531/29/7421 64/29/7422 4233/29/7423 1689/29/7424
f 61/182/7425 4221/182/7426 1690/183/7427 4507/183/7428
f 4507/183/7429 1690/183/7430 2842/180/7431 1102/180/7432
f 1690/183/7433 2845/183/7434 442/180/7435 2842/180/7436
f 4221/182/7437 959/182/7438 2845/183/7439 1690/183/7440
f 1102/180/7441 2842/180/7442 1691/181/7443 4506/181/7444
f 4506/181/7445 1691/181/7446 3763/170/7447 264/170/7448
f 1691/181/7449 2843/181/7450 730/170/7451 3763/170/7452
f 2842/180/7453 442/180/7454 2843/181/7455 1691/181/7456
f 442/180/7457 2844/180/7458 1692/181/7459 2843/181/7460
f 2843/181/7461 1692/181/7462 3762/170/7463 730/170/7464
f 1692/181/7465 3768/181/7466 121/170/7467 3762/170/7468
f 2844/180/7469 733/180/7470 3768/181/7471 1692/181/7472
f 959/182/7473 4220/182/7474 1693/183/7475 2845/183/7476
f 2845/183/7477 1693/183/7478 2844/180/7479 442/180/7480
f 1693/183/7481 3769/183/7482 733/180/7483 2844/180/7484
f 4220/182/7485 192/182/7486 3769/183/7487 1693/183/7488
f 264/170/7489 3763/170/7490 1694/171/7491 4508/171/7492
f 4508/171/7493 1694/171/7494 2846/168/7495 1103/168/7496
f 1694/171/7497 2849/171/7498 443/168/7499 2846/168/7500
f 3763/170/7501 730/170/7502 2849/171/7503 1694/171/7504
f 1103/168/7505 2846/168/7506 1695/169/7507 4509/169/7508
f 4509/169/7509 1695/169/7510 4557/169/7511 11/169/7512
f 1695/169/7513 2847/169/7514 1127/169/7515 4557/169/7516
f 2846/168/7517 443/168/7518 2847/169/7519 1695/169/7520
f 443/168/7521 2848/168/7522 1696/169/7523 2847/169/7524
f 2847/169/7525 1696/169/7526 4556/169/7527 1127/169/7528
f 1696/169/7529 3765/169/7530 276/169/7531 4556/169/7532
f 2848/168/7533 731/168/7534 3765/169/7535 1696/169/7536
f 730/170/7537 3762/170/7538 1697/171/7539 2849/171/7540
f 2849/171/7541 1697/171/7542 2848/168/7543 443/168/7544
f 1697/171/7545 3764/171/7546 731/168/7547 2848/168/7548
f 3762/170/7549 121/170/7550 3764/171/7551 1697/171/7552
f 121/170/7553 3766/170/7554 1698/171/7555 3764/171/7556
f 3764/171/7557 1698/171/7558 2850/168/7559 731/168/7560
f 1698/171/7561 2853/171/7562 444/168/7563 2850/168/7564
f 3766/170/7565 732/170/7566 2853/171/7567 1698/171/7568
f 731/168/7569 2850/168/7570 1699/169/7571 3765/169/7572
f 3765/169/7573 1699/169/7574 4554/169/7575 276/169/7576
f 1699/169/7577 2851/169/7578 1126/169/7579 4554/169/7580
f 2850/168/7581 444/168/7582 2851/169/7583 1699/169/7584
f 444/168/7585 2852/168/7586 1700/169/7587 2851/169/7588
f 2851/169/7589 1700/169/7590 4555/169/7591 1126/169/7592
f 1700/169/7593 4225/169/7594 67/169/7595 4555/169/7596
f 2852/168/7597 961/168/7598 4225/169/7599 1700/169/7600
f 732/170/7601 3767/170/7602 1701/171/7603 2853/171/7604
f 2853/171/7605 1701/171/7606 2852/168/7607 444/168/7608
f 1701/171/7609 4224/171/7610 961/168/7611 2852/168/7612
f 3767/170/7613 193/170/7614 4224/171/7615 1701/171/7616
f 192/182/7617 4218/182/7618 1702/183/7619 3769/183/7620
f 3769/183/7621 1702/183/7622 2854/180/7623 733/180/7624
f 1702/183/7625 2857/183/7626 445/180/7627 2854/180/7628
f 4218/182/7629 958/182/7630 2857/183/7631 1702/183/7632
f 733/180/7633 2854/180/7634 1703/181/7635 3768/181/7636
f 3768/181/7637 1703/181/7638 3766/170/7639 121/170/7640
f 1703/181/7641 2855/181/7642 732/170/7643 3766/170/7644
f 2854/180/7645 445/180/7646 2855/181/7647 1703/181/7648
f 445/180/7649 2856/180/7650 1704/181/7651 2855/181/7652
f 2855/181/7653 1704/181/7654 3767/170/7655 732/170/7656
f 1704/181/7657 4222/181/7658 193/170/7659 3767/170/7660
f 2856/180/7661 960/180/7662 4222/181/7663 1704/181/7664
f 958/182/7665 4219/182/7666 1705/183/7667 2857/183/7668
f 2857/183/7669 1705/183/7670 2856/180/7671 445/180/7672
f 1705/183/7673 4223/183/7674 960/180/7675 2856/180/7676
f 4219/182/7677 36/182/7678 4223/183/7679 1705/183/7680
f 36/182/7681 4227/182/7682 1706/183/7683 4223/183/7684
f 4223/183/7685 1706/183/7686 2858/180/7687 960/180/7688
f 1706/183/7689 2861/183/7690 446/180/7691 2858/180/7692
f 4227/182/7693 962/182/7694 2861/183/7695 1706/183/7696
f 960/180/7697 2858/180/7698 1707/181/7699 4222/181/7700
f 4222/181/7701 1707/181/7702 3771/170/7703 193/170/7704
f 1707/181/7705 2859/181/7706 734/170/7707 3771/170/7708
f 2858/180/7709 446/180/7710 2859/181/7711 1707/181/7712
f 446/180/7713 2860/180/7714 1708/181/7715 2859/181/7716
f 2859/181/7717 1708/181/7718 3770/170/7719 734/170/7720
f 1708/181/7721 3776/181/7722 122/170/7723 3770/170/7724
f 2860/180/7725 737/180/7726 3776/181/7727 1708/181/7728
f 962/182/7729 4226/182/7730 1709/183/7731 2861/183/7732
f 2861/183/7733 1709/183/7734 2860/180/7735 446/180/7736
f 1709/183/7737 3777/183/7738 737/180/7739 2860/180/7740
f 4226/182/7741 194/182/7742 3777/183/7743 1709/183/7744
f 193/170/7745 3771/170/7746 1710/171/7747 4224/171/7748
f 4224/171/7749 1710/171/7750 2862/168/7751 961/168/7752
f 1710/171/7753 2865/171/7754 447/168/7755 2862/168/7756
f 3771/170/7757 734/170/7758 2865/171/7759 1710/171/7760
f 961/168/7761 2862/168/7762 1711/169/7763 4225/169/7764
f 4225/169/7765 1711/169/7766 4559/169/7767 67/169/7768
f 1711/169/7769 2863/169/7770 1128/169/7771 4559/169/7772
f 2862/168/7773 447/168/7774 2863/169/7775 1711/169/7776
f 447/168/7777 2864/168/7778 1712/169/7779 2863/169/7780
f 2863/169/7781 1712/169/7782 4558/169/7783 1128/169/7784
f 1712/169/7785 3773/169/7786 277/169/7787 4558/169/7788
f 2864/168/7789 735/168/7790 3773/169/7791 1712/169/7792
f 734/170/7793 3770/170/7794 1713/171/7795 2865/171/7796
f 2865/171/7797 1713/171/7798 2864/168/7799 447/168/7800
f 1713/171/7801 3772/171/7802 735/168/7803 2864/168/7804
f 3770/170/7805 122/170/7806 3772/171/7807 1713/171/7808
f 122/170/7809 3774/170/7810 1714/171/7811 3772/171/7812
f 3772/171/7813 1714/171/7814 2866/168/7815 735/168/7816
f 1714/171/7817 2869/171/7818 448/168/7819 2866/168/7820
f 3774/170/7821 736/170/7822 2869/171/7823 1714/171/7824
f 735/168/7825 2866/168/7826 1715/169/7827 3773/169/7828
f 3773/169/7829 1715/169/7830 4560/169/7831 277/169/7832
f 1715/169/7833 2867/169/7834 1129/169/7835 4560/169/7836
f 2866/168/7837 448/168/7838 2867/169/7839 1715/169/7840
f 448/168/7841 2868/168/7842 1716/169/7843 2867/169/7844
f 2867/169/7845 1716/169/7846 4561/169/7847 1129/169/7848
f 1716/169/7849 4565/169/7850 15/169/7851 4561/169/7852
f 2868/168/7853 1131/168/7854 4565/169/7855 1716/169/7856
f 736/170/7857 3775/170/7858 1717/171/7859 2869/171/7860
f 2869/171/7861 1717/171/7862 2868/168/7863 448/168/7864
f 1717/171/7865 4564/171/7866 1131/168/7867 2868/168/7868
f 3775/170/7869 278/170/7870 4564/171/7871 1717/171/7872
f 194/182/7873 4228/182/7874 1718/183/7875 3777/183/7876
f 3777/183/7877 1718/183/7878 2870/180/7879 737/180/7880
f 1718/183/7881 2873/183/7882 449/180/7883 2870/180/7884
f 4228/182/7885 963/182/7886 2873/183/7887 1718/183/7888
f 737/180/7889 2870/180/7890 1719/181/7891 3776/181/7892
f 3776/181/7893 1719/181/7894 3774/170/7895 122/170/7896
f 1719/181/7897 2871/181/7898 736/170/7899 3774/170/7900
f 2870/180/7901 449/180/7902 2871/181/7903 1719/181/7904
f 449/180/7905 2872/180/7906 1720/181/7907 2871/181/7908
f 2871/181/7909 1720/181/7910 3775/170/7911 736/170/7912
f 1720/181/7913 4562/181/7914 278/170/7915 3775/170/7916
f 2872/180/7917 1130/180/7918 4562/181/7919 1720/181/7920
f 963/182/7921 4229/182/7922 1721/183/7923 2873/183/7924
f 2873/183/7925 1721/183/7926 2872/180/7927 449/180/7928
f 1721/183/7929 4563/183/7930 1130/180/7931 2872/180/7932
f 4229/182/7933 68/182/7934 4563/183/7935 1721/183/7936
f 64/29/7937 4535/29/7938 1722/29/7939 4233/29/7940
f 4233/29/7941 1722/29/7942 2874/224/7943 965/224/7944
f 1722/29/7945 2877/29/7946 450/224/7947 2874/224/7948
f 4535/29/7949 1116/29/7950 2877/29/7951 1722/29/7952
f 965/224/7953 2874/224/7954 1723/225/7955 4232/225/7956
f 4232/225/7957 1723/225/7958 3779/218/7959 195/218/7960
f 1723/225/7961 2875/225/7962 738/218/7963 3779/218/7964
f 2874/224/7965 450/224/7966 2875/225/7967 1723/225/7968
f 450/224/7969 2876/224/7970 1724/225/7971 2875/225/7972
f 2875/225/7973 1724/225/7974 3778/218/7975 738/218/7976
f 1724/225/7977 3784/225/7978 123/218/7979 3778/218/7980
f 2876/224/7981 741/224/7982 3784/225/7983 1724/225/7984
f 1116/29/7985 4534/29/7986 1725/29/7987 2877/29/7988
f 2877/29/7989 1725/29/7990 2876/224/7991 450/224/7992
f 1725/29/7993 3785/29/7994 741/224/7995 2876/224/7996
f 4534/29/7997 271/29/7998 3785/29/7999 1725/29/8000
f 195/218/8001 3779/218/8002 1726/219/8003 4230/219/8004
f 4230/219/8005 1726/219/8006 2878/216/8007 964/216/8008
f 1726/219/8009 2881/219/8010 451/216/8011 2878/216/8012
f 3779/218/8013 738/218/8014 2881/219/8015 1726/219/8016
f 964/216/8017 2878/216/8018 1727/217/8019 4231/217/8020
f 4231/217/8021 1727/217/8022 4227/182/8023 36/182/8024
f 1727/217/8025 2879/217/8026 962/182/8027 4227/182/8028
f 2878/216/8029 451/216/8030 2879/217/8031 1727/217/8032
f 451/216/8033 2880/216/8034 1728/217/8035 2879/217/8036
f 2879/217/8037 1728/217/8038 4226/182/8039 962/182/8040
f 1728/217/8041 3781/217/8042 194/182/8043 4226/182/8044
f 2880/216/8045 739/216/8046 3781/217/8047 1728/217/8048
f 738/218/8049 3778/218/8050 1729/219/8051 2881/219/8052
f 2881/219/8053 1729/219/8054 2880/216/8055 451/216/8056
f 1729/219/8057 3780/219/8058 739/216/8059 2880/216/8060
f 3778/218/8061 123/218/8062 3780/219/8063 1729/219/8064
f 123/218/8065 3782/218/8066 1730/219/8067 3780/219/8068
f 3780/219/8069 1730/219/8070 2882/216/8071 739/216/8072
f 1730/219/8073 2885/219/8074 452/216/8075 2882/216/8076
f 3782/218/8077 740/218/8078 2885/219/8079 1730/219/8080
f 739/216/8081 2882/216/8082 1731/217/8083 3781/217/8084
f 3781/217/8085 1731/217/8086 4228/182/8087 194/182/8088
f 1731/217/8089 2883/217/8090 963/182/8091 4228/182/8092
f 2882/216/8093 452/216/8094 2883/217/8095 1731/217/8096
f 452/216/8097 2884/216/8098 1732/217/8099 2883/217/8100
f 2883/217/8101 1732/217/8102 4229/182/8103 963/182/8104
f 1732/217/8105 4567/217/8106 68/182/8107 4229/182/8108
f 2884/216/8109 1132/216/8110 4567/217/8111 1732/217/8112
f 740/218/8113 3783/218/8114 1733/219/8115 2885/219/8116
f 2885/219/8117 1733/219/8118 2884/216/8119 452/216/8120
f 1733/219/8121 4566/219/8122 1132/216/8123 2884/216/8124
f 3783/218/8125 279/218/8126 4566/219/8127 1733/219/8128
f 271/29/8129 4536/29/8130 1734/29/8131 3785/29/8132
f 3785/29/8133 1734/29/8134 2886/224/8135 741/224/8136
f 1734/29/8137 2889/29/8138 453/224/8139 2886/224/8140
f 4536/29/8141 1117/29/8142 2889/29/8143 1734/29/8144
f 741/224/8145 2886/224/8146 1735/225/8147 3784/225/8148
f 3784/225/8149 1735/225/8150 3782/218/8151 123/218/8152
f 1735/225/8153 2887/225/8154 740/218/8155 3782/218/8156
f 2886/224/8157 453/224/8158 2887/225/8159 1735/225/8160
f 453/224/8161 2888/224/8162 1736/225/8163 2887/225/8164
f 2887/225/8165 1736/225/8166 3783/218/8167 740/218/8168
f 1736/225/8169 4568/225/8170 279/218/8171 3783/218/8172
f 2888/224/8173 1133/224/8174 4568/225/8175 1736/225/8176
f 1117/29/8177 4537/29/8178 1737/29/8179 2889/29/8180
f 2889/29/8181 1737/29/8182 2888/224/8183 453/224/8184
f 1737/29/8185 4569/29/8186 1133/224/8187 2888/224/8188
f 4537/29/8189 14/29/8190 4569/29/8191 1737/29/8192
f 11/169/8193 4557/169/8194 1738/169/8195 4529/169/8196
f 4529/169/8197 1738/169/8198 2890/169/8199 1113/169/8200
f 1738/169/8201 2893/169/8202 454/169/8203 2890/169/8204
f 4557/169/8205 1127/169/8206 2893/169/8207 1738/169/8208
f 1113/169/8209 2890/169/8210 1739/169/8211 4528/169/8212
f 4528/169/8213 1739/169/8214 3787/169/8215 269/169/8216
f 1739/169/8217 2891/169/8218 742/169/8219 3787/169/8220
f 2890/169/8221 454/169/8222 2891/169/8223 1739/169/8224
f 454/169/8225 2892/169/8226 1740/169/8227 2891/169/8228
f 2891/169/8229 1740/169/8230 3786/169/8231 742/169/8232
f 1740/169/8233 3792/169/8234 124/169/8235 3786/169/8236
f 2892/169/8237 745/169/8238 3792/169/8239 1740/169/8240
f 1127/169/8241 4556/169/8242 1741/169/8243 2893/169/8244
f 2893/169/8245 1741/169/8246 2892/169/8247 454/169/8248
f 1741/169/8249 3793/169/8250 745/169/8251 2892/169/8252
f 4556/169/8253 276/169/8254 3793/169/8255 1741/169/8256
f 269/169/8257 3787/169/8258 1742/169/8259 4526/169/8260
f 4526/169/8261 1742/169/8262 2894/169/8263 1112/169/8264
f 1742/169/8265 2897/169/8266 455/169/8267 2894/169/8268
f 3787/169/8269 742/169/8270 2897/169/8271 1742/169/8272
f 1112/169/8273 2894/169/8274 1743/169/8275 4527/169/8276
f 4527/169/8277 1743/169/8278 4237/169/8279 63/169/8280
f 1743/169/8281 2895/169/8282 967/169/8283 4237/169/8284
f 2894/169/8285 455/169/8286 2895/169/8287 1743/169/8288
f 455/169/8289 2896/169/8290 1744/169/8291 2895/169/8292
f 2895/169/8293 1744/169/8294 4236/169/8295 967/169/8296
f 1744/169/8297 3789/169/8298 196/169/8299 4236/169/8300
f 2896/169/8301 743/169/8302 3789/169/8303 1744/169/8304
f 742/169/8305 3786/169/8306 1745/169/8307 2897/169/8308
f 2897/169/8309 1745/169/8310 2896/169/8311 455/169/8312
f 1745/169/8313 3788/169/8314 743/169/8315 2896/169/8316
f 3786/169/8317 124/169/8318 3788/169/8319 1745/169/8320
f 124/169/8321 3790/169/8322 1746/169/8323 3788/169/8324
f 3788/169/8325 1746/169/8326 2898/169/8327 743/169/8328
f 1746/169/8329 2901/169/8330 456/169/8331 2898/169/8332
f 3790/169/8333 744/169/8334 2901/169/8335 1746/169/8336
f 743/169/8337 2898/169/8338 1747/169/8339 3789/169/8340
f 3789/169/8341 1747/169/8342 4234/169/8343 196/169/8344
f 1747/169/8345 2899/169/8346 966/169/8347 4234/169/8348
f 2898/169/8349 456/169/8350 2899/169/8351 1747/169/8352
f 456/169/8353 2900/169/8354 1748/169/8355 2899/169/8356
f 2899/169/8357 1748/169/8358 4235/169/8359 966/169/8360
f 1748/169/8361 4247/169/8362 37/169/8363 4235/169/8364
f 2900/169/8365 972/169/8366 4247/169/8367 1748/169/8368
f 744/169/8369 3791/169/8370 1749/169/8371 2901/169/8372
f 2901/169/8373 1749/169/8374 2900/169/8375 456/169/8376
f 1749/169/8377 4246/169/8378 972/169/8379 2900/169/8380
f 3791/169/8381 199/169/8382 4246/169/8383 1749/169/8384
f 276/169/8385 4554/169/8386 1750/169/8387 3793/169/8388
f 3793/169/8389 1750/169/8390 2902/169/8391 745/169/8392
f 1750/169/8393 2905/169/8394 457/169/8395 2902/169/8396
f 4554/169/8397 1126/169/8398 2905/169/8399 1750/169/8400
f 745/169/8401 2902/169/8402 1751/169/8403 3792/169/8404
f 3792/169/8405 1751/169/8406 3790/169/8407 124/169/8408
f 1751/169/8409 2903/169/8410 744/169/8411 3790/169/8412
f 2902/169/8413 457/169/8414 2903/169/8415 1751/169/8416
f 457/169/8417 2904/169/8418 1752/169/8419 2903/169/8420
f 2903/169/8421 1752/169/8422 3791/169/8423 744/169/8424
f 1752/169/8425 4248/169/8426 199/169/8427 3791/169/8428
f 2904/169/8429 973/169/8430 4248/169/8431 1752/169/8432
f 1126/169/8433 4555/169/8434 1753/169/8435 2905/169/8436
f 2905/169/8437 1753/169/8438 2904/169/8439 457/169/8440
f 1753/169/8441 4249/169/8442 973/169/8443 2904/169/8444
f 4555/169/8445 67/169/8446 4249/169/8447 1753/169/8448
f 63/169/8449 4237/169/8450 1754/169/8451 4523/169/8452
f 4523/169/8453 1754/169/8454 2906/169/8455 1110/169/8456
f 1754/169/8457 2909/169/8458 458/169/8459 2906/169/8460
f 4237/169/8461 967/169/8462 2909/169/8463 1754/169/8464
f 1110/169/8465 2906/169/8466 1755/169/8467 4522/169/8468
f 4522/169/8469 1755/169/8470 3795/169/8471 268/169/8472
f 1755/169/8473 2907/169/8474 746/169/8475 3795/169/8476
f 2906/169/8477 458/169/8478 2907/169/8479 1755/169/8480
f 458/169/8481 2908/169/8482 1756/169/8483 2907/169/8484
f 2907/169/8485 1756/169/8486 3794/169/8487 746/169/8488
f 1756/169/8489 3800/169/8490 125/169/8491 3794/169/8492
f 2908/169/8493 749/169/8494 3800/169/8495 1756/169/8496
f 967/169/8497 4236/169/8498 1757/169/8499 2909/169/8500
f 2909/169/8501 1757/169/8502 2908/169/8503 458/169/8504
f 1757/169/8505 3801/169/8506 749/169/8507 2908/169/8508
f 4236/169/8509 196/169/8510 3801/169/8511 1757/169/8512
f 268/169/8513 3795/169/8514 1758/169/8515 4524/169/8516
f 4524/169/8517 1758/169/8518 2910/169/8519 1111/169/8520
f 1758/169/8521 2913/169/8522 459/169/8523 2910/169/8524
f 3795/169/8525 746/169/8526 2913/169/8527 1758/169/8528
f 1111/169/8529 2910/169/8530 1759/169/8531 4525/169/8532
f 4525/169/8533 1759/169/8534 4573/169/8535 12/169/8536
f 1759/169/8537 2911/169/8538 1135/169/8539 4573/169/8540
f 2910/169/8541 459/169/8542 2911/169/8543 1759/169/8544
f 459/169/8545 2912/169/8546 1760/169/8547 2911/169/8548
f 2911/169/8549 1760/169/8550 4572/169/8551 1135/169/8552
f 1760/169/8553 3797/169/8554 280/169/8555 4572/169/8556
f 2912/169/8557 747/169/8558 3797/169/8559 1760/169/8560
f 746/169/8561 3794/169/8562 1761/169/8563 2913/169/8564
f 2913/169/8565 1761/169/8566 2912/169/8567 459/169/8568
f 1761/169/8569 3796/169/8570 747/169/8571 2912/169/8572
f 3794/169/8573 125/169/8574 3796/169/8575 1761/169/8576
f 125/169/8577 3798/169/8578 1762/169/8579 3796/169/8580
f 3796/169/8581 1762/169/8582 2914/169/8583 747/169/8584
f 1762/169/8585 2917/169/8586 460/169/8587 2914/169/8588
f 3798/169/8589 748/169/8590 2917/169/8591 1762/169/8592
f 747/169/8593 2914/169/8594 1763/169/8595 3797/169/8596
f 3797/169/8597 1763/169/8598 4570/169/8599 280/169/8600
f 1763/169/8601 2915/169/8602 1134/169/8603 4570/169/8604
f 2914/169/8605 460/169/8606 2915/169/8607 1763/169/8608
f 460/169/8609 2916/169/8610 1764/169/8611 2915/169/8612
f 2915/169/8613 1764/169/8614 4571/169/8615 1134/169/8616
f 1764/169/8617 4241/169/8618 69/169/8619 4571/169/8620
f 2916/169/8621 969/169/8622 4241/169/8623 1764/169/8624
f 748/169/8625 3799/169/8626 1765/169/8627 2917/169/8628
f 2917/169/8629 1765/169/8630 2916/169/8631 460/169/8632
f 1765/169/8633 4240/169/8634 969/169/8635 2916/169/8636
f 3799/169/8637 197/169/8638 4240/169/8639 1765/169/8640
f 196/169/8641 4234/169/8642 1766/169/8643 3801/169/8644
f 3801/169/8645 1766/169/8646 2918/169/8647 749/169/8648
f 1766/169/8649 2921/169/8650 461/169/8651 2918/169/8652
f 4234/169/8653 966/169/8654 2921/169/8655 1766/169/8656
f 749/169/8657 2918/169/8658 1767/169/8659 3800/169/8660
f 3800/169/8661 1767/169/8662 3798/169/8663 125/169/8664
f 1767/169/8665 2919/169/8666 748/169/8667 3798/169/8668
f 2918/169/8669 461/169/8670 2919/169/8671 1767/169/8672
f 461/169/8673 2920/169/8674 1768/169/8675 2919/169/8676
f 2919/169/8677 1768/169/8678 3799/169/8679 748/169/8680
f 1768/169/8681 4238/169/8682 197/169/8683 3799/169/8684
f 2920/169/8685 968/169/8686 4238/169/8687 1768/169/8688
f 966/169/8689 4235/169/8690 1769/169/8691 2921/169/8692
f 2921/169/8693 1769/169/8694 2920/169/8695 461/169/8696
f 1769/169/8697 4239/169/8698 968/169/8699 2920/169/8700
f 4235/169/8701 37/169/8702 4239/169/8703 1769/169/8704
f 37/169/8705 4243/169/8706 1770/169/8707 4239/169/8708
f 4239/169/8709 1770/169/8710 2922/169/8711 968/169/8712
f 1770/169/8713 2925/169/8714 462/169/8715 2922/169/8716
f 4243/169/8717 970/169/8718 2925/169/8719 1770/169/8720
f 968/169/8721 2922/169/8722 1771/169/8723 4238/169/8724
f 4238/169/8725 1771/169/8726 3803/169/8727 197/169/8728
f 1771/169/8729 2923/169/8730 750/169/8731 3803/169/8732
f 2922/169/8733 462/169/8734 2923/169/8735 1771/169/8736
f 462/169/8737 2924/169/8738 1772/169/8739 2923/169/8740
f 2923/169/8741 1772/169/8742 3802/169/8743 750/169/8744
f 1772/169/8745 3808/169/8746 126/169/8747 3802/169/8748
f 2924/169/8749 753/169/8750 3808/169/8751 1772/169/8752
f 970/169/8753 4242/169/8754 1773/169/8755 2925/169/8756
f 2925/169/8757 1773/169/8758 2924/169/8759 462/169/8760
f 1773/169/8761 3809/169/8762 753/169/8763 2924/169/8764
f 4242/169/8765 198/169/8766 3809/169/8767 1773/169/8768
f 197/169/8769 3803/169/8770 1774/169/8771 4240/169/8772
f 4240/169/8773 1774/169/8774 2926/169/8775 969/169/8776
f 1774/169/8777 2929/169/8778 463/169/8779 2926/169/8780
f 3803/169/8781 750/169/8782 2929/169/8783 1774/169/8784
f 969/169/8785 2926/169/8786 1775/169/8787 4241/169/8788
f 4241/169/8789 1775/169/8790 4575/169/8791 69/169/8792
f 1775/169/8793 2927/169/8794 1136/169/8795 4575/169/8796
f 2926/169/8797 463/169/8798 2927/169/8799 1775/169/8800
f 463/169/8801 2928/169/8802 1776/169/8803 2927/169/8804
f 2927/169/8805 1776/169/8806 4574/169/8807 1136/169/8808
f 1776/169/8809 3805/169/8810 281/169/8811 4574/169/8812
f 2928/169/8813 751/169/8814 3805/169/8815 1776/169/8816
f 750/169/8817 3802/169/8818 1777/169/8819 2929/169/8820
f 2929/169/8821 1777/169/8822 2928/169/8823 463/169/8824
f 1777/169/8825 3804/169/8826 751/169/8827 2928/169/8828
f 3802/169/8829 126/169/8830 3804/169/8831 1777/169/8832
f 126/169/8833 3806/169/8834 1778/169/8835 3804/169/8836
f 3804/169/8837 1778/169/8838 2930/169/8839 751/169/8840
f 1778/169/8841 2933/169/8842 464/169/8843 2930/169/8844
f 3806/169/8845 752/169/8846 2933/169/8847 1778/169/8848
f 751/169/8849 2930/169/8850 1779/169/8851 3805/169/8852
f 3805/169/8853 1779/169/8854 4576/169/8855 281/169/8856
f 1779/169/8857 2931/169/8858 1137/169/8859 4576/169/8860
f 2930/169/8861 464/169/8862 2931/169/8863 1779/169/8864
f 464/169/8865 2932/169/8866 1780/169/8867 2931/169/8868
f 2931/169/8869 1780/169/8870 4577/169/8871 1137/169/8872
f 1780/169/8873 4581/169/8874 16/169/8875 4577/169/8876
f 2932/169/8877 1139/169/8878 4581/169/8879 1780/169/8880
f 752/169/8881 3807/169/8882 1781/169/8883 2933/169/8884
f 2933/169/8885 1781/169/8886 2932/169/8887 464/169/8888
f 1781/169/8889 4580/169/8890 1139/169/8891 2932/169/8892
f 3807/169/8893 282/169/8894 4580/169/8895 1781/169/8896
f 198/169/8897 4244/169/8898 1782/169/8899 3809/169/8900
f 3809/169/8901 1782/169/8902 2934/169/8903 753/169/8904
f 1782/169/8905 2937/169/8906 465/169/8907 2934/169/8908
f 4244/169/8909 971/169/8910 2937/169/8911 1782/169/8912
f 753/169/8913 2934/169/8914 1783/169/8915 3808/169/8916
f 3808/169/8917 1783/169/8918 3806/169/8919 126/169/8920
f 1783/169/8921 2935/169/8922 752/169/8923 3806/169/8924
f 2934/169/8925 465/169/8926 2935/169/8927 1783/169/8928
f 465/169/8929 2936/169/8930 1784/169/8931 2935/169/8932
f 2935/169/8933 1784/169/8934 3807/169/8935 752/169/8936
f 1784/169/8937 4578/169/8938 282/169/8939 3807/169/8940
f 2936/169/8941 1138/169/8942 4578/169/8943 1784/169/8944
f 971/169/8945 4245/169/8946 1785/169/8947 2937/169/8948
f 2937/169/8949 1785/169/8950 2936/169/8951 465/169/8952
f 1785/169/8953 4579/169/8954 1138/169/8955 2936/169/8956
f 4245/169/8957 70/169/8958 4579/169/8959 1785/169/8960
f 67/169/8961 4559/169/8962 1786/169/8963 4249/169/8964
f 4249/169/8965 1786/169/8966 2938/169/8967 973/169/8968
f 1786/169/8969 2941/169/8970 466/169/8971 2938/169/8972
f 4559/169/8973 1128/169/8974 2941/169/8975 1786/169/8976
f 973/169/8977 2938/169/8978 1787/169/8979 4248/169/8980
f 4248/169/8981 1787/169/8982 3811/169/8983 199/169/8984
f 1787/169/8985 2939/169/8986 754/169/8987 3811/169/8988
f 2938/169/8989 466/169/8990 2939/169/8991 1787/169/8992
f 466/169/8993 2940/169/8994 1788/169/8995 2939/169/8996
f 2939/169/8997 1788/169/8998 3810/169/8999 754/169/9000
f 1788/169/9001 3816/169/9002 127/169/9003 3810/169/9004
f 2940/169/9005 757/169/9006 3816/169/9007 1788/169/9008
f 1128/169/9009 4558/169/9010 1789/169/9011 2941/169/9012
f 2941/169/9013 1789/169/9014 2940/169/9015 466/169/9016
f 1789/169/9017 3817/169/9018 757/169/9019 2940/169/9020
f 4558/169/9021 277/169/9022 3817/169/9023 1789/169/9024
f 199/169/9025 3811/169/9026 1790/169/9027 4246/169/9028
f 4246/169/9029 1790/169/9030 2942/169/9031 972/169/9032
f 1790/169/9033 2945/169/9034 467/169/9035 2942/169/9036
f 3811/169/9037 754/169/9038 2945/169/9039 1790/169/9040
f 972/169/9041 2942/169/9042 1791/169/9043 4247/169/9044
f 4247/169/9045 1791/169/9046 4243/169/9047 37/169/9048
f 1791/169/9049 2943/169/9050 970/169/9051 4243/169/9052
f 2942/169/9053 467/169/9054 2943/169/9055 1791/169/9056
f 467/169/9057 2944/169/9058 1792/169/9059 2943/169/9060
f 2943/169/9061 1792/169/9062 4242/169/9063 970/169/9064
f 1792/169/9065 3813/169/9066 198/169/9067 4242/169/9068
f 2944/169/9069 755/169/9070 3813/169/9071 1792/169/9072
f 754/169/9073 3810/169/9074 1793/169/9075 2945/169/9076
f 2945/169/9077 1793/169/9078 2944/169/9079 467/169/9080
f 1793/169/9081 3812/169/9082 755/169/9083 2944/169/9084
f 3810/169/9085 127/169/9086 3812/169/9087 1793/169/9088
f 127/169/9089 3814/169/9090 1794/169/9091 3812/169/9092
f 3812/169/9093 1794/169/9094 2946/169/9095 755/169/9096
f 1794/169/9097 2949/169/9098 468/169/9099 2946/169/9100
f 3814/169/9101 756/169/9102 2949/169/9103 1794/169/9104
f 755/169/9105 2946/169/9106 1795/169/9107 3813/169/9108
f 3813/169/9109 1795/169/9110 4244/169/9111 198/169/9112
f 1795/169/9113 2947/169/9114 971/169/9115 4244/169/9116
f 2946/169/9117 468/169/9118 2947/169/9119 1795/169/9120
f 468/169/9121 2948/169/9122 1796/169/9123 2947/169/9124
f 2947/169/9125 1796/169/9126 4245/169/9127 971/169/9128
f 1796/169/9129 4583/169/9130 70/169/9131 4245/169/9132
f 2948/169/9133 1140/169/9134 4583/169/9135 1796/169/9136
f 756/169/9137 3815/169/9138 1797/169/9139 2949/169/9140
f 2949/169/9141 1797/169/9142 2948/169/9143 468/169/9144
f 1797/169/9145 4582/169/9146 1140/169/9147 2948/169/9148
f 3815/169/9149 283/169/9150 4582/169/9151 1797/169/9152
f 277/169/9153 4560/169/9154 1798/169/9155 3817/169/9156
f 3817/169/9157 1798/169/9158 2950/169/9159 757/169/9160
f 1798/169/9161 2953/169/9162 469/169/9163 2950/169/9164
f 4560/169/9165 1129/169/9166 2953/169/9167 1798/169/9168
f 757/169/9169 2950/169/9170 1799/169/9171 3816/169/9172
f 3816/169/9173 1799/169/9174 3814/169/9175 127/169/9176
f 1799/169/9177 2951/169/9178 756/169/9179 3814/169/9180
f 2950/169/9181 469/169/9182 2951/169/9183 1799/169/9184
f 469/169/9185 2952/169/9186 1800/169/9187 2951/169/9188
f 2951/169/9189 1800/169/9190 3815/169/9191 756/169/9192
f 1800/169/9193 4584/169/9194 283/169/9195 3815/169/9196
f 2952/169/9197 1141/169/9198 4584/169/9199 1800/169/9200
f 1129/169/9201 4561/169/9202 1801/169/9203 2953/169/9204
f 2953/169/9205 1801/169/9206 2952/169/9207 469/169/9208
f 1801/169/9209 4585/169/9210 1141/169/9211 2952/169/9212
f 4561/169/9213 15/169/9214 4585/169/9215 1801/169/9216
f 16/169/9217 4609/169/9218 1802/169/9219 4577/169/9220
f 4577/169/9221 1802/169/9222 2954/169/9223 1137/169/9224
f 1802/169/9225 2957/169/9226 470/169/9227 2954/169/9228
f 4609/169/9229 1153/169/9230 2957/169/9231 1802/169/9232
f 1137/169/9233 2954/169/9234 1803/169/9235 4576/169/9236
f 4576/169/9237 1803/169/9238 3819/169/9239 281/169/9240
f 1803/169/9241 2955/169/9242 758/169/9243 3819/169/9244
f 2954/169/9245 470/169/9246 2955/169/9247 1803/169/9248
f 470/169/9249 2956/169/9250 1804/169/9251 2955/169/9252
f 2955/169/9253 1804/169/9254 3818/169/9255 758/169/9256
f 1804/169/9257 3824/169/9258 128/169/9259 3818/169/9260
f 2956/169/9261 761/169/9262 3824/169/9263 1804/169/9264
f 1153/169/9265 4608/169/9266 1805/169/9267 2957/169/9268
f 2957/169/9269 1805/169/9270 2956/169/9271 470/169/9272
f 1805/169/9273 3825/169/9274 761/169/9275 2956/169/9276
f 4608/169/9277 289/169/9278 3825/169/9279 1805/169/9280
f 281/169/9281 3819/169/9282 1806/169/9283 4574/169/9284
f 4574/169/9285 1806/169/9286 2958/169/9287 1136/169/9288
f 1806/169/9289 2961/169/9290 471/169/9291 2958/169/9292
f 3819/169/9293 758/169/9294 2961/169/9295 1806/169/9296
f 1136/169/9297 2958/169/9298 1807/169/9299 4575/169/9300
f 4575/169/9301 1807/169/9302 4253/169/9303 69/169/9304
f 1807/169/9305 2959/169/9306 975/169/9307 4253/169/9308
f 2958/169/9309 471/169/9310 2959/169/9311 1807/169/9312
f 471/169/9313 2960/169/9314 1808/169/9315 2959/169/9316
f 2959/169/9317 1808/169/9318 4252/169/9319 975/169/9320
f 1808/169/9321 3821/169/9322 200/169/9323 4252/169/9324
f 2960/169/9325 759/169/9326 3821/169/9327 1808/169/9328
f 758/169/9329 3818/169/9330 1809/169/9331 2961/169/9332
f 2961/169/9333 1809/169/9334 2960/169/9335 471/169/9336
f 1809/169/9337 3820/169/9338 759/169/9339 2960/169/9340
f 3818/169/9341 128/169/9342 3820/169/9343 1809/169/9344
f 128/169/9345 3822/169/9346 1810/169/9347 3820/169/9348
f 3820/169/9349 1810/169/9350 2962/169/9351 759/169/9352
f 1810/169/9353 2965/169/9354 472/169/9355 2962/169/9356
f 3822/169/9357 760/169/9358 2965/169/9359 1810/169/9360
f 759/169/9361 2962/169/9362 1811/169/9363 3821/169/9364
f 3821/169/9365 1811/169/9366 4250/169/9367 200/169/9368
f 1811/169/9369 2963/169/9370 974/169/9371 4250/169/9372
f 2962/169/9373 472/169/9374 2963/169/9375 1811/169/9376
f 472/169/9377 2964/169/9378 1812/169/9379 2963/169/9380
f 2963/169/9381 1812/169/9382 4251/169/9383 974/169/9384
f 1812/169/9385 4263/169/9386 38/169/9387 4251/169/9388
f 2964/169/9389 980/169/9390 4263/169/9391 1812/169/9392
f 760/169/9393 3823/169/9394 1813/169/9395 2965/169/9396
f 2965/169/9397 1813/169/9398 2964/169/9399 472/169/9400
f 1813/169/9401 4262/169/9402 980/169/9403 2964/169/9404
f 3823/169/9405 203/169/9406 4262/169/9407 1813/169/9408
f 289/169/9409 4606/169/9410 1814/169/9411 3825/169/9412
f 3825/169/9413 1814/169/9414 2966/169/9415 761/169/9416
f 1814/169/9417 2969/169/9418 473/169/9419 2966/169/9420
f 4606/169/9421 1152/169/9422 2969/169/9423 1814/169/9424
f 761/169/9425 2966/169/9426 1815/169/9427 3824/169/9428
f 3824/169/9429 1815/169/9430 3822/169/9431 128/169/9432
f 1815/169/9433 2967/169/9434 760/169/9435 3822/169/9436
f 2966/169/9437 473/169/9438 2967/169/9439 1815/169/9440
f 473/169/9441 2968/169/9442 1816/169/9443 2967/169/9444
f 2967/169/9445 1816/169/9446 3823/169/9447 760/169/9448
f 1816/169/9449 4264/169/9450 203/169/9451 3823/169/9452
f 2968/169/9453 981/169/9454 4264/169/9455 1816/169/9456
f 1152/169/9457 4607/169/9458 1817/169/9459 2969/169/9460
f 2969/169/9461 1817/169/9462 2968/169/9463 473/169/9464
f 1817/169/9465 4265/169/9466 981/169/9467 2968/169/9468
f 4607/169/9469 73/169/9470 4265/169/9471 1817/169/9472
f 69/169/9473 4253/169/9474 1818/169/9475 4571/169/9476
f 4571/169/9477 1818/169/9478 2970/169/9479 1134/169/9480
f 1818/169/9481 2973/169/9482 474/169/9483 2970/169/9484
f 4253/169/9485 975/169/9486 2973/169/9487 1818/169/9488
f 1134/169/9489 2970/169/9490 1819/169/9491 4570/169/9492
f 4570/169/9493 1819/169/9494 3827/169/9495 280/169/9496
f 1819/169/9497 2971/169/9498 762/169/9499 3827/169/9500
f 2970/169/9501 474/169/9502 2971/169/9503 1819/169/9504
f 474/169/9505 2972/169/9506 1820/169/9507 2971/169/9508
f 2971/169/9509 1820/169/9510 3826/169/9511 762/169/9512
f 1820/169/9513 3832/169/9514 129/169/9515 3826/169/9516
f 2972/169/9517 765/169/9518 3832/169/9519 1820/169/9520
f 975/169/9521 4252/169/9522 1821/169/9523 2973/169/9524
f 2973/169/9525 1821/169/9526 2972/169/9527 474/169/9528
f 1821/169/9529 3833/169/9530 765/169/9531 2972/169/9532
f 4252/169/9533 200/169/9534 3833/169/9535 1821/169/9536
f 280/169/9537 3827/169/9538 1822/169/9539 4572/169/9540
f 4572/169/9541 1822/169/9542 2974/169/9543 1135/169/9544
f 1822/169/9545 2977/169/9546 475/169/9547 2974/169/9548
f 3827/169/9549 762/169/9550 2977/169/9551 1822/169/9552
f 1135/169/9553 2974/169/9554 1823/169/9555 4573/169/9556
f 4573/169/9557 1823/169/9558 4589/169/9559 12/169/9560
f 1823/169/9561 2975/169/9562 1143/169/9563 4589/169/9564
f 2974/169/9565 475/169/9566 2975/169/9567 1823/169/9568
f 475/169/9569 2976/169/9570 1824/169/9571 2975/169/9572
f 2975/169/9573 1824/169/9574 4588/169/9575 1143/169/9576
f 1824/169/9577 3829/169/9578 284/169/9579 4588/169/9580
f 2976/169/9581 763/169/9582 3829/169/9583 1824/169/9584
f 762/169/9585 3826/169/9586 1825/169/9587 2977/169/9588
f 2977/169/9589 1825/169/9590 2976/169/9591 475/169/9592
f 1825/169/9593 3828/169/9594 763/169/9595 2976/169/9596
f 3826/169/9597 129/169/9598 3828/169/9599 1825/169/9600
f 129/169/9601 3830/169/9602 1826/169/9603 3828/169/9604
f 3828/169/9605 1826/169/9606 2978/169/9607 763/169/9608
f 1826/169/9609 2981/169/9610 476/169/9611 2978/169/9612
f 3830/169/9613 764/169/9614 2981/169/9615 1826/169/9616
f 763/169/9617 2978/169/9618 1827/169/9619 3829/169/9620
f 3829/169/9621 1827/169/9622 4586/169/9623 284/169/9624
f 1827/169/9625 2979/169/9626 1142/169/9627 4586/169/9628
f 2978/169/9629 476/169/9630 2979/169/9631 1827/169/9632
f 476/169/9633 2980/169/9634 1828/169/9635 2979/169/9636
f 2979/169/9637 1828/169/9638 4587/169/9639 1142/169/9640
f 1828/169/9641 4257/169/9642 71/169/9643 4587/169/9644
f 2980/169/9645 977/169/9646 4257/169/9647 1828/169/9648
f 764/169/9649 3831/169/9650 1829/169/9651 2981/169/9652
f 2981/169/9653 1829/169/9654 2980/169/9655 476/169/9656
f 1829/169/9657 4256/169/9658 977/169/9659 2980/169/9660
f 3831/169/9661 201/169/9662 4256/169/9663 1829/169/9664
f 200/169/9665 4250/169/9666 1830/169/9667 3833/169/9668
f 3833/169/9669 1830/169/9670 2982/169/9671 765/169/9672
f 1830/169/9673 2985/169/9674 477/169/9675 2982/169/9676
f 4250/169/9677 974/169/9678 2985/169/9679 1830/169/9680
f 765/169/9681 2982/169/9682 1831/169/9683 3832/169/9684
f 3832/169/9685 1831/169/9686 3830/169/9687 129/169/9688
f 1831/169/9689 2983/169/9690 764/169/9691 3830/169/9692
f 2982/169/9693 477/169/9694 2983/169/9695 1831/169/9696
f 477/169/9697 2984/169/9698 1832/169/9699 2983/169/9700
f 2983/169/9701 1832/169/9702 3831/169/9703 764/169/9704
f 1832/169/9705 4254/169/9706 201/169/9707 3831/169/9708
f 2984/169/9709 976/169/9710 4254/169/9711 1832/169/9712
f 974/169/9713 4251/169/9714 1833/169/9715 2985/169/9716
f 2985/169/9717 1833/169/9718 2984/169/9719 477/169/9720
f 1833/169/9721 4255/169/9722 976/169/9723 2984/169/9724
f 4251/169/9725 38/169/9726 4255/169/9727 1833/169/9728
f 38/169/9729 4259/169/9730 1834/169/9731 4255/169/9732
f 4255/169/9733 1834/169/9734 2986/169/9735 976/169/9736
f 1834/169/9737 2989/169/9738 478/169/9739 2986/169/9740
f 4259/169/9741 978/169/9742 2989/169/9743 1834/169/9744
f 976/169/9745 2986/169/9746 1835/169/9747 4254/169/9748
f 4254/169/9749 1835/169/9750 3835/169/9751 201/169/9752
f 1835/169/9753 2987/169/9754 766/169/9755 3835/169/9756
f 2986/169/9757 478/169/9758 2987/169/9759 1835/169/9760
f 478/169/9761 2988/169/9762 1836/169/9763 2987/169/9764
f 2987/169/9765 1836/169/9766 3834/169/9767 766/169/9768
f 1836/169/9769 3840/169/9770 130/169/9771 3834/169/9772
f 2988/169/9773 769/169/9774 3840/169/9775 1836/169/9776
f 978/169/9777 4258/169/9778 1837/169/9779 2989/169/9780
f 2989/169/9781 1837/169/9782 2988/169/9783 478/169/9784
f 1837/169/9785 3841/169/9786 769/169/9787 2988/169/9788
f 4258/169/9789 202/169/9790 3841/169/9791 1837/169/9792
f 201/169/9793 3835/169/9794 1838/169/9795 4256/169/9796
f 4256/169/9797 1838/169/9798 2990/169/9799 977/169/9800
f 1838/169/9801 2993/169/9802 479/169/9803 2990/169/9804
f 3835/169/9805 766/169/9806 2993/169/9807 1838/169/9808
f 977/169/9809 2990/169/9810 1839/169/9811 4257/169/9812
f 4257/169/9813 1839/169/9814 4591/169/9815 71/169/9816
f 1839/169/9817 2991/169/9818 1144/169/9819 4591/169/9820
f 2990/169/9821 479/169/9822 2991/169/9823 1839/169/9824
f 479/169/9825 2992/169/9826 1840/169/9827 2991/169/9828
f 2991/169/9829 1840/169/9830 4590/169/9831 1144/169/9832
f 1840/169/9833 3837/169/9834 285/169/9835 4590/169/9836
f 2992/169/9837 767/169/9838 3837/169/9839 1840/169/9840
f 766/169/9841 3834/169/9842 1841/169/9843 2993/169/9844
f 2993/169/9845 1841/169/9846 2992/169/9847 479/169/9848
f 1841/169/9849 3836/169/9850 767/169/9851 2992/169/9852
f 3834/169/9853 130/169/9854 3836/169/9855 1841/169/9856
f 130/169/9857 3838/169/9858 1842/169/9859 3836/169/9860
f 3836/169/9861 1842/169/9862 2994/169/9863 767/169/9864
f 1842/169/9865 2997/169/9866 480/169/9867 2994/169/9868
f 3838/169/9869 768/169/9870 2997/169/9871 1842/169/9872
f 767/169/9873 2994/169/9874 1843/169/9875 3837/169/9876
f 3837/169/9877 1843/169/9878 4592/169/9879 285/169/9880
f 1843/169/9881 2995/169/9882 1145/169/9883 4592/169/9884
f 2994/169/9885 480/169/9886 2995/169/9887 1843/169/9888
f 480/169/9889 2996/169/9890 1844/169/9891 2995/169/9892
f 2995/169/9893 1844/169/9894 4593/169/9895 1145/169/9896
f 1844/169/9897 4597/169/9898 18/169/9899 4593/169/9900
f 2996/169/9901 1147/169/9902 4597/169/9903 1844/169/9904
f 768/169/9905 3839/169/9906 1845/169/9907 2997/169/9908
f 2997/169/9909 1845/169/9910 2996/169/9911 480/169/9912
f 1845/169/9913 4596/169/9914 1147/169/9915 2996/169/9916
f 3839/169/9917 286/169/9918 4596/169/9919 1845/169/9920
f 202/169/9921 4260/169/9922 1846/169/9923 3841/169/9924
f 3841/169/9925 1846/169/9926 2998/169/9927 769/169/9928
f 1846/169/9929 3001/169/9930 481/169/9931 2998/169/9932
f 4260/169/9933 979/169/9934 3001/169/9935 1846/169/9936
f 769/169/9937 2998/169/9938 1847/169/9939 3840/169/9940
f 3840/169/9941 1847/169/9942 3838/169/9943 130/169/9944
f 1847/169/9945 2999/169/9946 768/169/9947 3838/169/9948
f 2998/169/9949 481/169/9950 2999/169/9951 1847/169/9952
f 481/169/9953 3000/169/9954 1848/169/9955 2999/169/9956
f 2999/169/9957 1848/169/9958 3839/169/9959 768/169/9960
f 1848/169/9961 4594/169/9962 286/169/9963 3839/169/9964
f 3000/169/9965 1146/169/9966 4594/169/9967 1848/169/9968
f 979/169/9969 4261/169/9970 1849/169/9971 3001/169/9972
f 3001/169/9973 1849/169/9974 3000/169/9975 481/169/9976
f 1849/169/9977 4595/169/9978 1146/169/9979 3000/169/9980
f 4261/169/9981 72/169/9982 4595/169/9983 1849/169/9984
f 73/169/9985 4603/169/9986 1850/169/9987 4265/169/9988
f 4265/169/9989 1850/169/9990 3002/169/9991 981/169/9992
f 1850/169/9993 3005/169/9994 482/169/9995 3002/169/9996
f 4603/169/9997 1150/169/9998 3005/169/9999 1850/169/10000
f 981/169/10001 3002/169/10002 1851/169/10003 4264/169/10004
f 4264/169/10005 1851/169/10006 3843/169/10007 203/169/10008
f 1851/169/10009 3003/169/10010 770/169/10011 3843/169/10012
f 3002/169/10013 482/169/10014 3003/169/10015 1851/169/10016
f 482/169/10017 3004/169/10018 1852/169/10019 3003/169/10020
f 3003/169/10021 1852/169/10022 3842/169/10023 770/169/10024
f 1852/169/10025 3848/169/10026 131/169/10027 3842/169/10028
f 3004/169/10029 773/169/10030 3848/169/10031 1852/169/10032
f 1150/169/10033 4602/169/10034 1853/169/10035 3005/169/10036
f 3005/169/10037 1853/169/10038 3004/169/10039 482/169/10040
f 1853/169/10041 3849/169/10042 773/169/10043 3004/169/10044
f 4602/169/10045 288/169/10046 3849/169/10047 1853/169/10048
f 203/169/10049 3843/169/10050 1854/169/10051 4262/169/10052
f 4262/169/10053 1854/169/10054 3006/169/10055 980/169/10056
f 1854/169/10057 3009/169/10058 483/169/10059 3006/169/10060
f 3843/169/10061 770/169/10062 3009/169/10063 1854/169/10064
f 980/169/10065 3006/169/10066 1855/169/10067 4263/169/10068
f 4263/169/10069 1855/169/10070 4259/169/10071 38/169/10072
f 1855/169/10073 3007/169/10074 978/169/10075 4259/169/10076
f 3006/169/10077 483/169/10078 3007/169/10079 1855/169/10080
f 483/169/10081 3008/169/10082 1856/169/10083 3007/169/10084
f 3007/169/10085 1856/169/10086 4258/169/10087 978/169/10088
f 1856/169/10089 3845/169/10090 202/169/10091 4258/169/10092
f 3008/169/10093 771/169/10094 3845/169/10095 1856/169/10096
f 770/169/10097 3842/169/10098 1857/169/10099 3009/169/10100
f 3009/169/10101 1857/169/10102 3008/169/10103 483/169/10104
f 1857/169/10105 3844/169/10106 771/169/10107 3008/169/10108
f 3842/169/10109 131/169/10110 3844/169/10111 1857/169/10112
f 131/169/10113 3846/169/10114 1858/169/10115 3844/169/10116
f 3844/169/10117 1858/169/10118 3010/169/10119 771/169/10120
f 1858/169/10121 3013/169/10122 484/169/10123 3010/169/10124
f 3846/169/10125 772/169/10126 3013/169/10127 1858/169/10128
f 771/169/10129 3010/169/10130 1859/169/10131 3845/169/10132
f 3845/169/10133 1859/169/10134 4260/169/10135 202/169/10136
f 1859/169/10137 3011/169/10138 979/169/10139 4260/169/10140
f 3010/169/10141 484/169/10142 3011/169/10143 1859/169/10144
f 484/169/10145 3012/169/10146 1860/169/10147 3011/169/10148
f 3011/169/10149 1860/169/10150 4261/169/10151 979/169/10152
f 1860/169/10153 4599/169/10154 72/169/10155 4261/169/10156
f 3012/169/10157 1148/169/10158 4599/169/10159 1860/169/10160
f 772/169/10161 3847/169/10162 1861/169/10163 3013/169/10164
f 3013/169/10165 1861/169/10166 3012/169/10167 484/169/10168
f 1861/169/10169 4598/169/10170 1148/169/10171 3012/169/10172
f 3847/169/10173 287/169/10174 4598/169/10175 1861/169/10176
f 288/169/10177 4604/169/10178 1862/169/10179 3849/169/10180
f 3849/169/10181 1862/169/10182 3014/169/10183 773/169/10184
f 1862/169/10185 3017/169/10186 485/169/10187 3014/169/10188
f 4604/169/10189 1151/169/10190 3017/169/10191 1862/169/10192
f 773/169/10193 3014/169/10194 1863/169/10195 3848/169/10196
f 3848/169/10197 1863/169/10198 3846/169/10199 131/169/10200
f 1863/169/10201 3015/169/10202 772/169/10203 3846/169/10204
f 3014/169/10205 485/169/10206 3015/169/10207 1863/169/10208
f 485/169/10209 3016/169/10210 1864/169/10211 3015/169/10212
f 3015/169/10213 1864/169/10214 3847/169/10215 772/169/10216
f 1864/169/10217 4600/169/10218 287/169/10219 3847/169/10220
f 3016/169/10221 1149/169/10222 4600/169/10223 1864/169/10224
f 1151/169/10225 4605/169/10226 1865/169/10227 3017/169/10228
f 3017/169/10229 1865/169/10230 3016/169/10231 485/169/10232
f 1865/169/10233 4601/169/10234 1149/169/10235 3016/169/10236
f 4605/169/10237 17/169/10238 4601/169/10239 1865/169/10240
f 12/169/10241 4589/169/10242 1866/169/10243 4521/169/10244
f 4521/169/10245 1866/169/10246 3018/167/10247 1109/167/10248
f 1866/169/10249 3021/169/10250 486/167/10251 3018/167/10252
f 4589/169/10253 1143/169/10254 3021/169/10255 1866/169/10256
f 1109/167/10257 3018/167/10258 1867/166/10259 4520/166/10260
f 4520/166/10261 1867/166/10262 3851/156/10263 267/156/10264
f 1867/166/10265 3019/166/10266 774/156/10267 3851/156/10268
f 3018/167/10269 486/167/10270 3019/166/10271 1867/166/10272
f 486/167/10273 3020/167/10274 1868/166/10275 3019/166/10276
f 3019/166/10277 1868/166/10278 3850/156/10279 774/156/10280
f 1868/166/10281 3856/166/10282 132/156/10283 3850/156/10284
f 3020/167/10285 777/167/10286 3856/166/10287 1868/166/10288
f 1143/169/10289 4588/169/10290 1869/169/10291 3021/169/10292
f 3021/169/10293 1869/169/10294 3020/167/10295 486/167/10296
f 1869/169/10297 3857/169/10298 777/167/10299 3020/167/10300
f 4588/169/10301 284/169/10302 3857/169/10303 1869/169/10304
f 267/156/10305 3851/156/10306 1870/155/10307 4518/155/10308
f 4518/155/10309 1870/155/10310 3022/153/10311 1108/153/10312
f 1870/155/10313 3025/155/10314 487/153/10315 3022/153/10316
f 3851/156/10317 774/156/10318 3025/155/10319 1870/155/10320
f 1108/153/10321 3022/153/10322 1871/152/10323 4519/152/10324
f 4519/152/10325 1871/152/10326 4269/110/10327 62/110/10328
f 1871/152/10329 3023/152/10330 983/110/10331 4269/110/10332
f 3022/153/10333 487/153/10334 3023/152/10335 1871/152/10336
f 487/153/10337 3024/153/10338 1872/152/10339 3023/152/10340
f 3023/152/10341 1872/152/10342 4268/110/10343 983/110/10344
f 1872/152/10345 3853/152/10346 204/110/10347 4268/110/10348
f 3024/153/10349 775/153/10350 3853/152/10351 1872/152/10352
f 774/156/10353 3850/156/10354 1873/155/10355 3025/155/10356
f 3025/155/10357 1873/155/10358 3024/153/10359 487/153/10360
f 1873/155/10361 3852/155/10362 775/153/10363 3024/153/10364
f 3850/156/10365 132/156/10366 3852/155/10367 1873/155/10368
f 132/156/10369 3854/156/10370 1874/155/10371 3852/155/10372
f 3852/155/10373 1874/155/10374 3026/153/10375 775/153/10376
f 1874/155/10377 3029/155/10378 488/153/10379 3026/153/10380
f 3854/156/10381 776/156/10382 3029/155/10383 1874/155/10384
f 775/153/10385 3026/153/10386 1875/152/10387 3853/152/10388
f 3853/152/10389 1875/152/10390 4266/110/10391 204/110/10392
f 1875/152/10393 3027/152/10394 982/110/10395 4266/110/10396
f 3026/153/10397 488/153/10398 3027/152/10399 1875/152/10400
f 488/153/10401 3028/153/10402 1876/152/10403 3027/152/10404
f 3027/152/10405 1876/152/10406 4267/110/10407 982/110/10408
f 1876/152/10409 4279/152/10410 39/110/10411 4267/110/10412
f 3028/153/10413 988/153/10414 4279/152/10415 1876/152/10416
f 776/156/10417 3855/156/10418 1877/155/10419 3029/155/10420
f 3029/155/10421 1877/155/10422 3028/153/10423 488/153/10424
f 1877/155/10425 4278/155/10426 988/153/10427 3028/153/10428
f 3855/156/10429 207/156/10430 4278/155/10431 1877/155/10432
f 284/169/10433 4586/169/10434 1878/169/10435 3857/169/10436
f 3857/169/10437 1878/169/10438 3030/167/10439 777/167/10440
f 1878/169/10441 3033/169/10442 489/167/10443 3030/167/10444
f 4586/169/10445 1142/169/10446 3033/169/10447 1878/169/10448
f 777/167/10449 3030/167/10450 1879/166/10451 3856/166/10452
f 3856/166/10453 1879/166/10454 3854/156/10455 132/156/10456
f 1879/166/10457 3031/166/10458 776/156/10459 3854/156/10460
f 3030/167/10461 489/167/10462 3031/166/10463 1879/166/10464
f 489/167/10465 3032/167/10466 1880/166/10467 3031/166/10468
f 3031/166/10469 1880/166/10470 3855/156/10471 776/156/10472
f 1880/166/10473 4280/166/10474 207/156/10475 3855/156/10476
f 3032/167/10477 989/167/10478 4280/166/10479 1880/166/10480
f 1142/169/10481 4587/169/10482 1881/169/10483 3033/169/10484
f 3033/169/10485 1881/169/10486 3032/167/10487 489/167/10488
f 1881/169/10489 4281/169/10490 989/167/10491 3032/167/10492
f 4587/169/10493 71/169/10494 4281/169/10495 1881/169/10496
f 62/110/10497 4269/110/10498 1882/109/10499 4515/109/10500
f 4515/109/10501 1882/109/10502 3034/107/10503 1106/107/10504
f 1882/109/10505 3037/109/10506 490/107/10507 3034/107/10508
f 4269/110/10509 983/110/10510 3037/109/10511 1882/109/10512
f 1106/107/10513 3034/107/10514 1883/106/10515 4514/106/10516
f 4514/106/10517 1883/106/10518 3859/96/10519 266/96/10520
f 1883/106/10521 3035/106/10522 778/96/10523 3859/96/10524
f 3034/107/10525 490/107/10526 3035/106/10527 1883/106/10528
f 490/107/10529 3036/107/10530 1884/106/10531 3035/106/10532
f 3035/106/10533 1884/106/10534 3858/96/10535 778/96/10536
f 1884/106/10537 3864/106/10538 133/96/10539 3858/96/10540
f 3036/107/10541 781/107/10542 3864/106/10543 1884/106/10544
f 983/110/10545 4268/110/10546 1885/109/10547 3037/109/10548
f 3037/109/10549 1885/109/10550 3036/107/10551 490/107/10552
f 1885/109/10553 3865/109/10554 781/107/10555 3036/107/10556
f 4268/110/10557 204/110/10558 3865/109/10559 1885/109/10560
f 266/96/10561 3859/96/10562 1886/95/10563 4516/95/10564
f 4516/95/10565 1886/95/10566 3038/93/10567 1107/93/10568
f 1886/95/10569 3041/95/10570 491/93/10571 3038/93/10572
f 3859/96/10573 778/96/10574 3041/95/10575 1886/95/10576
f 1107/93/10577 3038/93/10578 1887/15/10579 4517/15/10580
f 4517/15/10581 1887/15/10582 4613/15/10583 8/15/10584
f 1887/15/10585 3039/15/10586 1155/15/10587 4613/15/10588
f 3038/93/10589 491/93/10590 3039/15/10591 1887/15/10592
f 491/93/10593 3040/93/10594 1888/15/10595 3039/15/10596
f 3039/15/10597 1888/15/10598 4612/15/10599 1155/15/10600
f 1888/15/10601 3861/15/10602 290/15/10603 4612/15/10604
f 3040/93/10605 779/93/10606 3861/15/10607 1888/15/10608
f 778/96/10609 3858/96/10610 1889/95/10611 3041/95/10612
f 3041/95/10613 1889/95/10614 3040/93/10615 491/93/10616
f 1889/95/10617 3860/95/10618 779/93/10619 3040/93/10620
f 3858/96/10621 133/96/10622 3860/95/10623 1889/95/10624
f 133/96/10625 3862/96/10626 1890/95/10627 3860/95/10628
f 3860/95/10629 1890/95/10630 3042/93/10631 779/93/10632
f 1890/95/10633 3045/95/10634 492/93/10635 3042/93/10636
f 3862/96/10637 780/96/10638 3045/95/10639 1890/95/10640
f 779/93/10641 3042/93/10642 1891/15/10643 3861/15/10644
f 3861/15/10645 1891/15/10646 4610/15/10647 290/15/10648
f 1891/15/10649 3043/15/10650 1154/15/10651 4610/15/10652
f 3042/93/10653 492/93/10654 3043/15/10655 1891/15/10656
f 492/93/10657 3044/93/10658 1892/15/10659 3043/15/10660
f 3043/15/10661 1892/15/10662 4611/15/10663 1154/15/10664
f 1892/15/10665 4273/15/10666 74/15/10667 4611/15/10668
f 3044/93/10669 985/93/10670 4273/15/10671 1892/15/10672
f 780/96/10673 3863/96/10674 1893/95/10675 3045/95/10676
f 3045/95/10677 1893/95/10678 3044/93/10679 492/93/10680
f 1893/95/10681 4272/95/10682 985/93/10683 3044/93/10684
f 3863/96/10685 205/96/10686 4272/95/10687 1893/95/10688
f 204/110/10689 4266/110/10690 1894/109/10691 3865/109/10692
f 3865/109/10693 1894/109/10694 3046/107/10695 781/107/10696
f 1894/109/10697 3049/109/10698 493/107/10699 3046/107/10700
f 4266/110/10701 982/110/10702 3049/109/10703 1894/109/10704
f 781/107/10705 3046/107/10706 1895/106/10707 3864/106/10708
f 3864/106/10709 1895/106/10710 3862/96/10711 133/96/10712
f 1895/106/10713 3047/106/10714 780/96/10715 3862/96/10716
f 3046/107/10717 493/107/10718 3047/106/10719 1895/106/10720
f 493/107/10721 3048/107/10722 1896/106/10723 3047/106/10724
f 3047/106/10725 1896/106/10726 3863/96/10727 780/96/10728
f 1896/106/10729 4270/106/10730 205/96/10731 3863/96/10732
f 3048/107/10733 984/107/10734 4270/106/10735 1896/106/10736
f 982/110/10737 4267/110/10738 1897/109/10739 3049/109/10740
f 3049/109/10741 1897/109/10742 3048/107/10743 493/107/10744
f 1897/109/10745 4271/109/10746 984/107/10747 3048/107/10748
f 4267/110/10749 39/110/10750 4271/109/10751 1897/109/10752
f 39/110/10753 4275/110/10754 1898/109/10755 4271/109/10756
f 4271/109/10757 1898/109/10758 3050/107/10759 984/107/10760
f 1898/109/10761 3053/109/10762 494/107/10763 3050/107/10764
f 4275/110/10765 986/110/10766 3053/109/10767 1898/109/10768
f 984/107/10769 3050/107/10770 1899/106/10771 4270/106/10772
f 4270/106/10773 1899/106/10774 3867/96/10775 205/96/10776
f 1899/106/10777 3051/106/10778 782/96/10779 3867/96/10780
f 3050/107/10781 494/107/10782 3051/106/10783 1899/106/10784
f 494/107/10785 3052/107/10786 1900/106/10787 3051/106/10788
f 3051/106/10789 1900/106/10790 3866/96/10791 782/96/10792
f 1900/106/10793 3872/106/10794 134/96/10795 3866/96/10796
f 3052/107/10797 785/107/10798 3872/106/10799 1900/106/10800
f 986/110/10801 4274/110/10802 1901/109/10803 3053/109/10804
f 3053/109/10805 1901/109/10806 3052/107/10807 494/107/10808
f 1901/109/10809 3873/109/10810 785/107/10811 3052/107/10812
f 4274/110/10813 206/110/10814 3873/109/10815 1901/109/10816
f 205/96/10817 3867/96/10818 1902/95/10819 4272/95/10820
f 4272/95/10821 1902/95/10822 3054/93/10823 985/93/10824
f 1902/95/10825 3057/95/10826 495/93/10827 3054/93/10828
f 3867/96/10829 782/96/10830 3057/95/10831 1902/95/10832
f 985/93/10833 3054/93/10834 1903/15/10835 4273/15/10836
f 4273/15/10837 1903/15/10838 4615/15/10839 74/15/10840
f 1903/15/10841 3055/15/10842 1156/15/10843 4615/15/10844
f 3054/93/10845 495/93/10846 3055/15/10847 1903/15/10848
f 495/93/10849 3056/93/10850 1904/15/10851 3055/15/10852
f 3055/15/10853 1904/15/10854 4614/15/10855 1156/15/10856
f 1904/15/10857 3869/15/10858 291/15/10859 4614/15/10860
f 3056/93/10861 783/93/10862 3869/15/10863 1904/15/10864
f 782/96/10865 3866/96/10866 1905/95/10867 3057/95/10868
f 3057/95/10869 1905/95/10870 3056/93/10871 495/93/10872
f 1905/95/10873 3868/95/10874 783/93/10875 3056/93/10876
f 3866/96/10877 134/96/10878 3868/95/10879 1905/95/10880
f 134/96/10881 3870/96/10882 1906/95/10883 3868/95/10884
f 3868/95/10885 1906/95/10886 3058/93/10887 783/93/10888
f 1906/95/10889 3061/95/10890 496/93/10891 3058/93/10892
f 3870/96/10893 784/96/10894 3061/95/10895 1906/95/10896
f 783/93/10897 3058/93/10898 1907/15/10899 3869/15/10900
f 3869/15/10901 1907/15/10902 4616/15/10903 291/15/10904
f 1907/15/10905 3059/15/10906 1157/15/10907 4616/15/10908
f 3058/93/10909 496/93/10910 3059/15/10911 1907/15/10912
f 496/93/10913 3060/93/10914 1908/15/10915 3059/15/10916
f 3059/15/10917 1908/15/10918 4617/15/10919 1157/15/10920
f 1908/15/10921 4621/15/10922 19/15/10923 4617/15/10924
f 3060/93/10925 1159/93/10926 4621/15/10927 1908/15/10928
f 784/96/10929 3871/96/10930 1909/95/10931 3061/95/10932
f 3061/95/10933 1909/95/10934 3060/93/10935 496/93/10936
f 1909/95/10937 4620/95/10938 1159/93/10939 3060/93/10940
f 3871/96/10941 292/96/10942 4620/95/10943 1909/95/10944
f 206/110/10945 4276/110/10946 1910/109/10947 3873/109/10948
f 3873/109/10949 1910/109/10950 3062/107/10951 785/107/10952
f 1910/109/10953 3065/109/10954 497/107/10955 3062/107/10956
f 4276/110/10957 987/110/10958 3065/109/10959 1910/109/10960
f 785/107/10961 3062/107/10962 1911/106/10963 3872/106/10964
f 3872/106/10965 1911/106/10966 3870/96/10967 134/96/10968
f 1911/106/10969 3063/106/10970 784/96/10971 3870/96/10972
f 3062/107/10973 497/107/10974 3063/106/10975 1911/106/10976
f 497/107/10977 3064/107/10978 1912/106/10979 3063/106/10980
f 3063/106/10981 1912/106/10982 3871/96/10983 784/96/10984
f 1912/106/10985 4618/106/10986 292/96/10987 3871/96/10988
f 3064/107/10989 1158/107/10990 4618/106/10991 1912/106/10992
f 987/110/10993 4277/110/10994 1913/109/10995 3065/109/10996
f 3065/109/10997 1913/109/10998 3064/107/10999 497/107/11000
f 1913/109/11001 4619/109/11002 1158/107/11003 3064/107/11004
f 4277/110/11005 75/110/11006 4619/109/11007 1913/109/11008
f 71/169/11009 4591/169/11010 1914/169/11011 4281/169/11012
f 4281/169/11013 1914/169/11014 3066/167/11015 989/167/11016
f 1914/169/11017 3069/169/11018 498/167/11019 3066/167/11020
f 4591/169/11021 1144/169/11022 3069/169/11023 1914/169/11024
f 989/167/11025 3066/167/11026 1915/166/11027 4280/166/11028
f 4280/166/11029 1915/166/11030 3875/156/11031 207/156/11032
f 1915/166/11033 3067/166/11034 786/156/11035 3875/156/11036
f 3066/167/11037 498/167/11038 3067/166/11039 1915/166/11040
f 498/167/11041 3068/167/11042 1916/166/11043 3067/166/11044
f 3067/166/11045 1916/166/11046 3874/156/11047 786/156/11048
f 1916/166/11049 3880/166/11050 135/156/11051 3874/156/11052
f 3068/167/11053 789/167/11054 3880/166/11055 1916/166/11056
f 1144/169/11057 4590/169/11058 1917/169/11059 3069/169/11060
f 3069/169/11061 1917/169/11062 3068/167/11063 498/167/11064
f 1917/169/11065 3881/169/11066 789/167/11067 3068/167/11068
f 4590/169/11069 285/169/11070 3881/169/11071 1917/169/11072
f 207/156/11073 3875/156/11074 1918/155/11075 4278/155/11076
f 4278/155/11077 1918/155/11078 3070/153/11079 988/153/11080
f 1918/155/11081 3073/155/11082 499/153/11083 3070/153/11084
f 3875/156/11085 786/156/11086 3073/155/11087 1918/155/11088
f 988/153/11089 3070/153/11090 1919/152/11091 4279/152/11092
f 4279/152/11093 1919/152/11094 4275/110/11095 39/110/11096
f 1919/152/11097 3071/152/11098 986/110/11099 4275/110/11100
f 3070/153/11101 499/153/11102 3071/152/11103 1919/152/11104
f 499/153/11105 3072/153/11106 1920/152/11107 3071/152/11108
f 3071/152/11109 1920/152/11110 4274/110/11111 986/110/11112
f 1920/152/11113 3877/152/11114 206/110/11115 4274/110/11116
f 3072/153/11117 787/153/11118 3877/152/11119 1920/152/11120
f 786/156/11121 3874/156/11122 1921/155/11123 3073/155/11124
f 3073/155/11125 1921/155/11126 3072/153/11127 499/153/11128
f 1921/155/11129 3876/155/11130 787/153/11131 3072/153/11132
f 3874/156/11133 135/156/11134 3876/155/11135 1921/155/11136
f 135/156/11137 3878/156/11138 1922/155/11139 3876/155/11140
f 3876/155/11141 1922/155/11142 3074/153/11143 787/153/11144
f 1922/155/11145 3077/155/11146 500/153/11147 3074/153/11148
f 3878/156/11149 788/156/11150 3077/155/11151 1922/155/11152
f 787/153/11153 3074/153/11154 1923/152/11155 3877/152/11156
f 3877/152/11157 1923/152/11158 4276/110/11159 206/110/11160
f 1923/152/11161 3075/152/11162 987/110/11163 4276/110/11164
f 3074/153/11165 500/153/11166 3075/152/11167 1923/152/11168
f 500/153/11169 3076/153/11170 1924/152/11171 3075/152/11172
f 3075/152/11173 1924/152/11174 4277/110/11175 987/110/11176
f 1924/152/11177 4623/152/11178 75/110/11179 4277/110/11180
f 3076/153/11181 1160/153/11182 4623/152/11183 1924/152/11184
f 788/156/11185 3879/156/11186 1925/155/11187 3077/155/11188
f 3077/155/11189 1925/155/11190 3076/153/11191 500/153/11192
f 1925/155/11193 4622/155/11194 1160/153/11195 3076/153/11196
f 3879/156/11197 293/156/11198 4622/155/11199 1925/155/11200
f 285/169/11201 4592/169/11202 1926/169/11203 3881/169/11204
f 3881/169/11205 1926/169/11206 3078/167/11207 789/167/11208
f 1926/169/11209 3081/169/11210 501/167/11211 3078/167/11212
f 4592/169/11213 1145/169/11214 3081/169/11215 1926/169/11216
f 789/167/11217 3078/167/11218 1927/166/11219 3880/166/11220
f 3880/166/11221 1927/166/11222 3878/156/11223 135/156/11224
f 1927/166/11225 3079/166/11226 788/156/11227 3878/156/11228
f 3078/167/11229 501/167/11230 3079/166/11231 1927/166/11232
f 501/167/11233 3080/167/11234 1928/166/11235 3079/166/11236
f 3079/166/11237 1928/166/11238 3879/156/11239 788/156/11240
f 1928/166/11241 4624/166/11242 293/156/11243 3879/156/11244
f 3080/167/11245 1161/167/11246 4624/166/11247 1928/166/11248
f 1145/169/11249 4593/169/11250 1929/169/11251 3081/169/11252
f 3081/169/11253 1929/169/11254 3080/167/11255 501/167/11256
f 1929/169/11257 4625/169/11258 1161/167/11259 3080/167/11260
f 4593/169/11261 18/169/11262 4625/169/11263 1929/169/11264
f 8/15/11265 4613/15/11266 1930/15/11267 4465/15/11268
f 4465/15/11269 1930/15/11270 3082/15/11271 1081/15/11272
f 1930/15/11273 3085/15/11274 502/15/11275 3082/15/11276
f 4613/15/11277 1155/15/11278 3085/15/11279 1930/15/11280
f 1081/15/11281 3082/15/11282 1931/15/11283 4464/15/11284
f 4464/15/11285 1931/15/11286 3883/15/11287 253/15/11288
f 1931/15/11289 3083/15/11290 790/15/11291 3883/15/11292
f 3082/15/11293 502/15/11294 3083/15/11295 1931/15/11296
f 502/15/11297 3084/15/11298 1932/15/11299 3083/15/11300
f 3083/15/11301 1932/15/11302 3882/15/11303 790/15/11304
f 1932/15/11305 3888/15/11306 136/15/11307 3882/15/11308
f 3084/15/11309 793/15/11310 3888/15/11311 1932/15/11312
f 1155/15/11313 4612/15/11314 1933/15/11315 3085/15/11316
f 3085/15/11317 1933/15/11318 3084/15/11319 502/15/11320
f 1933/15/11321 3889/15/11322 793/15/11323 3084/15/11324
f 4612/15/11325 290/15/11326 3889/15/11327 1933/15/11328
f 253/15/11329 3883/15/11330 1934/15/11331 4462/15/11332
f 4462/15/11333 1934/15/11334 3086/15/11335 1080/15/11336
f 1934/15/11337 3089/15/11338 503/15/11339 3086/15/11340
f 3883/15/11341 790/15/11342 3089/15/11343 1934/15/11344
f 1080/15/11345 3086/15/11346 1935/15/11347 4463/15/11348
f 4463/15/11349 1935/15/11350 4285/15/11351 55/15/11352
f 1935/15/11353 3087/15/11354 991/15/11355 4285/15/11356
f 3086/15/11357 503/15/11358 3087/15/11359 1935/15/11360
f 503/15/11361 3088/15/11362 1936/15/11363 3087/15/11364
f 3087/15/11365 1936/15/11366 4284/15/11367 991/15/11368
f 1936/15/11369 3885/15/11370 208/15/11371 4284/15/11372
f 3088/15/11373 791/15/11374 3885/15/11375 1936/15/11376
f 790/15/11377 3882/15/11378 1937/15/11379 3089/15/11380
f 3089/15/11381 1937/15/11382 3088/15/11383 503/15/11384
f 1937/15/11385 3884/15/11386 791/15/11387 3088/15/11388
f 3882/15/11389 136/15/11390 3884/15/11391 1937/15/11392
f 136/15/11393 3886/15/11394 1938/15/11395 3884/15/11396
f 3884/15/11397 1938/15/11398 3090/15/11399 791/15/11400
f 1938/15/11401 3093/15/11402 504/15/11403 3090/15/11404
f 3886/15/11405 792/15/11406 3093/15/11407 1938/15/11408
f 791/15/11409 3090/15/11410 1939/15/11411 3885/15/11412
f 3885/15/11413 1939/15/11414 4282/15/11415 208/15/11416
f 1939/15/11417 3091/15/11418 990/15/11419 4282/15/11420
f 3090/15/11421 504/15/11422 3091/15/11423 1939/15/11424
f 504/15/11425 3092/15/11426 1940/15/11427 3091/15/11428
f 3091/15/11429 1940/15/11430 4283/15/11431 990/15/11432
f 1940/15/11433 4295/15/11434 40/15/11435 4283/15/11436
f 3092/15/11437 996/15/11438 4295/15/11439 1940/15/11440
f 792/15/11441 3887/15/11442 1941/15/11443 3093/15/11444
f 3093/15/11445 1941/15/11446 3092/15/11447 504/15/11448
f 1941/15/11449 4294/15/11450 996/15/11451 3092/15/11452
f 3887/15/11453 211/15/11454 4294/15/11455 1941/15/11456
f 290/15/11457 4610/15/11458 1942/15/11459 3889/15/11460
f 3889/15/11461 1942/15/11462 3094/15/11463 793/15/11464
f 1942/15/11465 3097/15/11466 505/15/11467 3094/15/11468
f 4610/15/11469 1154/15/11470 3097/15/11471 1942/15/11472
f 793/15/11473 3094/15/11474 1943/15/11475 3888/15/11476
f 3888/15/11477 1943/15/11478 3886/15/11479 136/15/11480
f 1943/15/11481 3095/15/11482 792/15/11483 3886/15/11484
f 3094/15/11485 505/15/11486 3095/15/11487 1943/15/11488
f 505/15/11489 3096/15/11490 1944/15/11491 3095/15/11492
f 3095/15/11493 1944/15/11494 3887/15/11495 792/15/11496
f 1944/15/11497 4296/15/11498 211/15/11499 3887/15/11500
f 3096/15/11501 997/15/11502 4296/15/11503 1944/15/11504
f 1154/15/11505 4611/15/11506 1945/15/11507 3097/15/11508
f 3097/15/11509 1945/15/11510 3096/15/11511 505/15/11512
f 1945/15/11513 4297/15/11514 997/15/11515 3096/15/11516
f 4611/15/11517 74/15/11518 4297/15/11519 1945/15/11520
f 55/15/11521 4285/15/11522 1946/15/11523 4459/15/11524
f 4459/15/11525 1946/15/11526 3098/15/11527 1078/15/11528
f 1946/15/11529 3101/15/11530 506/15/11531 3098/15/11532
f 4285/15/11533 991/15/11534 3101/15/11535 1946/15/11536
f 1078/15/11537 3098/15/11538 1947/15/11539 4458/15/11540
f 4458/15/11541 1947/15/11542 3891/15/11543 252/15/11544
f 1947/15/11545 3099/15/11546 794/15/11547 3891/15/11548
f 3098/15/11549 506/15/11550 3099/15/11551 1947/15/11552
f 506/15/11553 3100/15/11554 1948/15/11555 3099/15/11556
f 3099/15/11557 1948/15/11558 3890/15/11559 794/15/11560
f 1948/15/11561 3896/15/11562 137/15/11563 3890/15/11564
f 3100/15/11565 797/15/11566 3896/15/11567 1948/15/11568
f 991/15/11569 4284/15/11570 1949/15/11571 3101/15/11572
f 3101/15/11573 1949/15/11574 3100/15/11575 506/15/11576
f 1949/15/11577 3897/15/11578 797/15/11579 3100/15/11580
f 4284/15/11581 208/15/11582 3897/15/11583 1949/15/11584
f 252/15/11585 3891/15/11586 1950/15/11587 4460/15/11588
f 4460/15/11589 1950/15/11590 3102/15/11591 1079/15/11592
f 1950/15/11593 3105/15/11594 507/15/11595 3102/15/11596
f 3891/15/11597 794/15/11598 3105/15/11599 1950/15/11600
f 1079/15/11601 3102/15/11602 1951/15/11603 4461/15/11604
f 4461/15/11605 1951/15/11606 4629/15/11607 4/15/11608
f 1951/15/11609 3103/15/11610 1163/15/11611 4629/15/11612
f 3102/15/11613 507/15/11614 3103/15/11615 1951/15/11616
f 507/15/11617 3104/15/11618 1952/15/11619 3103/15/11620
f 3103/15/11621 1952/15/11622 4628/15/11623 1163/15/11624
f 1952/15/11625 3893/15/11626 294/15/11627 4628/15/11628
f 3104/15/11629 795/15/11630 3893/15/11631 1952/15/11632
f 794/15/11633 3890/15/11634 1953/15/11635 3105/15/11636
f 3105/15/11637 1953/15/11638 3104/15/11639 507/15/11640
f 1953/15/11641 3892/15/11642 795/15/11643 3104/15/11644
f 3890/15/11645 137/15/11646 3892/15/11647 1953/15/11648
f 137/15/11649 3894/15/11650 1954/15/11651 3892/15/11652
f 3892/15/11653 1954/15/11654 3106/15/11655 795/15/11656
f 1954/15/11657 3109/15/11658 508/15/11659 3106/15/11660
f 3894/15/11661 796/15/11662 3109/15/11663 1954/15/11664
f 795/15/11665 3106/15/11666 1955/15/11667 3893/15/11668
f 3893/15/11669 1955/15/11670 4626/15/11671 294/15/11672
f 1955/15/11673 3107/15/11674 1162/15/11675 4626/15/11676
f 3106/15/11677 508/15/11678 3107/15/11679 1955/15/11680
f 508/15/11681 3108/15/11682 1956/15/11683 3107/15/11684
f 3107/15/11685 1956/15/11686 4627/15/11687 1162/15/11688
f 1956/15/11689 4289/15/11690 76/15/11691 4627/15/11692
f 3108/15/11693 993/15/11694 4289/15/11695 1956/15/11696
f 796/15/11697 3895/15/11698 1957/15/11699 3109/15/11700
f 3109/15/11701 1957/15/11702 3108/15/11703 508/15/11704
f 1957/15/11705 4288/15/11706 993/15/11707 3108/15/11708
f 3895/15/11709 209/15/11710 4288/15/11711 1957/15/11712
f 208/15/11713 4282/15/11714 1958/15/11715 3897/15/11716
f 3897/15/11717 1958/15/11718 3110/15/11719 797/15/11720
f 1958/15/11721 3113/15/11722 509/15/11723 3110/15/11724
f 4282/15/11725 990/15/11726 3113/15/11727 1958/15/11728
f 797/15/11729 3110/15/11730 1959/15/11731 3896/15/11732
f 3896/15/11733 1959/15/11734 3894/15/11735 137/15/11736
f 1959/15/11737 3111/15/11738 796/15/11739 3894/15/11740
f 3110/15/11741 509/15/11742 3111/15/11743 1959/15/11744
f 509/15/11745 3112/15/11746 1960/15/11747 3111/15/11748
f 3111/15/11749 1960/15/11750 3895/15/11751 796/15/11752
f 1960/15/11753 4286/15/11754 209/15/11755 3895/15/11756
f 3112/15/11757 992/15/11758 4286/15/11759 1960/15/11760
f 990/15/11761 4283/15/11762 1961/15/11763 3113/15/11764
f 3113/15/11765 1961/15/11766 3112/15/11767 509/15/11768
f 1961/15/11769 4287/15/11770 992/15/11771 3112/15/11772
f 4283/15/11773 40/15/11774 4287/15/11775 1961/15/11776
f 40/15/11777 4291/15/11778 1962/15/11779 4287/15/11780
f 4287/15/11781 1962/15/11782 3114/15/11783 992/15/11784
f 1962/15/11785 3117/15/11786 510/15/11787 3114/15/11788
f 4291/15/11789 994/15/11790 3117/15/11791 1962/15/11792
f 992/15/11793 3114/15/11794 1963/15/11795 4286/15/11796
f 4286/15/11797 1963/15/11798 3899/15/11799 209/15/11800
f 1963/15/11801 3115/15/11802 798/15/11803 3899/15/11804
f 3114/15/11805 510/15/11806 3115/15/11807 1963/15/11808
f 510/15/11809 3116/15/11810 1964/15/11811 3115/15/11812
f 3115/15/11813 1964/15/11814 3898/15/11815 798/15/11816
f 1964/15/11817 3904/15/11818 138/15/11819 3898/15/11820
f 3116/15/11821 801/15/11822 3904/15/11823 1964/15/11824
f 994/15/11825 4290/15/11826 1965/15/11827 3117/15/11828
f 3117/15/11829 1965/15/11830 3116/15/11831 510/15/11832
f 1965/15/11833 3905/15/11834 801/15/11835 3116/15/11836
f 4290/15/11837 210/15/11838 3905/15/11839 1965/15/11840
f 209/15/11841 3899/15/11842 1966/15/11843 4288/15/11844
f 4288/15/11845 1966/15/11846 3118/15/11847 993/15/11848
f 1966/15/11849 3121/15/11850 511/15/11851 3118/15/11852
f 3899/15/11853 798/15/11854 3121/15/11855 1966/15/11856
f 993/15/11857 3118/15/11858 1967/15/11859 4289/15/11860
f 4289/15/11861 1967/15/11862 4631/15/11863 76/15/11864
f 1967/15/11865 3119/15/11866 1164/15/11867 4631/15/11868
f 3118/15/11869 511/15/11870 3119/15/11871 1967/15/11872
f 511/15/11873 3120/15/11874 1968/15/11875 3119/15/11876
f 3119/15/11877 1968/15/11878 4630/15/11879 1164/15/11880
f 1968/15/11881 3901/15/11882 295/15/11883 4630/15/11884
f 3120/15/11885 799/15/11886 3901/15/11887 1968/15/11888
f 798/15/11889 3898/15/11890 1969/15/11891 3121/15/11892
f 3121/15/11893 1969/15/11894 3120/15/11895 511/15/11896
f 1969/15/11897 3900/15/11898 799/15/11899 3120/15/11900
f 3898/15/11901 138/15/11902 3900/15/11903 1969/15/11904
f 138/15/11905 3902/15/11906 1970/15/11907 3900/15/11908
f 3900/15/11909 1970/15/11910 3122/15/11911 799/15/11912
f 1970/15/11913 3125/15/11914 512/15/11915 3122/15/11916
f 3902/15/11917 800/15/11918 3125/15/11919 1970/15/11920
f 799/15/11921 3122/15/11922 1971/15/11923 3901/15/11924
f 3901/15/11925 1971/15/11926 4632/15/11927 295/15/11928
f 1971/15/11929 3123/15/11930 1165/15/11931 4632/15/11932
f 3122/15/11933 512/15/11934 3123/15/11935 1971/15/11936
f 512/15/11937 3124/15/11938 1972/15/11939 3123/15/11940
f 3123/15/11941 1972/15/11942 4633/15/11943 1165/15/11944
f 1972/15/11945 4637/15/11946 20/15/11947 4633/15/11948
f 3124/15/11949 1167/15/11950 4637/15/11951 1972/15/11952
f 800/15/11953 3903/15/11954 1973/15/11955 3125/15/11956
f 3125/15/11957 1973/15/11958 3124/15/11959 512/15/11960
f 1973/15/11961 4636/15/11962 1167/15/11963 3124/15/11964
f 3903/15/11965 296/15/11966 4636/15/11967 1973/15/11968
f 210/15/11969 4292/15/11970 1974/15/11971 3905/15/11972
f 3905/15/11973 1974/15/11974 3126/15/11975 801/15/11976
f 1974/15/11977 3129/15/11978 513/15/11979 3126/15/11980
f 4292/15/11981 995/15/11982 3129/15/11983 1974/15/11984
f 801/15/11985 3126/15/11986 1975/15/11987 3904/15/11988
f 3904/15/11989 1975/15/11990 3902/15/11991 138/15/11992
f 1975/15/11993 3127/15/11994 800/15/11995 3902/15/11996
f 3126/15/11997 513/15/11998 3127/15/11999 1975/15/12000
f 513/15/12001 3128/15/12002 1976/15/12003 3127/15/12004
f 3127/15/12005 1976/15/12006 3903/15/12007 800/15/12008
f 1976/15/12009 4634/15/12010 296/15/12011 3903/15/12012
f 3128/15/12013 1166/15/12014 4634/15/12015 1976/15/12016
f 995/15/12017 4293/15/12018 1977/15/12019 3129/15/12020
f 3129/15/12021 1977/15/12022 3128/15/12023 513/15/12024
f 1977/15/12025 4635/15/12026 1166/15/12027 3128/15/12028
f 4293/15/12029 77/15/12030 4635/15/12031 1977/15/12032
f 74/15/12033 4615/15/12034 1978/15/12035 4297/15/12036
f 4297/15/12037 1978/15/12038 3130/15/12039 997/15/12040
f 1978/15/12041 3133/15/12042 514/15/12043 3130/15/12044
f 4615/15/12045 1156/15/12046 3133/15/12047 1978/15/12048
f 997/15/12049 3130/15/12050 1979/15/12051 4296/15/12052
f 4296/15/12053 1979/15/12054 3907/15/12055 211/15/12056
f 1979/15/12057 3131/15/12058 802/15/12059 3907/15/12060
f 3130/15/12061 514/15/12062 3131/15/12063 1979/15/12064
f 514/15/12065 3132/15/12066 1980/15/12067 3131/15/12068
f 3131/15/12069 1980/15/12070 3906/15/12071 802/15/12072
f 1980/15/12073 3912/15/12074 139/15/12075 3906/15/12076
f 3132/15/12077 805/15/12078 3912/15/12079 1980/15/12080
f 1156/15/12081 4614/15/12082 1981/15/12083 3133/15/12084
f 3133/15/12085 1981/15/12086 3132/15/12087 514/15/12088
f 1981/15/12089 3913/15/12090 805/15/12091 3132/15/12092
f 4614/15/12093 291/15/12094 3913/15/12095 1981/15/12096
f 211/15/12097 3907/15/12098 1982/15/12099 4294/15/12100
f 4294/15/12101 1982/15/12102 3134/15/12103 996/15/12104
f 1982/15/12105 3137/15/12106 515/15/12107 3134/15/12108
f 3907/15/12109 802/15/12110 3137/15/12111 1982/15/12112
f 996/15/12113 3134/15/12114 1983/15/12115 4295/15/12116
f 4295/15/12117 1983/15/12118 4291/15/12119 40/15/12120
f 1983/15/12121 3135/15/12122 994/15/12123 4291/15/12124
f 3134/15/12125 515/15/12126 3135/15/12127 1983/15/12128
f 515/15/12129 3136/15/12130 1984/15/12131 3135/15/12132
f 3135/15/12133 1984/15/12134 4290/15/12135 994/15/12136
f 1984/15/12137 3909/15/12138 210/15/12139 4290/15/12140
f 3136/15/12141 803/15/12142 3909/15/12143 1984/15/12144
f 802/15/12145 3906/15/12146 1985/15/12147 3137/15/12148
f 3137/15/12149 1985/15/12150 3136/15/12151 515/15/12152
f 1985/15/12153 3908/15/12154 803/15/12155 3136/15/12156
f 3906/15/12157 139/15/12158 3908/15/12159 1985/15/12160
f 139/15/12161 3910/15/12162 1986/15/12163 3908/15/12164
f 3908/15/12165 1986/15/12166 3138/15/12167 803/15/12168
f 1986/15/12169 3141/15/12170 516/15/12171 3138/15/12172
f 3910/15/12173 804/15/12174 3141/15/12175 1986/15/12176
f 803/15/12177 3138/15/12178 1987/15/12179 3909/15/12180
f 3909/15/12181 1987/15/12182 4292/15/12183 210/15/12184
f 1987/15/12185 3139/15/12186 995/15/12187 4292/15/12188
f 3138/15/12189 516/15/12190 3139/15/12191 1987/15/12192
f 516/15/12193 3140/15/12194 1988/15/12195 3139/15/12196
f 3139/15/12197 1988/15/12198 4293/15/12199 995/15/12200
f 1988/15/12201 4639/15/12202 77/15/12203 4293/15/12204
f 3140/15/12205 1168/15/12206 4639/15/12207 1988/15/12208
f 804/15/12209 3911/15/12210 1989/15/12211 3141/15/12212
f 3141/15/12213 1989/15/12214 3140/15/12215 516/15/12216
f 1989/15/12217 4638/15/12218 1168/15/12219 3140/15/12220
f 3911/15/12221 297/15/12222 4638/15/12223 1989/15/12224
f 291/15/12225 4616/15/12226 1990/15/12227 3913/15/12228
f 3913/15/12229 1990/15/12230 3142/15/12231 805/15/12232
f 1990/15/12233 3145/15/12234 517/15/12235 3142/15/12236
f 4616/15/12237 1157/15/12238 3145/15/12239 1990/15/12240
f 805/15/12241 3142/15/12242 1991/15/12243 3912/15/12244
f 3912/15/12245 1991/15/12246 3910/15/12247 139/15/12248
f 1991/15/12249 3143/15/12250 804/15/12251 3910/15/12252
f 3142/15/12253 517/15/12254 3143/15/12255 1991/15/12256
f 517/15/12257 3144/15/12258 1992/15/12259 3143/15/12260
f 3143/15/12261 1992/15/12262 3911/15/12263 804/15/12264
f 1992/15/12265 4640/15/12266 297/15/12267 3911/15/12268
f 3144/15/12269 1169/15/12270 4640/15/12271 1992/15/12272
f 1157/15/12273 4617/15/12274 1993/15/12275 3145/15/12276
f 3145/15/12277 1993/15/12278 3144/15/12279 517/15/12280
f 1993/15/12281 4641/15/12282 1169/15/12283 3144/15/12284
f 4617/15/12285 19/15/12286 4641/15/12287 1993/15/12288
f 17/169/12289 4665/169/12290 1994/169/12291 4601/169/12292
f 4601/169/12293 1994/169/12294 3146/169/12295 1149/169/12296
f 1994/169/12297 3149/169/12298 518/169/12299 3146/169/12300
f 4665/169/12301 1181/169/12302 3149/169/12303 1994/169/12304
f 1149/169/12305 3146/169/12306 1995/169/12307 4600/169/12308
f 4600/169/12309 1995/169/12310 3915/169/12311 287/169/12312
f 1995/169/12313 3147/169/12314 806/169/12315 3915/169/12316
f 3146/169/12317 518/169/12318 3147/169/12319 1995/169/12320
f 518/169/12321 3148/169/12322 1996/169/12323 3147/169/12324
f 3147/169/12325 1996/169/12326 3914/169/12327 806/169/12328
f 1996/169/12329 3920/169/12330 140/169/12331 3914/169/12332
f 3148/169/12333 809/169/12334 3920/169/12335 1996/169/12336
f 1181/169/12337 4664/169/12338 1997/169/12339 3149/169/12340
f 3149/169/12341 1997/169/12342 3148/169/12343 518/169/12344
f 1997/169/12345 3921/169/12346 809/169/12347 3148/169/12348
f 4664/169/12349 303/169/12350 3921/169/12351 1997/169/12352
f 287/169/12353 3915/169/12354 1998/169/12355 4598/169/12356
f 4598/169/12357 1998/169/12358 3150/169/12359 1148/169/12360
f 1998/169/12361 3153/169/12362 519/169/12363 3150/169/12364
f 3915/169/12365 806/169/12366 3153/169/12367 1998/169/12368
f 1148/169/12369 3150/169/12370 1999/169/12371 4599/169/12372
f 4599/169/12373 1999/169/12374 4301/169/12375 72/169/12376
f 1999/169/12377 3151/169/12378 999/169/12379 4301/169/12380
f 3150/169/12381 519/169/12382 3151/169/12383 1999/169/12384
f 519/169/12385 3152/169/12386 2000/169/12387 3151/169/12388
f 3151/169/12389 2000/169/12390 4300/169/12391 999/169/12392
f 2000/169/12393 3917/169/12394 212/169/12395 4300/169/12396
f 3152/169/12397 807/169/12398 3917/169/12399 2000/169/12400
f 806/169/12401 3914/169/12402 2001/169/12403 3153/169/12404
f 3153/169/12405 2001/169/12406 3152/169/12407 519/169/12408
f 2001/169/12409 3916/169/12410 807/169/12411 3152/169/12412
f 3914/169/12413 140/169/12414 3916/169/12415 2001/169/12416
f 140/169/12417 3918/169/12418 2002/169/12419 3916/169/12420
f 3916/169/12421 2002/169/12422 3154/169/12423 807/169/12424
f 2002/169/12425 3157/169/12426 520/169/12427 3154/169/12428
f 3918/169/12429 808/169/12430 3157/169/12431 2002/169/12432
f 807/169/12433 3154/169/12434 2003/169/12435 3917/169/12436
f 3917/169/12437 2003/169/12438 4298/169/12439 212/169/12440
f 2003/169/12441 3155/169/12442 998/169/12443 4298/169/12444
f 3154/169/12445 520/169/12446 3155/169/12447 2003/169/12448
f 520/169/12449 3156/169/12450 2004/169/12451 3155/169/12452
f 3155/169/12453 2004/169/12454 4299/169/12455 998/169/12456
f 2004/169/12457 4311/169/12458 41/169/12459 4299/169/12460
f 3156/169/12461 1004/169/12462 4311/169/12463 2004/169/12464
f 808/169/12465 3919/169/12466 2005/169/12467 3157/169/12468
f 3157/169/12469 2005/169/12470 3156/169/12471 520/169/12472
f 2005/169/12473 4310/169/12474 1004/169/12475 3156/169/12476
f 3919/169/12477 215/169/12478 4310/169/12479 2005/169/12480
f 303/169/12481 4662/169/12482 2006/169/12483 3921/169/12484
f 3921/169/12485 2006/169/12486 3158/169/12487 809/169/12488
f 2006/169/12489 3161/169/12490 521/169/12491 3158/169/12492
f 4662/169/12493 1180/169/12494 3161/169/12495 2006/169/12496
f 809/169/12497 3158/169/12498 2007/169/12499 3920/169/12500
f 3920/169/12501 2007/169/12502 3918/169/12503 140/169/12504
f 2007/169/12505 3159/169/12506 808/169/12507 3918/169/12508
f 3158/169/12509 521/169/12510 3159/169/12511 2007/169/12512
f 521/169/12513 3160/169/12514 2008/169/12515 3159/169/12516
f 3159/169/12517 2008/169/12518 3919/169/12519 808/169/12520
f 2008/169/12521 4312/169/12522 215/169/12523 3919/169/12524
f 3160/169/12525 1005/169/12526 4312/169/12527 2008/169/12528
f 1180/169/12529 4663/169/12530 2009/169/12531 3161/169/12532
f 3161/169/12533 2009/169/12534 3160/169/12535 521/169/12536
f 2009/169/12537 4313/169/12538 1005/169/12539 3160/169/12540
f 4663/169/12541 80/169/12542 4313/169/12543 2009/169/12544
f 72/169/12545 4301/169/12546 2010/169/12547 4595/169/12548
f 4595/169/12549 2010/169/12550 3162/169/12551 1146/169/12552
f 2010/169/12553 3165/169/12554 522/169/12555 3162/169/12556
f 4301/169/12557 999/169/12558 3165/169/12559 2010/169/12560
f 1146/169/12561 3162/169/12562 2011/169/12563 4594/169/12564
f 4594/169/12565 2011/169/12566 3923/169/12567 286/169/12568
f 2011/169/12569 3163/169/12570 810/169/12571 3923/169/12572
f 3162/169/12573 522/169/12574 3163/169/12575 2011/169/12576
f 522/169/12577 3164/169/12578 2012/169/12579 3163/169/12580
f 3163/169/12581 2012/169/12582 3922/169/12583 810/169/12584
f 2012/169/12585 3928/169/12586 141/169/12587 3922/169/12588
f 3164/169/12589 813/169/12590 3928/169/12591 2012/169/12592
f 999/169/12593 4300/169/12594 2013/169/12595 3165/169/12596
f 3165/169/12597 2013/169/12598 3164/169/12599 522/169/12600
f 2013/169/12601 3929/169/12602 813/169/12603 3164/169/12604
f 4300/169/12605 212/169/12606 3929/169/12607 2013/169/12608
f 286/169/12609 3923/169/12610 2014/169/12611 4596/169/12612
f 4596/169/12613 2014/169/12614 3166/169/12615 1147/169/12616
f 2014/169/12617 3169/169/12618 523/169/12619 3166/169/12620
f 3923/169/12621 810/169/12622 3169/169/12623 2014/169/12624
f 1147/169/12625 3166/169/12626 2015/169/12627 4597/169/12628
f 4597/169/12629 2015/169/12630 4645/169/12631 18/169/12632
f 2015/169/12633 3167/169/12634 1171/169/12635 4645/169/12636
f 3166/169/12637 523/169/12638 3167/169/12639 2015/169/12640
f 523/169/12641 3168/169/12642 2016/169/12643 3167/169/12644
f 3167/169/12645 2016/169/12646 4644/169/12647 1171/169/12648
f 2016/169/12649 3925/169/12650 298/169/12651 4644/169/12652
f 3168/169/12653 811/169/12654 3925/169/12655 2016/169/12656
f 810/169/12657 3922/169/12658 2017/169/12659 3169/169/12660
f 3169/169/12661 2017/169/12662 3168/169/12663 523/169/12664
f 2017/169/12665 3924/169/12666 811/169/12667 3168/169/12668
f 3922/169/12669 141/169/12670 3924/169/12671 2017/169/12672
f 141/169/12673 3926/169/12674 2018/169/12675 3924/169/12676
f 3924/169/12677 2018/169/12678 3170/169/12679 811/169/12680
f 2018/169/12681 3173/169/12682 524/169/12683 3170/169/12684
f 3926/169/12685 812/169/12686 3173/169/12687 2018/169/12688
f 811/169/12689 3170/169/12690 2019/169/12691 3925/169/12692
f 3925/169/12693 2019/169/12694 4642/169/12695 298/169/12696
f 2019/169/12697 3171/169/12698 1170/169/12699 4642/169/12700
f 3170/169/12701 524/169/12702 3171/169/12703 2019/169/12704
f 524/169/12705 3172/169/12706 2020/169/12707 3171/169/12708
f 3171/169/12709 2020/169/12710 4643/169/12711 1170/169/12712
f 2020/169/12713 4305/169/12714 78/169/12715 4643/169/12716
f 3172/169/12717 1001/169/12718 4305/169/12719 2020/169/12720
f 812/169/12721 3927/169/12722 2021/169/12723 3173/169/12724
f 3173/169/12725 2021/169/12726 3172/169/12727 524/169/12728
f 2021/169/12729 4304/169/12730 1001/169/12731 3172/169/12732
f 3927/169/12733 213/169/12734 4304/169/12735 2021/169/12736
f 212/169/12737 4298/169/12738 2022/169/12739 3929/169/12740
f 3929/169/12741 2022/169/12742 3174/169/12743 813/169/12744
f 2022/169/12745 3177/169/12746 525/169/12747 3174/169/12748
f 4298/169/12749 998/169/12750 3177/169/12751 2022/169/12752
f 813/169/12753 3174/169/12754 2023/169/12755 3928/169/12756
f 3928/169/12757 2023/169/12758 3926/169/12759 141/169/12760
f 2023/169/12761 3175/169/12762 812/169/12763 3926/169/12764
f 3174/169/12765 525/169/12766 3175/169/12767 2023/169/12768
f 525/169/12769 3176/169/12770 2024/169/12771 3175/169/12772
f 3175/169/12773 2024/169/12774 3927/169/12775 812/169/12776
f 2024/169/12777 4302/169/12778 213/169/12779 3927/169/12780
f 3176/169/12781 1000/169/12782 4302/169/12783 2024/169/12784
f 998/169/12785 4299/169/12786 2025/169/12787 3177/169/12788
f 3177/169/12789 2025/169/12790 3176/169/12791 525/169/12792
f 2025/169/12793 4303/169/12794 1000/169/12795 3176/169/12796
f 4299/169/12797 41/169/12798 4303/169/12799 2025/169/12800
f 41/169/12801 4307/169/12802 2026/169/12803 4303/169/12804
f 4303/169/12805 2026/169/12806 3178/169/12807 1000/169/12808
f 2026/169/12809 3181/169/12810 526/169/12811 3178/169/12812
f 4307/169/12813 1002/169/12814 3181/169/12815 2026/169/12816
f 1000/169/12817 3178/169/12818 2027/169/12819 4302/169/12820
f 4302/169/12821 2027/169/12822 3931/169/12823 213/169/12824
f 2027/169/12825 3179/169/12826 814/169/12827 3931/169/12828
f 3178/169/12829 526/169/12830 3179/169/12831 2027/169/12832
f 526/169/12833 3180/169/12834 2028/169/12835 3179/169/12836
f 3179/169/12837 2028/169/12838 3930/169/12839 814/169/12840
f 2028/169/12841 3936/169/12842 142/169/12843 3930/169/12844
f 3180/169/12845 817/169/12846 3936/169/12847 2028/169/12848
f 1002/169/12849 4306/169/12850 2029/169/12851 3181/169/12852
f 3181/169/12853 2029/169/12854 3180/169/12855 526/169/12856
f 2029/169/12857 3937/169/12858 817/169/12859 3180/169/12860
f 4306/169/12861 214/169/12862 3937/169/12863 2029/169/12864
f 213/169/12865 3931/169/12866 2030/169/12867 4304/169/12868
f 4304/169/12869 2030/169/12870 3182/169/12871 1001/169/12872
f 2030/169/12873 3185/169/12874 527/169/12875 3182/169/12876
f 3931/169/12877 814/169/12878 3185/169/12879 2030/169/12880
f 1001/169/12881 3182/169/12882 2031/169/12883 4305/169/12884
f 4305/169/12885 2031/169/12886 4647/169/12887 78/169/12888
f 2031/169/12889 3183/169/12890 1172/169/12891 4647/169/12892
f 3182/169/12893 527/169/12894 3183/169/12895 2031/169/12896
f 527/169/12897 3184/169/12898 2032/169/12899 3183/169/12900
f 3183/169/12901 2032/169/12902 4646/169/12903 1172/169/12904
f 2032/169/12905 3933/169/12906 299/169/12907 4646/169/12908
f 3184/169/12909 815/169/12910 3933/169/12911 2032/169/12912
f 814/169/12913 3930/169/12914 2033/169/12915 3185/169/12916
f 3185/169/12917 2033/169/12918 3184/169/12919 527/169/12920
f 2033/169/12921 3932/169/12922 815/169/12923 3184/169/12924
f 3930/169/12925 142/169/12926 3932/169/12927 2033/169/12928
f 142/169/12929 3934/169/12930 2034/169/12931 3932/169/12932
f 3932/169/12933 2034/169/12934 3186/169/12935 815/169/12936
f 2034/169/12937 3189/169/12938 528/169/12939 3186/169/12940
f 3934/169/12941 816/169/12942 3189/169/12943 2034/169/12944
f 815/169/12945 3186/169/12946 2035/169/12947 3933/169/12948
f 3933/169/12949 2035/169/12950 4648/169/12951 299/169/12952
f 2035/169/12953 3187/169/12954 1173/169/12955 4648/169/12956
f 3186/169/12957 528/169/12958 3187/169/12959 2035/169/12960
f 528/169/12961 3188/169/12962 2036/169/12963 3187/169/12964
f 3187/169/12965 2036/169/12966 4649/169/12967 1173/169/12968
f 2036/169/12969 4653/169/12970 22/169/12971 4649/169/12972
f 3188/169/12973 1175/169/12974 4653/169/12975 2036/169/12976
f 816/169/12977 3935/169/12978 2037/169/12979 3189/169/12980
f 3189/169/12981 2037/169/12982 3188/169/12983 528/169/12984
f 2037/169/12985 4652/169/12986 1175/169/12987 3188/169/12988
f 3935/169/12989 300/169/12990 4652/169/12991 2037/169/12992
f 214/169/12993 4308/169/12994 2038/169/12995 3937/169/12996
f 3937/169/12997 2038/169/12998 3190/169/12999 817/169/13000
f 2038/169/13001 3193/169/13002 529/169/13003 3190/169/13004
f 4308/169/13005 1003/169/13006 3193/169/13007 2038/169/13008
f 817/169/13009 3190/169/13010 2039/169/13011 3936/169/13012
f 3936/169/13013 2039/169/13014 3934/169/13015 142/169/13016
f 2039/169/13017 3191/169/13018 816/169/13019 3934/169/13020
f 3190/169/13021 529/169/13022 3191/169/13023 2039/169/13024
f 529/169/13025 3192/169/13026 2040/169/13027 3191/169/13028
f 3191/169/13029 2040/169/13030 3935/169/13031 816/169/13032
f 2040/169/13033 4650/169/13034 300/169/13035 3935/169/13036
f 3192/169/13037 1174/169/13038 4650/169/13039 2040/169/13040
f 1003/169/13041 4309/169/13042 2041/169/13043 3193/169/13044
f 3193/169/13045 2041/169/13046 3192/169/13047 529/169/13048
f 2041/169/13049 4651/169/13050 1174/169/13051 3192/169/13052
f 4309/169/13053 79/169/13054 4651/169/13055 2041/169/13056
f 80/169/13057 4659/169/13058 2042/169/13059 4313/169/13060
f 4313/169/13061 2042/169/13062 3194/169/13063 1005/169/13064
f 2042/169/13065 3197/169/13066 530/169/13067 3194/169/13068
f 4659/169/13069 1178/169/13070 3197/169/13071 2042/169/13072
f 1005/169/13073 3194/169/13074 2043/169/13075 4312/169/13076
f 4312/169/13077 2043/169/13078 3939/169/13079 215/169/13080
f 2043/169/13081 3195/169/13082 818/169/13083 3939/169/13084
f 3194/169/13085 530/169/13086 3195/169/13087 2043/169/13088
f 530/169/13089 3196/169/13090 2044/169/13091 3195/169/13092
f 3195/169/13093 2044/169/13094 3938/169/13095 818/169/13096
f 2044/169/13097 3944/169/13098 143/169/13099 3938/169/13100
f 3196/169/13101 821/169/13102 3944/169/13103 2044/169/13104
f 1178/169/13105 4658/169/13106 2045/169/13107 3197/169/13108
f 3197/169/13109 2045/169/13110 3196/169/13111 530/169/13112
f 2045/169/13113 3945/169/13114 821/169/13115 3196/169/13116
f 4658/169/13117 302/169/13118 3945/169/13119 2045/169/13120
f 215/169/13121 3939/169/13122 2046/169/13123 4310/169/13124
f 4310/169/13125 2046/169/13126 3198/169/13127 1004/169/13128
f 2046/169/13129 3201/169/13130 531/169/13131 3198/169/13132
f 3939/169/13133 818/169/13134 3201/169/13135 2046/169/13136
f 1004/169/13137 3198/169/13138 2047/169/13139 4311/169/13140
f 4311/169/13141 2047/169/13142 4307/169/13143 41/169/13144
f 2047/169/13145 3199/169/13146 1002/169/13147 4307/169/13148
f 3198/169/13149 531/169/13150 3199/169/13151 2047/169/13152
f 531/169/13153 3200/169/13154 2048/169/13155 3199/169/13156
f 3199/169/13157 2048/169/13158 4306/169/13159 1002/169/13160
f 2048/169/13161 3941/169/13162 214/169/13163 4306/169/13164
f 3200/169/13165 819/169/13166 3941/169/13167 2048/169/13168
f 818/169/13169 3938/169/13170 2049/169/13171 3201/169/13172
f 3201/169/13173 2049/169/13174 3200/169/13175 531/169/13176
f 2049/169/13177 3940/169/13178 819/169/13179 3200/169/13180
f 3938/169/13181 143/169/13182 3940/169/13183 2049/169/13184
f 143/169/13185 3942/169/13186 2050/169/13187 3940/169/13188
f 3940/169/13189 2050/169/13190 3202/169/13191 819/169/13192
f 2050/169/13193 3205/169/13194 532/169/13195 3202/169/13196
f 3942/169/13197 820/169/13198 3205/169/13199 2050/169/13200
f 819/169/13201 3202/169/13202 2051/169/13203 3941/169/13204
f 3941/169/13205 2051/169/13206 4308/169/13207 214/169/13208
f 2051/169/13209 3203/169/13210 1003/169/13211 4308/169/13212
f 3202/169/13213 532/169/13214 3203/169/13215 2051/169/13216
f 532/169/13217 3204/169/13218 2052/169/13219 3203/169/13220
f 3203/169/13221 2052/169/13222 4309/169/13223 1003/169/13224
f 2052/169/13225 4655/169/13226 79/169/13227 4309/169/13228
f 3204/169/13229 1176/169/13230 4655/169/13231 2052/169/13232
f 820/169/13233 3943/169/13234 2053/169/13235 3205/169/13236
f 3205/169/13237 2053/169/13238 3204/169/13239 532/169/13240
f 2053/169/13241 4654/169/13242 1176/169/13243 3204/169/13244
f 3943/169/13245 301/169/13246 4654/169/13247 2053/169/13248
f 302/169/13249 4660/169/13250 2054/169/13251 3945/169/13252
f 3945/169/13253 2054/169/13254 3206/169/13255 821/169/13256
f 2054/169/13257 3209/169/13258 533/169/13259 3206/169/13260
f 4660/169/13261 1179/169/13262 3209/169/13263 2054/169/13264
f 821/169/13265 3206/169/13266 2055/169/13267 3944/169/13268
f 3944/169/13269 2055/169/13270 3942/169/13271 143/169/13272
f 2055/169/13273 3207/169/13274 820/169/13275 3942/169/13276
f 3206/169/13277 533/169/13278 3207/169/13279 2055/169/13280
f 533/169/13281 3208/169/13282 2056/169/13283 3207/169/13284
f 3207/169/13285 2056/169/13286 3943/169/13287 820/169/13288
f 2056/169/13289 4656/169/13290 301/169/13291 3943/169/13292
f 3208/169/13293 1177/169/13294 4656/169/13295 2056/169/13296
f 1179/169/13297 4661/169/13298 2057/169/13299 3209/169/13300
f 3209/169/13301 2057/169/13302 3208/169/13303 533/169/13304
f 2057/169/13305 4657/169/13306 1177/169/13307 3208/169/13308
f 4661/169/13309 21/169/13310 4657/169/13311 2057/169/13312
f 18/169/13313 4645/169/13314 2058/169/13315 4625/169/13316
f 4625/169/13317 2058/169/13318 3210/167/13319 1161/167/13320
f 2058/169/13321 3213/169/13322 534/167/13323 3210/167/13324
f 4645/169/13325 1171/169/13326 3213/169/13327 2058/169/13328
f 1161/167/13329 3210/167/13330 2059/166/13331 4624/166/13332
f 4624/166/13333 2059/166/13334 3947/156/13335 293/156/13336
f 2059/166/13337 3211/166/13338 822/156/13339 3947/156/13340
f 3210/167/13341 534/167/13342 3211/166/13343 2059/166/13344
f 534/167/13345 3212/167/13346 2060/166/13347 3211/166/13348
f 3211/166/13349 2060/166/13350 3946/156/13351 822/156/13352
f 2060/166/13353 3952/166/13354 144/156/13355 3946/156/13356
f 3212/167/13357 825/167/13358 3952/166/13359 2060/166/13360
f 1171/169/13361 4644/169/13362 2061/169/13363 3213/169/13364
f 3213/169/13365 2061/169/13366 3212/167/13367 534/167/13368
f 2061/169/13369 3953/169/13370 825/167/13371 3212/167/13372
f 4644/169/13373 298/169/13374 3953/169/13375 2061/169/13376
f 293/156/13377 3947/156/13378 2062/155/13379 4622/155/13380
f 4622/155/13381 2062/155/13382 3214/153/13383 1160/153/13384
f 2062/155/13385 3217/155/13386 535/153/13387 3214/153/13388
f 3947/156/13389 822/156/13390 3217/155/13391 2062/155/13392
f 1160/153/13393 3214/153/13394 2063/152/13395 4623/152/13396
f 4623/152/13397 2063/152/13398 4317/110/13399 75/110/13400
f 2063/152/13401 3215/152/13402 1007/110/13403 4317/110/13404
f 3214/153/13405 535/153/13406 3215/152/13407 2063/152/13408
f 535/153/13409 3216/153/13410 2064/152/13411 3215/152/13412
f 3215/152/13413 2064/152/13414 4316/110/13415 1007/110/13416
f 2064/152/13417 3949/152/13418 216/110/13419 4316/110/13420
f 3216/153/13421 823/153/13422 3949/152/13423 2064/152/13424
f 822/156/13425 3946/156/13426 2065/155/13427 3217/155/13428
f 3217/155/13429 2065/155/13430 3216/153/13431 535/153/13432
f 2065/155/13433 3948/155/13434 823/153/13435 3216/153/13436
f 3946/156/13437 144/156/13438 3948/155/13439 2065/155/13440
f 144/156/13441 3950/156/13442 2066/155/13443 3948/155/13444
f 3948/155/13445 2066/155/13446 3218/153/13447 823/153/13448
f 2066/155/13449 3221/155/13450 536/153/13451 3218/153/13452
f 3950/156/13453 824/156/13454 3221/155/13455 2066/155/13456
f 823/153/13457 3218/153/13458 2067/152/13459 3949/152/13460
f 3949/152/13461 2067/152/13462 4314/110/13463 216/110/13464
f 2067/152/13465 3219/152/13466 1006/110/13467 4314/110/13468
f 3218/153/13469 536/153/13470 3219/152/13471 2067/152/13472
f 536/153/13473 3220/153/13474 2068/152/13475 3219/152/13476
f 3219/152/13477 2068/152/13478 4315/110/13479 1006/110/13480
f 2068/152/13481 4327/152/13482 42/110/13483 4315/110/13484
f 3220/153/13485 1012/153/13486 4327/152/13487 2068/152/13488
f 824/156/13489 3951/156/13490 2069/155/13491 3221/155/13492
f 3221/155/13493 2069/155/13494 3220/153/13495 536/153/13496
f 2069/155/13497 4326/155/13498 1012/153/13499 3220/153/13500
f 3951/156/13501 219/156/13502 4326/155/13503 2069/155/13504
f 298/169/13505 4642/169/13506 2070/169/13507 3953/169/13508
f 3953/169/13509 2070/169/13510 3222/167/13511 825/167/13512
f 2070/169/13513 3225/169/13514 537/167/13515 3222/167/13516
f 4642/169/13517 1170/169/13518 3225/169/13519 2070/169/13520
f 825/167/13521 3222/167/13522 2071/166/13523 3952/166/13524
f 3952/166/13525 2071/166/13526 3950/156/13527 144/156/13528
f 2071/166/13529 3223/166/13530 824/156/13531 3950/156/13532
f 3222/167/13533 537/167/13534 3223/166/13535 2071/166/13536
f 537/167/13537 3224/167/13538 2072/166/13539 3223/166/13540
f 3223/166/13541 2072/166/13542 3951/156/13543 824/156/13544
f 2072/166/13545 4328/166/13546 219/156/13547 3951/156/13548
f 3224/167/13549 1013/167/13550 4328/166/13551 2072/166/13552
f 1170/169/13553 4643/169/13554 2073/169/13555 3225/169/13556
f 3225/169/13557 2073/169/13558 3224/167/13559 537/167/13560
f 2073/169/13561 4329/169/13562 1013/167/13563 3224/167/13564
f 4643/169/13565 78/169/13566 4329/169/13567 2073/169/13568
f 75/110/13569 4317/110/13570 2074/109/13571 4619/109/13572
f 4619/109/13573 2074/109/13574 3226/107/13575 1158/107/13576
f 2074/109/13577 3229/109/13578 538/107/13579 3226/107/13580
f 4317/110/13581 1007/110/13582 3229/109/13583 2074/109/13584
f 1158/107/13585 3226/107/13586 2075/106/13587 4618/106/13588
f 4618/106/13589 2075/106/13590 3955/96/13591 292/96/13592
f 2075/106/13593 3227/106/13594 826/96/13595 3955/96/13596
f 3226/107/13597 538/107/13598 3227/106/13599 2075/106/13600
f 538/107/13601 3228/107/13602 2076/106/13603 3227/106/13604
f 3227/106/13605 2076/106/13606 3954/96/13607 826/96/13608
f 2076/106/13609 3960/106/13610 145/96/13611 3954/96/13612
f 3228/107/13613 829/107/13614 3960/106/13615 2076/106/13616
f 1007/110/13617 4316/110/13618 2077/109/13619 3229/109/13620
f 3229/109/13621 2077/109/13622 3228/107/13623 538/107/13624
f 2077/109/13625 3961/109/13626 829/107/13627 3228/107/13628
f 4316/110/13629 216/110/13630 3961/109/13631 2077/109/13632
f 292/96/13633 3955/96/13634 2078/95/13635 4620/95/13636
f 4620/95/13637 2078/95/13638 3230/93/13639 1159/93/13640
f 2078/95/13641 3233/95/13642 539/93/13643 3230/93/13644
f 3955/96/13645 826/96/13646 3233/95/13647 2078/95/13648
f 1159/93/13649 3230/93/13650 2079/15/13651 4621/15/13652
f 4621/15/13653 2079/15/13654 4669/15/13655 19/15/13656
f 2079/15/13657 3231/15/13658 1183/15/13659 4669/15/13660
f 3230/93/13661 539/93/13662 3231/15/13663 2079/15/13664
f 539/93/13665 3232/93/13666 2080/15/13667 3231/15/13668
f 3231/15/13669 2080/15/13670 4668/15/13671 1183/15/13672
f 2080/15/13673 3957/15/13674 304/15/13675 4668/15/13676
f 3232/93/13677 827/93/13678 3957/15/13679 2080/15/13680
f 826/96/13681 3954/96/13682 2081/95/13683 3233/95/13684
f 3233/95/13685 2081/95/13686 3232/93/13687 539/93/13688
f 2081/95/13689 3956/95/13690 827/93/13691 3232/93/13692
f 3954/96/13693 145/96/13694 3956/95/13695 2081/95/13696
f 145/96/13697 3958/96/13698 2082/95/13699 3956/95/13700
f 3956/95/13701 2082/95/13702 3234/93/13703 827/93/13704
f 2082/95/13705 3237/95/13706 540/93/13707 3234/93/13708
f 3958/96/13709 828/96/13710 3237/95/13711 2082/95/13712
f 827/93/13713 3234/93/13714 2083/15/13715 3957/15/13716
f 3957/15/13717 2083/15/13718 4666/15/13719 304/15/13720
f 2083/15/13721 3235/15/13722 1182/15/13723 4666/15/13724
f 3234/93/13725 540/93/13726 3235/15/13727 2083/15/13728
f 540/93/13729 3236/93/13730 2084/15/13731 3235/15/13732
f 3235/15/13733 2084/15/13734 4667/15/13735 1182/15/13736
f 2084/15/13737 4321/15/13738 81/15/13739 4667/15/13740
f 3236/93/13741 1009/93/13742 4321/15/13743 2084/15/13744
f 828/96/13745 3959/96/13746 2085/95/13747 3237/95/13748
f 3237/95/13749 2085/95/13750 3236/93/13751 540/93/13752
f 2085/95/13753 4320/95/13754 1009/93/13755 3236/93/13756
f 3959/96/13757 217/96/13758 4320/95/13759 2085/95/13760
f 216/110/13761 4314/110/13762 2086/109/13763 3961/109/13764
f 3961/109/13765 2086/109/13766 3238/107/13767 829/107/13768
f 2086/109/13769 3241/109/13770 541/107/13771 3238/107/13772
f 4314/110/13773 1006/110/13774 3241/109/13775 2086/109/13776
f 829/107/13777 3238/107/13778 2087/106/13779 3960/106/13780
f 3960/106/13781 2087/106/13782 3958/96/13783 145/96/13784
f 2087/106/13785 3239/106/13786 828/96/13787 3958/96/13788
f 3238/107/13789 541/107/13790 3239/106/13791 2087/106/13792
f 541/107/13793 3240/107/13794 2088/106/13795 3239/106/13796
f 3239/106/13797 2088/106/13798 3959/96/13799 828/96/13800
f 2088/106/13801 4318/106/13802 217/96/13803 3959/96/13804
f 3240/107/13805 1008/107/13806 4318/106/13807 2088/106/13808
f 1006/110/13809 4315/110/13810 2089/109/13811 3241/109/13812
f 3241/109/13813 2089/109/13814 3240/107/13815 541/107/13816
f 2089/109/13817 4319/109/13818 1008/107/13819 3240/107/13820
f 4315/110/13821 42/110/13822 4319/109/13823 2089/109/13824
f 42/110/13825 4323/110/13826 2090/109/13827 4319/109/13828
f 4319/109/13829 2090/109/13830 3242/107/13831 1008/107/13832
f 2090/109/13833 3245/109/13834 542/107/13835 3242/107/13836
f 4323/110/13837 1010/110/13838 3245/109/13839 2090/109/13840
f 1008/107/13841 3242/107/13842 2091/106/13843 4318/106/13844
f 4318/106/13845 2091/106/13846 3963/96/13847 217/96/13848
f 2091/106/13849 3243/106/13850 830/96/13851 3963/96/13852
f 3242/107/13853 542/107/13854 3243/106/13855 2091/106/13856
f 542/107/13857 3244/107/13858 2092/106/13859 3243/106/13860
f 3243/106/13861 2092/106/13862 3962/96/13863 830/96/13864
f 2092/106/13865 3968/106/13866 146/96/13867 3962/96/13868
f 3244/107/13869 833/107/13870 3968/106/13871 2092/106/13872
f 1010/110/13873 4322/110/13874 2093/109/13875 3245/109/13876
f 3245/109/13877 2093/109/13878 3244/107/13879 542/107/13880
f 2093/109/13881 3969/109/13882 833/107/13883 3244/107/13884
f 4322/110/13885 218/110/13886 3969/109/13887 2093/109/13888
f 217/96/13889 3963/96/13890 2094/95/13891 4320/95/13892
f 4320/95/13893 2094/95/13894 3246/93/13895 1009/93/13896
f 2094/95/13897 3249/95/13898 543/93/13899 3246/93/13900
f 3963/96/13901 830/96/13902 3249/95/13903 2094/95/13904
f 1009/93/13905 3246/93/13906 2095/15/13907 4321/15/13908
f 4321/15/13909 2095/15/13910 4671/15/13911 81/15/13912
f 2095/15/13913 3247/15/13914 1184/15/13915 4671/15/13916
f 3246/93/13917 543/93/13918 3247/15/13919 2095/15/13920
f 543/93/13921 3248/93/13922 2096/15/13923 3247/15/13924
f 3247/15/13925 2096/15/13926 4670/15/13927 1184/15/13928
f 2096/15/13929 3965/15/13930 305/15/13931 4670/15/13932
f 3248/93/13933 831/93/13934 3965/15/13935 2096/15/13936
f 830/96/13937 3962/96/13938 2097/95/13939 3249/95/13940
f 3249/95/13941 2097/95/13942 3248/93/13943 543/93/13944
f 2097/95/13945 3964/95/13946 831/93/13947 3248/93/13948
f 3962/96/13949 146/96/13950 3964/95/13951 2097/95/13952
f 146/96/13953 3966/96/13954 2098/95/13955 3964/95/13956
f 3964/95/13957 2098/95/13958 3250/93/13959 831/93/13960
f 2098/95/13961 3253/95/13962 544/93/13963 3250/93/13964
f 3966/96/13965 832/96/13966 3253/95/13967 2098/95/13968
f 831/93/13969 3250/93/13970 2099/15/13971 3965/15/13972
f 3965/15/13973 2099/15/13974 4672/15/13975 305/15/13976
f 2099/15/13977 3251/15/13978 1185/15/13979 4672/15/13980
f 3250/93/13981 544/93/13982 3251/15/13983 2099/15/13984
f 544/93/13985 3252/93/13986 2100/15/13987 3251/15/13988
f 3251/15/13989 2100/15/13990 4673/15/13991 1185/15/13992
f 2100/15/13993 4677/15/13994 23/15/13995 4673/15/13996
f 3252/93/13997 1187/93/13998 4677/15/13999 2100/15/14000
f 832/96/14001 3967/96/14002 2101/95/14003 3253/95/14004
f 3253/95/14005 2101/95/14006 3252/93/14007 544/93/14008
f 2101/95/14009 4676/95/14010 1187/93/14011 3252/93/14012
f 3967/96/14013 306/96/14014 4676/95/14015 2101/95/14016
f 218/110/14017 4324/110/14018 2102/109/14019 3969/109/14020
f 3969/109/14021 2102/109/14022 3254/107/14023 833/107/14024
f 2102/109/14025 3257/109/14026 545/107/14027 3254/107/14028
f 4324/110/14029 1011/110/14030 3257/109/14031 2102/109/14032
f 833/107/14033 3254/107/14034 2103/106/14035 3968/106/14036
f 3968/106/14037 2103/106/14038 3966/96/14039 146/96/14040
f 2103/106/14041 3255/106/14042 832/96/14043 3966/96/14044
f 3254/107/14045 545/107/14046 3255/106/14047 2103/106/14048
f 545/107/14049 3256/107/14050 2104/106/14051 3255/106/14052
f 3255/106/14053 2104/106/14054 3967/96/14055 832/96/14056
f 2104/106/14057 4674/106/14058 306/96/14059 3967/96/14060
f 3256/107/14061 1186/107/14062 4674/106/14063 2104/106/14064
f 1011/110/14065 4325/110/14066 2105/109/14067 3257/109/14068
f 3257/109/14069 2105/109/14070 3256/107/14071 545/107/14072
f 2105/109/14073 4675/109/14074 1186/107/14075 3256/107/14076
f 4325/110/14077 82/110/14078 4675/109/14079 2105/109/14080
f 78/169/14081 4647/169/14082 2106/169/14083 4329/169/14084
f 4329/169/14085 2106/169/14086 3258/167/14087 1013/167/14088
f 2106/169/14089 3261/169/14090 546/167/14091 3258/167/14092
f 4647/169/14093 1172/169/14094 3261/169/14095 2106/169/14096
f 1013/167/14097 3258/167/14098 2107/166/14099 4328/166/14100
f 4328/166/14101 2107/166/14102 3971/156/14103 219/156/14104
f 2107/166/14105 3259/166/14106 834/156/14107 3971/156/14108
f 3258/167/14109 546/167/14110 3259/166/14111 2107/166/14112
f 546/167/14113 3260/167/14114 2108/166/14115 3259/166/14116
f 3259/166/14117 2108/166/14118 3970/156/14119 834/156/14120
f 2108/166/14121 3976/166/14122 147/156/14123 3970/156/14124
f 3260/167/14125 837/167/14126 3976/166/14127 2108/166/14128
f 1172/169/14129 4646/169/14130 2109/169/14131 3261/169/14132
f 3261/169/14133 2109/169/14134 3260/167/14135 546/167/14136
f 2109/169/14137 3977/169/14138 837/167/14139 3260/167/14140
f 4646/169/14141 299/169/14142 3977/169/14143 2109/169/14144
f 219/156/14145 3971/156/14146 2110/155/14147 4326/155/14148
f 4326/155/14149 2110/155/14150 3262/153/14151 1012/153/14152
f 2110/155/14153 3265/155/14154 547/153/14155 3262/153/14156
f 3971/156/14157 834/156/14158 3265/155/14159 2110/155/14160
f 1012/153/14161 3262/153/14162 2111/152/14163 4327/152/14164
f 4327/152/14165 2111/152/14166 4323/110/14167 42/110/14168
f 2111/152/14169 3263/152/14170 1010/110/14171 4323/110/14172
f 3262/153/14173 547/153/14174 3263/152/14175 2111/152/14176
f 547/153/14177 3264/153/14178 2112/152/14179 3263/152/14180
f 3263/152/14181 2112/152/14182 4322/110/14183 1010/110/14184
f 2112/152/14185 3973/152/14186 218/110/14187 4322/110/14188
f 3264/153/14189 835/153/14190 3973/152/14191 2112/152/14192
f 834/156/14193 3970/156/14194 2113/155/14195 3265/155/14196
f 3265/155/14197 2113/155/14198 3264/153/14199 547/153/14200
f 2113/155/14201 3972/155/14202 835/153/14203 3264/153/14204
f 3970/156/14205 147/156/14206 3972/155/14207 2113/155/14208
f 147/156/14209 3974/156/14210 2114/155/14211 3972/155/14212
f 3972/155/14213 2114/155/14214 3266/153/14215 835/153/14216
f 2114/155/14217 3269/155/14218 548/153/14219 3266/153/14220
f 3974/156/14221 836/156/14222 3269/155/14223 2114/155/14224
f 835/153/14225 3266/153/14226 2115/152/14227 3973/152/14228
f 3973/152/14229 2115/152/14230 4324/110/14231 218/110/14232
f 2115/152/14233 3267/152/14234 1011/110/14235 4324/110/14236
f 3266/153/14237 548/153/14238 3267/152/14239 2115/152/14240
f 548/153/14241 3268/153/14242 2116/152/14243 3267/152/14244
f 3267/152/14245 2116/152/14246 4325/110/14247 1011/110/14248
f 2116/152/14249 4679/152/14250 82/110/14251 4325/110/14252
f 3268/153/14253 1188/153/14254 4679/152/14255 2116/152/14256
f 836/156/14257 3975/156/14258 2117/155/14259 3269/155/14260
f 3269/155/14261 2117/155/14262 3268/153/14263 548/153/14264
f 2117/155/14265 4678/155/14266 1188/153/14267 3268/153/14268
f 3975/156/14269 307/156/14270 4678/155/14271 2117/155/14272
f 299/169/14273 4648/169/14274 2118/169/14275 3977/169/14276
f 3977/169/14277 2118/169/14278 3270/167/14279 837/167/14280
f 2118/169/14281 3273/169/14282 549/167/14283 3270/167/14284
f 4648/169/14285 1173/169/14286 3273/169/14287 2118/169/14288
f 837/167/14289 3270/167/14290 2119/166/14291 3976/166/14292
f 3976/166/14293 2119/166/14294 3974/156/14295 147/156/14296
f 2119/166/14297 3271/166/14298 836/156/14299 3974/156/14300
f 3270/167/14301 549/167/14302 3271/166/14303 2119/166/14304
f 549/167/14305 3272/167/14306 2120/166/14307 3271/166/14308
f 3271/166/14309 2120/166/14310 3975/156/14311 836/156/14312
f 2120/166/14313 4680/166/14314 307/156/14315 3975/156/14316
f 3272/167/14317 1189/167/14318 4680/166/14319 2120/166/14320
f 1173/169/14321 4649/169/14322 2121/169/14323 3273/169/14324
f 3273/169/14325 2121/169/14326 3272/167/14327 549/167/14328
f 2121/169/14329 4681/169/14330 1189/167/14331 3272/167/14332
f 4649/169/14333 22/169/14334 4681/169/14335 2121/169/14336
f 19/15/14337 4669/15/14338 2122/15/14339 4641/15/14340
f 4641/15/14341 2122/15/14342 3274/15/14343 1169/15/14344
f 2122/15/14345 3277/15/14346 550/15/14347 3274/15/14348
f 4669/15/14349 1183/15/14350 3277/15/14351 2122/15/14352
f 1169/15/14353 3274/15/14354 2123/15/14355 4640/15/14356
f 4640/15/14357 2123/15/14358 3979/15/14359 297/15/14360
f 2123/15/14361 3275/15/14362 838/15/14363 3979/15/14364
f 3274/15/14365 550/15/14366 3275/15/14367 2123/15/14368
f 550/15/14369 3276/15/14370 2124/15/14371 3275/15/14372
f 3275/15/14373 2124/15/14374 3978/15/14375 838/15/14376
f 2124/15/14377 3984/15/14378 148/15/14379 3978/15/14380
f 3276/15/14381 841/15/14382 3984/15/14383 2124/15/14384
f 1183/15/14385 4668/15/14386 2125/15/14387 3277/15/14388
f 3277/15/14389 2125/15/14390 3276/15/14391 550/15/14392
f 2125/15/14393 3985/15/14394 841/15/14395 3276/15/14396
f 4668/15/14397 304/15/14398 3985/15/14399 2125/15/14400
f 297/15/14401 3979/15/14402 2126/15/14403 4638/15/14404
f 4638/15/14405 2126/15/14406 3278/15/14407 1168/15/14408
f 2126/15/14409 3281/15/14410 551/15/14411 3278/15/14412
f 3979/15/14413 838/15/14414 3281/15/14415 2126/15/14416
f 1168/15/14417 3278/15/14418 2127/15/14419 4639/15/14420
f 4639/15/14421 2127/15/14422 4333/15/14423 77/15/14424
f 2127/15/14425 3279/15/14426 1015/15/14427 4333/15/14428
f 3278/15/14429 551/15/14430 3279/15/14431 2127/15/14432
f 551/15/14433 3280/15/14434 2128/15/14435 3279/15/14436
f 3279/15/14437 2128/15/14438 4332/15/14439 1015/15/14440
f 2128/15/14441 3981/15/14442 220/15/14443 4332/15/14444
f 3280/15/14445 839/15/14446 3981/15/14447 2128/15/14448
f 838/15/14449 3978/15/14450 2129/15/14451 3281/15/14452
f 3281/15/14453 2129/15/14454 3280/15/14455 551/15/14456
f 2129/15/14457 3980/15/14458 839/15/14459 3280/15/14460
f 3978/15/14461 148/15/14462 3980/15/14463 2129/15/14464
f 148/15/14465 3982/15/14466 2130/15/14467 3980/15/14468
f 3980/15/14469 2130/15/14470 3282/15/14471 839/15/14472
f 2130/15/14473 3285/15/14474 552/15/14475 3282/15/14476
f 3982/15/14477 840/15/14478 3285/15/14479 2130/15/14480
f 839/15/14481 3282/15/14482 2131/15/14483 3981/15/14484
f 3981/15/14485 2131/15/14486 4330/15/14487 220/15/14488
f 2131/15/14489 3283/15/14490 1014/15/14491 4330/15/14492
f 3282/15/14493 552/15/14494 3283/15/14495 2131/15/14496
f 552/15/14497 3284/15/14498 2132/15/14499 3283/15/14500
f 3283/15/14501 2132/15/14502 4331/15/14503 1014/15/14504
f 2132/15/14505 4343/15/14506 43/15/14507 4331/15/14508
f 3284/15/14509 1020/15/14510 4343/15/14511 2132/15/14512
f 840/15/14513 3983/15/14514 2133/15/14515 3285/15/14516
f 3285/15/14517 2133/15/14518 3284/15/14519 552/15/14520
f 2133/15/14521 4342/15/14522 1020/15/14523 3284/15/14524
f 3983/15/14525 223/15/14526 4342/15/14527 2133/15/14528
f 304/15/14529 4666/15/14530 2134/15/14531 3985/15/14532
f 3985/15/14533 2134/15/14534 3286/15/14535 841/15/14536
f 2134/15/14537 3289/15/14538 553/15/14539 3286/15/14540
f 4666/15/14541 1182/15/14542 3289/15/14543 2134/15/14544
f 841/15/14545 3286/15/14546 2135/15/14547 3984/15/14548
f 3984/15/14549 2135/15/14550 3982/15/14551 148/15/14552
f 2135/15/14553 3287/15/14554 840/15/14555 3982/15/14556
f 3286/15/14557 553/15/14558 3287/15/14559 2135/15/14560
f 553/15/14561 3288/15/14562 2136/15/14563 3287/15/14564
f 3287/15/14565 2136/15/14566 3983/15/14567 840/15/14568
f 2136/15/14569 4344/15/14570 223/15/14571 3983/15/14572
f 3288/15/14573 1021/15/14574 4344/15/14575 2136/15/14576
f 1182/15/14577 4667/15/14578 2137/15/14579 3289/15/14580
f 3289/15/14581 2137/15/14582 3288/15/14583 553/15/14584
f 2137/15/14585 4345/15/14586 1021/15/14587 3288/15/14588
f 4667/15/14589 81/15/14590 4345/15/14591 2137/15/14592
f 77/15/14593 4333/15/14594 2138/15/14595 4635/15/14596
f 4635/15/14597 2138/15/14598 3290/15/14599 1166/15/14600
f 2138/15/14601 3293/15/14602 554/15/14603 3290/15/14604
f 4333/15/14605 1015/15/14606 3293/15/14607 2138/15/14608
f 1166/15/14609 3290/15/14610 2139/15/14611 4634/15/14612
f 4634/15/14613 2139/15/14614 3987/15/14615 296/15/14616
f 2139/15/14617 3291/15/14618 842/15/14619 3987/15/14620
f 3290/15/14621 554/15/14622 3291/15/14623 2139/15/14624
f 554/15/14625 3292/15/14626 2140/15/14627 3291/15/14628
f 3291/15/14629 2140/15/14630 3986/15/14631 842/15/14632
f 2140/15/14633 3992/15/14634 149/15/14635 3986/15/14636
f 3292/15/14637 845/15/14638 3992/15/14639 2140/15/14640
f 1015/15/14641 4332/15/14642 2141/15/14643 3293/15/14644
f 3293/15/14645 2141/15/14646 3292/15/14647 554/15/14648
f 2141/15/14649 3993/15/14650 845/15/14651 3292/15/14652
f 4332/15/14653 220/15/14654 3993/15/14655 2141/15/14656
f 296/15/14657 3987/15/14658 2142/15/14659 4636/15/14660
f 4636/15/14661 2142/15/14662 3294/15/14663 1167/15/14664
f 2142/15/14665 3297/15/14666 555/15/14667 3294/15/14668
f 3987/15/14669 842/15/14670 3297/15/14671 2142/15/14672
f 1167/15/14673 3294/15/14674 2143/15/14675 4637/15/14676
f 4637/15/14677 2143/15/14678 4685/15/14679 20/15/14680
f 2143/15/14681 3295/15/14682 1191/15/14683 4685/15/14684
f 3294/15/14685 555/15/14686 3295/15/14687 2143/15/14688
f 555/15/14689 3296/15/14690 2144/15/14691 3295/15/14692
f 3295/15/14693 2144/15/14694 4684/15/14695 1191/15/14696
f 2144/15/14697 3989/15/14698 308/15/14699 4684/15/14700
f 3296/15/14701 843/15/14702 3989/15/14703 2144/15/14704
f 842/15/14705 3986/15/14706 2145/15/14707 3297/15/14708
f 3297/15/14709 2145/15/14710 3296/15/14711 555/15/14712
f 2145/15/14713 3988/15/14714 843/15/14715 3296/15/14716
f 3986/15/14717 149/15/14718 3988/15/14719 2145/15/14720
f 149/15/14721 3990/15/14722 2146/15/14723 3988/15/14724
f 3988/15/14725 2146/15/14726 3298/15/14727 843/15/14728
f 2146/15/14729 3301/15/14730 556/15/14731 3298/15/14732
f 3990/15/14733 844/15/14734 3301/15/14735 2146/15/14736
f 843/15/14737 3298/15/14738 2147/15/14739 3989/15/14740
f 3989/15/14741 2147/15/14742 4682/15/14743 308/15/14744
f 2147/15/14745 3299/15/14746 1190/15/14747 4682/15/14748
f 3298/15/14749 556/15/14750 3299/15/14751 2147/15/14752
f 556/15/14753 3300/15/14754 2148/15/14755 3299/15/14756
f 3299/15/14757 2148/15/14758 4683/15/14759 1190/15/14760
f 2148/15/14761 4337/15/14762 83/15/14763 4683/15/14764
f 3300/15/14765 1017/15/14766 4337/15/14767 2148/15/14768
f 844/15/14769 3991/15/14770 2149/15/14771 3301/15/14772
f 3301/15/14773 2149/15/14774 3300/15/14775 556/15/14776
f 2149/15/14777 4336/15/14778 1017/15/14779 3300/15/14780
f 3991/15/14781 221/15/14782 4336/15/14783 2149/15/14784
f 220/15/14785 4330/15/14786 2150/15/14787 3993/15/14788
f 3993/15/14789 2150/15/14790 3302/15/14791 845/15/14792
f 2150/15/14793 3305/15/14794 557/15/14795 3302/15/14796
f 4330/15/14797 1014/15/14798 3305/15/14799 2150/15/14800
f 845/15/14801 3302/15/14802 2151/15/14803 3992/15/14804
f 3992/15/14805 2151/15/14806 3990/15/14807 149/15/14808
f 2151/15/14809 3303/15/14810 844/15/14811 3990/15/14812
f 3302/15/14813 557/15/14814 3303/15/14815 2151/15/14816
f 557/15/14817 3304/15/14818 2152/15/14819 3303/15/14820
f 3303/15/14821 2152/15/14822 3991/15/14823 844/15/14824
f 2152/15/14825 4334/15/14826 221/15/14827 3991/15/14828
f 3304/15/14829 1016/15/14830 4334/15/14831 2152/15/14832
f 1014/15/14833 4331/15/14834 2153/15/14835 3305/15/14836
f 3305/15/14837 2153/15/14838 3304/15/14839 557/15/14840
f 2153/15/14841 4335/15/14842 1016/15/14843 3304/15/14844
f 4331/15/14845 43/15/14846 4335/15/14847 2153/15/14848
f 43/15/14849 4339/15/14850 2154/15/14851 4335/15/14852
f 4335/15/14853 2154/15/14854 3306/15/14855 1016/15/14856
f 2154/15/14857 3309/15/14858 558/15/14859 3306/15/14860
f 4339/15/14861 1018/15/14862 3309/15/14863 2154/15/14864
f 1016/15/14865 3306/15/14866 2155/15/14867 4334/15/14868
f 4334/15/14869 2155/15/14870 3995/15/14871 221/15/14872
f 2155/15/14873 3307/15/14874 846/15/14875 3995/15/14876
f 3306/15/14877 558/15/14878 3307/15/14879 2155/15/14880
f 558/15/14881 3308/15/14882 2156/15/14883 3307/15/14884
f 3307/15/14885 2156/15/14886 3994/15/14887 846/15/14888
f 2156/15/14889 4000/15/14890 150/15/14891 3994/15/14892
f 3308/15/14893 849/15/14894 4000/15/14895 2156/15/14896
f 1018/15/14897 4338/15/14898 2157/15/14899 3309/15/14900
f 3309/15/14901 2157/15/14902 3308/15/14903 558/15/14904
f 2157/15/14905 4001/15/14906 849/15/14907 3308/15/14908
f 4338/15/14909 222/15/14910 4001/15/14911 2157/15/14912
f 221/15/14913 3995/15/14914 2158/15/14915 4336/15/14916
f 4336/15/14917 2158/15/14918 3310/15/14919 1017/15/14920
f 2158/15/14921 3313/15/14922 559/15/14923 3310/15/14924
f 3995/15/14925 846/15/14926 3313/15/14927 2158/15/14928
f 1017/15/14929 3310/15/14930 2159/15/14931 4337/15/14932
f 4337/15/14933 2159/15/14934 4687/15/14935 83/15/14936
f 2159/15/14937 3311/15/14938 1192/15/14939 4687/15/14940
f 3310/15/14941 559/15/14942 3311/15/14943 2159/15/14944
f 559/15/14945 3312/15/14946 2160/15/14947 3311/15/14948
f 3311/15/14949 2160/15/14950 4686/15/14951 1192/15/14952
f 2160/15/14953 3997/15/14954 309/15/14955 4686/15/14956
f 3312/15/14957 847/15/14958 3997/15/14959 2160/15/14960
f 846/15/14961 3994/15/14962 2161/15/14963 3313/15/14964
f 3313/15/14965 2161/15/14966 3312/15/14967 559/15/14968
f 2161/15/14969 3996/15/14970 847/15/14971 3312/15/14972
f 3994/15/14973 150/15/14974 3996/15/14975 2161/15/14976
f 150/15/14977 3998/15/14978 2162/15/14979 3996/15/14980
f 3996/15/14981 2162/15/14982 3314/15/14983 847/15/14984
f 2162/15/14985 3317/15/14986 560/15/14987 3314/15/14988
f 3998/15/14989 848/15/14990 3317/15/14991 2162/15/14992
f 847/15/14993 3314/15/14994 2163/15/14995 3997/15/14996
f 3997/15/14997 2163/15/14998 4688/15/14999 309/15/15000
f 2163/15/15001 3315/15/15002 1193/15/15003 4688/15/15004
f 3314/15/15005 560/15/15006 3315/15/15007 2163/15/15008
f 560/15/15009 3316/15/15010 2164/15/15011 3315/15/15012
f 3315/15/15013 2164/15/15014 4689/15/15015 1193/15/15016
f 2164/15/15017 4693/15/15018 24/15/15019 4689/15/15020
f 3316/15/15021 1195/15/15022 4693/15/15023 2164/15/15024
f 848/15/15025 3999/15/15026 2165/15/15027 3317/15/15028
f 3317/15/15029 2165/15/15030 3316/15/15031 560/15/15032
f 2165/15/15033 4692/15/15034 1195/15/15035 3316/15/15036
f 3999/15/15037 310/15/15038 4692/15/15039 2165/15/15040
f 222/15/15041 4340/15/15042 2166/15/15043 4001/15/15044
f 4001/15/15045 2166/15/15046 3318/15/15047 849/15/15048
f 2166/15/15049 3321/15/15050 561/15/15051 3318/15/15052
f 4340/15/15053 1019/15/15054 3321/15/15055 2166/15/15056
f 849/15/15057 3318/15/15058 2167/15/15059 4000/15/15060
f 4000/15/15061 2167/15/15062 3998/15/15063 150/15/15064
f 2167/15/15065 3319/15/15066 848/15/15067 3998/15/15068
f 3318/15/15069 561/15/15070 3319/15/15071 2167/15/15072
f 561/15/15073 3320/15/15074 2168/15/15075 3319/15/15076
f 3319/15/15077 2168/15/15078 3999/15/15079 848/15/15080
f 2168/15/15081 4690/15/15082 310/15/15083 3999/15/15084
f 3320/15/15085 1194/15/15086 4690/15/15087 2168/15/15088
f 1019/15/15089 4341/15/15090 2169/15/15091 3321/15/15092
f 3321/15/15093 2169/15/15094 3320/15/15095 561/15/15096
f 2169/15/15097 4691/15/15098 1194/15/15099 3320/15/15100
f 4341/15/15101 84/15/15102 4691/15/15103 2169/15/15104
f 81/15/15105 4671/15/15106 2170/15/15107 4345/15/15108
f 4345/15/15109 2170/15/15110 3322/15/15111 1021/15/15112
f 2170/15/15113 3325/15/15114 562/15/15115 3322/15/15116
f 4671/15/15117 1184/15/15118 3325/15/15119 2170/15/15120
f 1021/15/15121 3322/15/15122 2171/15/15123 4344/15/15124
f 4344/15/15125 2171/15/15126 4003/15/15127 223/15/15128
f 2171/15/15129 3323/15/15130 850/15/15131 4003/15/15132
f 3322/15/15133 562/15/15134 3323/15/15135 2171/15/15136
f 562/15/15137 3324/15/15138 2172/15/15139 3323/15/15140
f 3323/15/15141 2172/15/15142 4002/15/15143 850/15/15144
f 2172/15/15145 4008/15/15146 151/15/15147 4002/15/15148
f 3324/15/15149 853/15/15150 4008/15/15151 2172/15/15152
f 1184/15/15153 4670/15/15154 2173/15/15155 3325/15/15156
f 3325/15/15157 2173/15/15158 3324/15/15159 562/15/15160
f 2173/15/15161 4009/15/15162 853/15/15163 3324/15/15164
f 4670/15/15165 305/15/15166 4009/15/15167 2173/15/15168
f 223/15/15169 4003/15/15170 2174/15/15171 4342/15/15172
f 4342/15/15173 2174/15/15174 3326/15/15175 1020/15/15176
f 2174/15/15177 3329/15/15178 563/15/15179 3326/15/15180
f 4003/15/15181 850/15/15182 3329/15/15183 2174/15/15184
f 1020/15/15185 3326/15/15186 2175/15/15187 4343/15/15188
f 4343/15/15189 2175/15/15190 4339/15/15191 43/15/15192
f 2175/15/15193 3327/15/15194 1018/15/15195 4339/15/15196
f 3326/15/15197 563/15/15198 3327/15/15199 2175/15/15200
f 563/15/15201 3328/15/15202 2176/15/15203 3327/15/15204
f 3327/15/15205 2176/15/15206 4338/15/15207 1018/15/15208
f 2176/15/15209 4005/15/15210 222/15/15211 4338/15/15212
f 3328/15/15213 851/15/15214 4005/15/15215 2176/15/15216
f 850/15/15217 4002/15/15218 2177/15/15219 3329/15/15220
f 3329/15/15221 2177/15/15222 3328/15/15223 563/15/15224
f 2177/15/15225 4004/15/15226 851/15/15227 3328/15/15228
f 4002/15/15229 151/15/15230 4004/15/15231 2177/15/15232
f 151/15/15233 4006/15/15234 2178/15/15235 4004/15/15236
f 4004/15/15237 2178/15/15238 3330/15/15239 851/15/15240
f 2178/15/15241 3333/15/15242 564/15/15243 3330/15/15244
f 4006/15/15245 852/15/15246 3333/15/15247 2178/15/15248
f 851/15/15249 3330/15/15250 2179/15/15251 4005/15/15252
f 4005/15/15253 2179/15/15254 4340/15/15255 222/15/15256
f 2179/15/15257 3331/15/15258 1019/15/15259 4340/15/15260
f 3330/15/15261 564/15/15262 3331/15/15263 2179/15/15264
f 564/15/15265 3332/15/15266 2180/15/15267 3331/15/15268
f 3331/15/15269 2180/15/15270 4341/15/15271 1019/15/15272
f 2180/15/15273 4695/15/15274 84/15/15275 4341/15/15276
f 3332/15/15277 1196/15/15278 4695/15/15279 2180/15/15280
f 852/15/15281 4007/15/15282 2181/15/15283 3333/15/15284
f 3333/15/15285 2181/15/15286 3332/15/15287 564/15/15288
f 2181/15/15289 4694/15/15290 1196/15/15291 3332/15/15292
f 4007/15/15293 311/15/15294 4694/15/15295 2181/15/15296
f 305/15/15297 4672/15/15298 2182/15/15299 4009/15/15300
f 4009/15/15301 2182/15/15302 3334/15/15303 853/15/15304
f 2182/15/15305 3337/15/15306 565/15/15307 3334/15/15308
f 4672/15/15309 1185/15/15310 3337/15/15311 2182/15/15312
f 853/15/15313 3334/15/15314 2183/15/15315 4008/15/15316
f 4008/15/15317 2183/15/15318 4006/15/15319 151/15/15320
f 2183/15/15321 3335/15/15322 852/15/15323 4006/15/15324
f 3334/15/15325 565/15/15326 3335/15/15327 2183/15/15328
f 565/15/15329 3336/15/15330 2184/15/15331 3335/15/15332
f 3335/15/15333 2184/15/15334 4007/15/15335 852/15/15336
f 2184/15/15337 4696/15/15338 311/15/15339 4007/15/15340
f 3336/15/15341 1197/15/15342 4696/15/15343 2184/15/15344
f 1185/15/15345 4673/15/15346 2185/15/15347 3337/15/15348
f 3337/15/15349 2185/15/15350 3336/15/15351 565/15/15352
f 2185/15/15353 4697/15/15354 1197/15/15355 3336/15/15356
f 4673/15/15357 23/15/15358 4697/15/15359 2185/15/15360
f 21/169/15361 4721/169/15362 2186/169/15363 4657/169/15364
f 4657/169/15365 2186/169/15366 3338/169/15367 1177/169/15368
f 2186/169/15369 3341/169/15370 566/169/15371 3338/169/15372
f 4721/169/15373 1209/169/15374 3341/169/15375 2186/169/15376
f 1177/169/15377 3338/169/15378 2187/169/15379 4656/169/15380
f 4656/169/15381 2187/169/15382 4011/169/15383 301/169/15384
f 2187/169/15385 3339/169/15386 854/169/15387 4011/169/15388
f 3338/169/15389 566/169/15390 3339/169/15391 2187/169/15392
f 566/169/15393 3340/169/15394 2188/169/15395 3339/169/15396
f 3339/169/15397 2188/169/15398 4010/169/15399 854/169/15400
f 2188/169/15401 4016/169/15402 152/169/15403 4010/169/15404
f 3340/169/15405 857/169/15406 4016/169/15407 2188/169/15408
f 1209/169/15409 4720/169/15410 2189/169/15411 3341/169/15412
f 3341/169/15413 2189/169/15414 3340/169/15415 566/169/15416
f 2189/169/15417 4017/169/15418 857/169/15419 3340/169/15420
f 4720/169/15421 317/169/15422 4017/169/15423 2189/169/15424
f 301/169/15425 4011/169/15426 2190/169/15427 4654/169/15428
f 4654/169/15429 2190/169/15430 3342/169/15431 1176/169/15432
f 2190/169/15433 3345/169/15434 567/169/15435 3342/169/15436
f 4011/169/15437 854/169/15438 3345/169/15439 2190/169/15440
f 1176/169/15441 3342/169/15442 2191/169/15443 4655/169/15444
f 4655/169/15445 2191/169/15446 4349/169/15447 79/169/15448
f 2191/169/15449 3343/169/15450 1023/169/15451 4349/169/15452
f 3342/169/15453 567/169/15454 3343/169/15455 2191/169/15456
f 567/169/15457 3344/169/15458 2192/169/15459 3343/169/15460
f 3343/169/15461 2192/169/15462 4348/169/15463 1023/169/15464
f 2192/169/15465 4013/169/15466 224/169/15467 4348/169/15468
f 3344/169/15469 855/169/15470 4013/169/15471 2192/169/15472
f 854/169/15473 4010/169/15474 2193/169/15475 3345/169/15476
f 3345/169/15477 2193/169/15478 3344/169/15479 567/169/15480
f 2193/169/15481 4012/169/15482 855/169/15483 3344/169/15484
f 4010/169/15485 152/169/15486 4012/169/15487 2193/169/15488
f 152/169/15489 4014/169/15490 2194/169/15491 4012/169/15492
f 4012/169/15493 2194/169/15494 3346/169/15495 855/169/15496
f 2194/169/15497 3349/169/15498 568/169/15499 3346/169/15500
f 4014/169/15501 856/169/15502 3349/169/15503 2194/169/15504
f 855/169/15505 3346/169/15506 2195/169/15507 4013/169/15508
f 4013/169/15509 2195/169/15510 4346/169/15511 224/169/15512
f 2195/169/15513 3347/169/15514 1022/169/15515 4346/169/15516
f 3346/169/15517 568/169/15518 3347/169/15519 2195/169/15520
f 568/169/15521 3348/169/15522 2196/169/15523 3347/169/15524
f 3347/169/15525 2196/169/15526 4347/169/15527 1022/169/15528
f 2196/169/15529 4359/169/15530 44/169/15531 4347/169/15532
f 3348/169/15533 1028/169/15534 4359/169/15535 2196/169/15536
f 856/169/15537 4015/169/15538 2197/169/15539 3349/169/15540
f 3349/169/15541 2197/169/15542 3348/169/15543 568/169/15544
f 2197/169/15545 4358/169/15546 1028/169/15547 3348/169/15548
f 4015/169/15549 227/169/15550 4358/169/15551 2197/169/15552
f 317/169/15553 4718/169/15554 2198/169/15555 4017/169/15556
f 4017/169/15557 2198/169/15558 3350/169/15559 857/169/15560
f 2198/169/15561 3353/169/15562 569/169/15563 3350/169/15564
f 4718/169/15565 1208/169/15566 3353/169/15567 2198/169/15568
f 857/169/15569 3350/169/15570 2199/169/15571 4016/169/15572
f 4016/169/15573 2199/169/15574 4014/169/15575 152/169/15576
f 2199/169/15577 3351/169/15578 856/169/15579 4014/169/15580
f 3350/169/15581 569/169/15582 3351/169/15583 2199/169/15584
f 569/169/15585 3352/169/15586 2200/169/15587 3351/169/15588
f 3351/169/15589 2200/169/15590 4015/169/15591 856/169/15592
f 2200/169/15593 4360/169/15594 227/169/15595 4015/169/15596
f 3352/169/15597 1029/169/15598 4360/169/15599 2200/169/15600
f 1208/169/15601 4719/169/15602 2201/169/15603 3353/169/15604
f 3353/169/15605 2201/169/15606 3352/169/15607 569/169/15608
f 2201/169/15609 4361/169/15610 1029/169/15611 3352/169/15612
f 4719/169/15613 87/169/15614 4361/169/15615 2201/169/15616
f 79/169/15617 4349/169/15618 2202/169/15619 4651/169/15620
f 4651/169/15621 2202/169/15622 3354/169/15623 1174/169/15624
f 2202/169/15625 3357/169/15626 570/169/15627 3354/169/15628
f 4349/169/15629 1023/169/15630 3357/169/15631 2202/169/15632
f 1174/169/15633 3354/169/15634 2203/169/15635 4650/169/15636
f 4650/169/15637 2203/169/15638 4019/169/15639 300/169/15640
f 2203/169/15641 3355/169/15642 858/169/15643 4019/169/15644
f 3354/169/15645 570/169/15646 3355/169/15647 2203/169/15648
f 570/169/15649 3356/169/15650 2204/169/15651 3355/169/15652
f 3355/169/15653 2204/169/15654 4018/169/15655 858/169/15656
f 2204/169/15657 4024/169/15658 153/169/15659 4018/169/15660
f 3356/169/15661 861/169/15662 4024/169/15663 2204/169/15664
f 1023/169/15665 4348/169/15666 2205/169/15667 3357/169/15668
f 3357/169/15669 2205/169/15670 3356/169/15671 570/169/15672
f 2205/169/15673 4025/169/15674 861/169/15675 3356/169/15676
f 4348/169/15677 224/169/15678 4025/169/15679 2205/169/15680
f 300/169/15681 4019/169/15682 2206/169/15683 4652/169/15684
f 4652/169/15685 2206/169/15686 3358/169/15687 1175/169/15688
f 2206/169/15689 3361/169/15690 571/169/15691 3358/169/15692
f 4019/169/15693 858/169/15694 3361/169/15695 2206/169/15696
f 1175/169/15697 3358/169/15698 2207/169/15699 4653/169/15700
f 4653/169/15701 2207/169/15702 4701/169/15703 22/169/15704
f 2207/169/15705 3359/169/15706 1199/169/15707 4701/169/15708
f 3358/169/15709 571/169/15710 3359/169/15711 2207/169/15712
f 571/169/15713 3360/169/15714 2208/169/15715 3359/169/15716
f 3359/169/15717 2208/169/15718 4700/169/15719 1199/169/15720
f 2208/169/15721 4021/169/15722 312/169/15723 4700/169/15724
f 3360/169/15725 859/169/15726 4021/169/15727 2208/169/15728
f 858/169/15729 4018/169/15730 2209/169/15731 3361/169/15732
f 3361/169/15733 2209/169/15734 3360/169/15735 571/169/15736
f 2209/169/15737 4020/169/15738 859/169/15739 3360/169/15740
f 4018/169/15741 153/169/15742 4020/169/15743 2209/169/15744
f 153/169/15745 4022/169/15746 2210/169/15747 4020/169/15748
f 4020/169/15749 2210/169/15750 3362/169/15751 859/169/15752
f 2210/169/15753 3365/169/15754 572/169/15755 3362/169/15756
f 4022/169/15757 860/169/15758 3365/169/15759 2210/169/15760
f 859/169/15761 3362/169/15762 2211/169/15763 4021/169/15764
f 4021/169/15765 2211/169/15766 4698/169/15767 312/169/15768
f 2211/169/15769 3363/169/15770 1198/169/15771 4698/169/15772
f 3362/169/15773 572/169/15774 3363/169/15775 2211/169/15776
f 572/169/15777 3364/169/15778 2212/169/15779 3363/169/15780
f 3363/169/15781 2212/169/15782 4699/169/15783 1198/169/15784
f 2212/169/15785 4353/169/15786 85/169/15787 4699/169/15788
f 3364/169/15789 1025/169/15790 4353/169/15791 2212/169/15792
f 860/169/15793 4023/169/15794 2213/169/15795 3365/169/15796
f 3365/169/15797 2213/169/15798 3364/169/15799 572/169/15800
f 2213/169/15801 4352/169/15802 1025/169/15803 3364/169/15804
f 4023/169/15805 225/169/15806 4352/169/15807 2213/169/15808
f 224/169/15809 4346/169/15810 2214/169/15811 4025/169/15812
f 4025/169/15813 2214/169/15814 3366/169/15815 861/169/15816
f 2214/169/15817 3369/169/15818 573/169/15819 3366/169/15820
f 4346/169/15821 1022/169/15822 3369/169/15823 2214/169/15824
f 861/169/15825 3366/169/15826 2215/169/15827 4024/169/15828
f 4024/169/15829 2215/169/15830 4022/169/15831 153/169/15832
f 2215/169/15833 3367/169/15834 860/169/15835 4022/169/15836
f 3366/169/15837 573/169/15838 3367/169/15839 2215/169/15840
f 573/169/15841 3368/169/15842 2216/169/15843 3367/169/15844
f 3367/169/15845 2216/169/15846 4023/169/15847 860/169/15848
f 2216/169/15849 4350/169/15850 225/169/15851 4023/169/15852
f 3368/169/15853 1024/169/15854 4350/169/15855 2216/169/15856
f 1022/169/15857 4347/169/15858 2217/169/15859 3369/169/15860
f 3369/169/15861 2217/169/15862 3368/169/15863 573/169/15864
f 2217/169/15865 4351/169/15866 1024/169/15867 3368/169/15868
f 4347/169/15869 44/169/15870 4351/169/15871 2217/169/15872
f 44/169/15873 4355/169/15874 2218/169/15875 4351/169/15876
f 4351/169/15877 2218/169/15878 3370/169/15879 1024/169/15880
f 2218/169/15881 3373/169/15882 574/169/15883 3370/169/15884
f 4355/169/15885 1026/169/15886 3373/169/15887 2218/169/15888
f 1024/169/15889 3370/169/15890 2219/169/15891 4350/169/15892
f 4350/169/15893 2219/169/15894 4027/169/15895 225/169/15896
f 2219/169/15897 3371/169/15898 862/169/15899 4027/169/15900
f 3370/169/15901 574/169/15902 3371/169/15903 2219/169/15904
f 574/169/15905 3372/169/15906 2220/169/15907 3371/169/15908
f 3371/169/15909 2220/169/15910 4026/169/15911 862/169/15912
f 2220/169/15913 4032/169/15914 154/169/15915 4026/169/15916
f 3372/169/15917 865/169/15918 4032/169/15919 2220/169/15920
f 1026/169/15921 4354/169/15922 2221/169/15923 3373/169/15924
f 3373/169/15925 2221/169/15926 3372/169/15927 574/169/15928
f 2221/169/15929 4033/169/15930 865/169/15931 3372/169/15932
f 4354/169/15933 226/169/15934 4033/169/15935 2221/169/15936
f 225/169/15937 4027/169/15938 2222/169/15939 4352/169/15940
f 4352/169/15941 2222/169/15942 3374/169/15943 1025/169/15944
f 2222/169/15945 3377/169/15946 575/169/15947 3374/169/15948
f 4027/169/15949 862/169/15950 3377/169/15951 2222/169/15952
f 1025/169/15953 3374/169/15954 2223/169/15955 4353/169/15956
f 4353/169/15957 2223/169/15958 4703/169/15959 85/169/15960
f 2223/169/15961 3375/169/15962 1200/169/15963 4703/169/15964
f 3374/169/15965 575/169/15966 3375/169/15967 2223/169/15968
f 575/169/15969 3376/169/15970 2224/169/15971 3375/169/15972
f 3375/169/15973 2224/169/15974 4702/169/15975 1200/169/15976
f 2224/169/15977 4029/169/15978 313/169/15979 4702/169/15980
f 3376/169/15981 863/169/15982 4029/169/15983 2224/169/15984
f 862/169/15985 4026/169/15986 2225/169/15987 3377/169/15988
f 3377/169/15989 2225/169/15990 3376/169/15991 575/169/15992
f 2225/169/15993 4028/169/15994 863/169/15995 3376/169/15996
f 4026/169/15997 154/169/15998 4028/169/15999 2225/169/16000
f 154/169/16001 4030/169/16002 2226/169/16003 4028/169/16004
f 4028/169/16005 2226/169/16006 3378/169/16007 863/169/16008
f 2226/169/16009 3381/169/16010 576/169/16011 3378/169/16012
f 4030/169/16013 864/169/16014 3381/169/16015 2226/169/16016
f 863/169/16017 3378/169/16018 2227/169/16019 4029/169/16020
f 4029/169/16021 2227/169/16022 4704/169/16023 313/169/16024
f 2227/169/16025 3379/169/16026 1201/169/16027 4704/169/16028
f 3378/169/16029 576/169/16030 3379/169/16031 2227/169/16032
f 576/169/16033 3380/169/16034 2228/169/16035 3379/169/16036
f 3379/169/16037 2228/169/16038 4705/169/16039 1201/169/16040
f 2228/169/16041 4709/169/16042 26/169/16043 4705/169/16044
f 3380/169/16045 1203/169/16046 4709/169/16047 2228/169/16048
f 864/169/16049 4031/169/16050 2229/169/16051 3381/169/16052
f 3381/169/16053 2229/169/16054 3380/169/16055 576/169/16056
f 2229/169/16057 4708/169/16058 1203/169/16059 3380/169/16060
f 4031/169/16061 314/169/16062 4708/169/16063 2229/169/16064
f 226/169/16065 4356/169/16066 2230/169/16067 4033/169/16068
f 4033/169/16069 2230/169/16070 3382/169/16071 865/169/16072
f 2230/169/16073 3385/169/16074 577/169/16075 3382/169/16076
f 4356/169/16077 1027/169/16078 3385/169/16079 2230/169/16080
f 865/169/16081 3382/169/16082 2231/169/16083 4032/169/16084
f 4032/169/16085 2231/169/16086 4030/169/16087 154/169/16088
f 2231/169/16089 3383/169/16090 864/169/16091 4030/169/16092
f 3382/169/16093 577/169/16094 3383/169/16095 2231/169/16096
f 577/169/16097 3384/169/16098 2232/169/16099 3383/169/16100
f 3383/169/16101 2232/169/16102 4031/169/16103 864/169/16104
f 2232/169/16105 4706/169/16106 314/169/16107 4031/169/16108
f 3384/169/16109 1202/169/16110 4706/169/16111 2232/169/16112
f 1027/169/16113 4357/169/16114 2233/169/16115 3385/169/16116
f 3385/169/16117 2233/169/16118 3384/169/16119 577/169/16120
f 2233/169/16121 4707/169/16122 1202/169/16123 3384/169/16124
f 4357/169/16125 86/169/16126 4707/169/16127 2233/169/16128
f 87/169/16129 4715/169/16130 2234/169/16131 4361/169/16132
f 4361/169/16133 2234/169/16134 3386/169/16135 1029/169/16136
f 2234/169/16137 3389/169/16138 578/169/16139 3386/169/16140
f 4715/169/16141 1206/169/16142 3389/169/16143 2234/169/16144
f 1029/169/16145 3386/169/16146 2235/169/16147 4360/169/16148
f 4360/169/16149 2235/169/16150 4035/169/16151 227/169/16152
f 2235/169/16153 3387/169/16154 866/169/16155 4035/169/16156
f 3386/169/16157 578/169/16158 3387/169/16159 2235/169/16160
f 578/169/16161 3388/169/16162 2236/169/16163 3387/169/16164
f 3387/169/16165 2236/169/16166 4034/169/16167 866/169/16168
f 2236/169/16169 4040/169/16170 155/169/16171 4034/169/16172
f 3388/169/16173 869/169/16174 4040/169/16175 2236/169/16176
f 1206/169/16177 4714/169/16178 2237/169/16179 3389/169/16180
f 3389/169/16181 2237/169/16182 3388/169/16183 578/169/16184
f 2237/169/16185 4041/169/16186 869/169/16187 3388/169/16188
f 4714/169/16189 316/169/16190 4041/169/16191 2237/169/16192
f 227/169/16193 4035/169/16194 2238/169/16195 4358/169/16196
f 4358/169/16197 2238/169/16198 3390/169/16199 1028/169/16200
f 2238/169/16201 3393/169/16202 579/169/16203 3390/169/16204
f 4035/169/16205 866/169/16206 3393/169/16207 2238/169/16208
f 1028/169/16209 3390/169/16210 2239/169/16211 4359/169/16212
f 4359/169/16213 2239/169/16214 4355/169/16215 44/169/16216
f 2239/169/16217 3391/169/16218 1026/169/16219 4355/169/16220
f 3390/169/16221 579/169/16222 3391/169/16223 2239/169/16224
f 579/169/16225 3392/169/16226 2240/169/16227 3391/169/16228
f 3391/169/16229 2240/169/16230 4354/169/16231 1026/169/16232
f 2240/169/16233 4037/169/16234 226/169/16235 4354/169/16236
f 3392/169/16237 867/169/16238 4037/169/16239 2240/169/16240
f 866/169/16241 4034/169/16242 2241/169/16243 3393/169/16244
f 3393/169/16245 2241/169/16246 3392/169/16247 579/169/16248
f 2241/169/16249 4036/169/16250 867/169/16251 3392/169/16252
f 4034/169/16253 155/169/16254 4036/169/16255 2241/169/16256
f 155/169/16257 4038/169/16258 2242/169/16259 4036/169/16260
f 4036/169/16261 2242/169/16262 3394/169/16263 867/169/16264
f 2242/169/16265 3397/169/16266 580/169/16267 3394/169/16268
f 4038/169/16269 868/169/16270 3397/169/16271 2242/169/16272
f 867/169/16273 3394/169/16274 2243/169/16275 4037/169/16276
f 4037/169/16277 2243/169/16278 4356/169/16279 226/169/16280
f 2243/169/16281 3395/169/16282 1027/169/16283 4356/169/16284
f 3394/169/16285 580/169/16286 3395/169/16287 2243/169/16288
f 580/169/16289 3396/169/16290 2244/169/16291 3395/169/16292
f 3395/169/16293 2244/169/16294 4357/169/16295 1027/169/16296
f 2244/169/16297 4711/169/16298 86/169/16299 4357/169/16300
f 3396/169/16301 1204/169/16302 4711/169/16303 2244/169/16304
f 868/169/16305 4039/169/16306 2245/169/16307 3397/169/16308
f 3397/169/16309 2245/169/16310 3396/169/16311 580/169/16312
f 2245/169/16313 4710/169/16314 1204/169/16315 3396/169/16316
f 4039/169/16317 315/169/16318 4710/169/16319 2245/169/16320
f 316/169/16321 4716/169/16322 2246/169/16323 4041/169/16324
f 4041/169/16325 2246/169/16326 3398/169/16327 869/169/16328
f 2246/169/16329 3401/169/16330 581/169/16331 3398/169/16332
f 4716/169/16333 1207/169/16334 3401/169/16335 2246/169/16336
f 869/169/16337 3398/169/16338 2247/169/16339 4040/169/16340
f 4040/169/16341 2247/169/16342 4038/169/16343 155/169/16344
f 2247/169/16345 3399/169/16346 868/169/16347 4038/169/16348
f 3398/169/16349 581/169/16350 3399/169/16351 2247/169/16352
f 581/169/16353 3400/169/16354 2248/169/16355 3399/169/16356
f 3399/169/16357 2248/169/16358 4039/169/16359 868/169/16360
f 2248/169/16361 4712/169/16362 315/169/16363 4039/169/16364
f 3400/169/16365 1205/169/16366 4712/169/16367 2248/169/16368
f 1207/169/16369 4717/169/16370 2249/169/16371 3401/169/16372
f 3401/169/16373 2249/169/16374 3400/169/16375 581/169/16376
f 2249/169/16377 4713/169/16378 1205/169/16379 3400/169/16380
f 4717/169/16381 25/169/16382 4713/169/16383 2249/169/16384
f 22/169/16385 4701/169/16386 2250/169/16387 4681/169/16388
f 4681/169/16389 2250/169/16390 3402/167/16391 1189/167/16392
f 2250/169/16393 3405/169/16394 582/167/16395 3402/167/16396
f 4701/169/16397 1199/169/16398 3405/169/16399 2250/169/16400
f 1189/167/16401 3402/167/16402 2251/166/16403 4680/166/16404
f 4680/166/16405 2251/166/16406 4043/156/16407 307/156/16408
f 2251/166/16409 3403/166/16410 870/156/16411 4043/156/16412
f 3402/167/16413 582/167/16414 3403/166/16415 2251/166/16416
f 582/167/16417 3404/167/16418 2252/166/16419 3403/166/16420
f 3403/166/16421 2252/166/16422 4042/156/16423 870/156/16424
f 2252/166/16425 4048/166/16426 156/156/16427 4042/156/16428
f 3404/167/16429 873/167/16430 4048/166/16431 2252/166/16432
f 1199/169/16433 4700/169/16434 2253/169/16435 3405/169/16436
f 3405/169/16437 2253/169/16438 3404/167/16439 582/167/16440
f 2253/169/16441 4049/169/16442 873/167/16443 3404/167/16444
f 4700/169/16445 312/169/16446 4049/169/16447 2253/169/16448
f 307/156/16449 4043/156/16450 2254/155/16451 4678/155/16452
f 4678/155/16453 2254/155/16454 3406/153/16455 1188/153/16456
f 2254/155/16457 3409/155/16458 583/153/16459 3406/153/16460
f 4043/156/16461 870/156/16462 3409/155/16463 2254/155/16464
f 1188/153/16465 3406/153/16466 2255/152/16467 4679/152/16468
f 4679/152/16469 2255/152/16470 4365/110/16471 82/110/16472
f 2255/152/16473 3407/152/16474 1031/110/16475 4365/110/16476
f 3406/153/16477 583/153/16478 3407/152/16479 2255/152/16480
f 583/153/16481 3408/153/16482 2256/152/16483 3407/152/16484
f 3407/152/16485 2256/152/16486 4364/110/16487 1031/110/16488
f 2256/152/16489 4045/152/16490 228/110/16491 4364/110/16492
f 3408/153/16493 871/153/16494 4045/152/16495 2256/152/16496
f 870/156/16497 4042/156/16498 2257/155/16499 3409/155/16500
f 3409/155/16501 2257/155/16502 3408/153/16503 583/153/16504
f 2257/155/16505 4044/155/16506 871/153/16507 3408/153/16508
f 4042/156/16509 156/156/16510 4044/155/16511 2257/155/16512
f 156/156/16513 4046/156/16514 2258/155/16515 4044/155/16516
f 4044/155/16517 2258/155/16518 3410/153/16519 871/153/16520
f 2258/155/16521 3413/155/16522 584/153/16523 3410/153/16524
f 4046/156/16525 872/156/16526 3413/155/16527 2258/155/16528
f 871/153/16529 3410/153/16530 2259/152/16531 4045/152/16532
f 4045/152/16533 2259/152/16534 4362/110/16535 228/110/16536
f 2259/152/16537 3411/152/16538 1030/110/16539 4362/110/16540
f 3410/153/16541 584/153/16542 3411/152/16543 2259/152/16544
f 584/153/16545 3412/153/16546 2260/152/16547 3411/152/16548
f 3411/152/16549 2260/152/16550 4363/110/16551 1030/110/16552
f 2260/152/16553 4375/152/16554 45/110/16555 4363/110/16556
f 3412/153/16557 1036/153/16558 4375/152/16559 2260/152/16560
f 872/156/16561 4047/156/16562 2261/155/16563 3413/155/16564
f 3413/155/16565 2261/155/16566 3412/153/16567 584/153/16568
f 2261/155/16569 4374/155/16570 1036/153/16571 3412/153/16572
f 4047/156/16573 231/156/16574 4374/155/16575 2261/155/16576
f 312/169/16577 4698/169/16578 2262/169/16579 4049/169/16580
f 4049/169/16581 2262/169/16582 3414/167/16583 873/167/16584
f 2262/169/16585 3417/169/16586 585/167/16587 3414/167/16588
f 4698/169/16589 1198/169/16590 3417/169/16591 2262/169/16592
f 873/167/16593 3414/167/16594 2263/166/16595 4048/166/16596
f 4048/166/16597 2263/166/16598 4046/156/16599 156/156/16600
f 2263/166/16601 3415/166/16602 872/156/16603 4046/156/16604
f 3414/167/16605 585/167/16606 3415/166/16607 2263/166/16608
f 585/167/16609 3416/167/16610 2264/166/16611 3415/166/16612
f 3415/166/16613 2264/166/16614 4047/156/16615 872/156/16616
f 2264/166/16617 4376/166/16618 231/156/16619 4047/156/16620
f 3416/167/16621 1037/167/16622 4376/166/16623 2264/166/16624
f 1198/169/16625 4699/169/16626 2265/169/16627 3417/169/16628
f 3417/169/16629 2265/169/16630 3416/167/16631 585/167/16632
f 2265/169/16633 4377/169/16634 1037/167/16635 3416/167/16636
f 4699/169/16637 85/169/16638 4377/169/16639 2265/169/16640
f 82/110/16641 4365/110/16642 2266/109/16643 4675/109/16644
f 4675/109/16645 2266/109/16646 3418/107/16647 1186/107/16648
f 2266/109/16649 3421/109/16650 586/107/16651 3418/107/16652
f 4365/110/16653 1031/110/16654 3421/109/16655 2266/109/16656
f 1186/107/16657 3418/107/16658 2267/106/16659 4674/106/16660
f 4674/106/16661 2267/106/16662 4051/96/16663 306/96/16664
f 2267/106/16665 3419/106/16666 874/96/16667 4051/96/16668
f 3418/107/16669 586/107/16670 3419/106/16671 2267/106/16672
f 586/107/16673 3420/107/16674 2268/106/16675 3419/106/16676
f 3419/106/16677 2268/106/16678 4050/96/16679 874/96/16680
f 2268/106/16681 4056/106/16682 157/96/16683 4050/96/16684
f 3420/107/16685 877/107/16686 4056/106/16687 2268/106/16688
f 1031/110/16689 4364/110/16690 2269/109/16691 3421/109/16692
f 3421/109/16693 2269/109/16694 3420/107/16695 586/107/16696
f 2269/109/16697 4057/109/16698 877/107/16699 3420/107/16700
f 4364/110/16701 228/110/16702 4057/109/16703 2269/109/16704
f 306/96/16705 4051/96/16706 2270/95/16707 4676/95/16708
f 4676/95/16709 2270/95/16710 3422/93/16711 1187/93/16712
f 2270/95/16713 3425/95/16714 587/93/16715 3422/93/16716
f 4051/96/16717 874/96/16718 3425/95/16719 2270/95/16720
f 1187/93/16721 3422/93/16722 2271/15/16723 4677/15/16724
f 4677/15/16725 2271/15/16726 4725/15/16727 23/15/16728
f 2271/15/16729 3423/15/16730 1211/15/16731 4725/15/16732
f 3422/93/16733 587/93/16734 3423/15/16735 2271/15/16736
f 587/93/16737 3424/93/16738 2272/15/16739 3423/15/16740
f 3423/15/16741 2272/15/16742 4724/15/16743 1211/15/16744
f 2272/15/16745 4053/15/16746 318/15/16747 4724/15/16748
f 3424/93/16749 875/93/16750 4053/15/16751 2272/15/16752
f 874/96/16753 4050/96/16754 2273/95/16755 3425/95/16756
f 3425/95/16757 2273/95/16758 3424/93/16759 587/93/16760
f 2273/95/16761 4052/95/16762 875/93/16763 3424/93/16764
f 4050/96/16765 157/96/16766 4052/95/16767 2273/95/16768
f 157/96/16769 4054/96/16770 2274/95/16771 4052/95/16772
f 4052/95/16773 2274/95/16774 3426/93/16775 875/93/16776
f 2274/95/16777 3429/95/16778 588/93/16779 3426/93/16780
f 4054/96/16781 876/96/16782 3429/95/16783 2274/95/16784
f 875/93/16785 3426/93/16786 2275/15/16787 4053/15/16788
f 4053/15/16789 2275/15/16790 4722/15/16791 318/15/16792
f 2275/15/16793 3427/15/16794 1210/15/16795 4722/15/16796
f 3426/93/16797 588/93/16798 3427/15/16799 2275/15/16800
f 588/93/16801 3428/93/16802 2276/15/16803 3427/15/16804
f 3427/15/16805 2276/15/16806 4723/15/16807 1210/15/16808
f 2276/15/16809 4369/15/16810 88/15/16811 4723/15/16812
f 3428/93/16813 1033/93/16814 4369/15/16815 2276/15/16816
f 876/96/16817 4055/96/16818 2277/95/16819 3429/95/16820
f 3429/95/16821 2277/95/16822 3428/93/16823 588/93/16824
f 2277/95/16825 4368/95/16826 1033/93/16827 3428/93/16828
f 4055/96/16829 229/96/16830 4368/95/16831 2277/95/16832
f 228/110/16833 4362/110/16834 2278/109/16835 4057/109/16836
f 4057/109/16837 2278/109/16838 3430/107/16839 877/107/16840
f 2278/109/16841 3433/109/16842 589/107/16843 3430/107/16844
f 4362/110/16845 1030/110/16846 3433/109/16847 2278/109/16848
f 877/107/16849 3430/107/16850 2279/106/16851 4056/106/16852
f 4056/106/16853 2279/106/16854 4054/96/16855 157/96/16856
f 2279/106/16857 3431/106/16858 876/96/16859 4054/96/16860
f 3430/107/16861 589/107/16862 3431/106/16863 2279/106/16864
f 589/107/16865 3432/107/16866 2280/106/16867 3431/106/16868
f 3431/106/16869 2280/106/16870 4055/96/16871 876/96/16872
f 2280/106/16873 4366/106/16874 229/96/16875 4055/96/16876
f 3432/107/16877 1032/107/16878 4366/106/16879 2280/106/16880
f 1030/110/16881 4363/110/16882 2281/109/16883 3433/109/16884
f 3433/109/16885 2281/109/16886 3432/107/16887 589/107/16888
f 2281/109/16889 4367/109/16890 1032/107/16891 3432/107/16892
f 4363/110/16893 45/110/16894 4367/109/16895 2281/109/16896
f 45/110/16897 4371/110/16898 2282/109/16899 4367/109/16900
f 4367/109/16901 2282/109/16902 3434/107/16903 1032/107/16904
f 2282/109/16905 3437/109/16906 590/107/16907 3434/107/16908
f 4371/110/16909 1034/110/16910 3437/109/16911 2282/109/16912
f 1032/107/16913 3434/107/16914 2283/106/16915 4366/106/16916
f 4366/106/16917 2283/106/16918 4059/96/16919 229/96/16920
f 2283/106/16921 3435/106/16922 878/96/16923 4059/96/16924
f 3434/107/16925 590/107/16926 3435/106/16927 2283/106/16928
f 590/107/16929 3436/107/16930 2284/106/16931 3435/106/16932
f 3435/106/16933 2284/106/16934 4058/96/16935 878/96/16936
f 2284/106/16937 4064/106/16938 158/96/16939 4058/96/16940
f 3436/107/16941 881/107/16942 4064/106/16943 2284/106/16944
f 1034/110/16945 4370/110/16946 2285/109/16947 3437/109/16948
f 3437/109/16949 2285/109/16950 3436/107/16951 590/107/16952
f 2285/109/16953 4065/109/16954 881/107/16955 3436/107/16956
f 4370/110/16957 230/110/16958 4065/109/16959 2285/109/16960
f 229/96/16961 4059/96/16962 2286/95/16963 4368/95/16964
f 4368/95/16965 2286/95/16966 3438/93/16967 1033/93/16968
f 2286/95/16969 3441/95/16970 591/93/16971 3438/93/16972
f 4059/96/16973 878/96/16974 3441/95/16975 2286/95/16976
f 1033/93/16977 3438/93/16978 2287/15/16979 4369/15/16980
f 4369/15/16981 2287/15/16982 4727/15/16983 88/15/16984
f 2287/15/16985 3439/15/16986 1212/15/16987 4727/15/16988
f 3438/93/16989 591/93/16990 3439/15/16991 2287/15/16992
f 591/93/16993 3440/93/16994 2288/15/16995 3439/15/16996
f 3439/15/16997 2288/15/16998 4726/15/16999 1212/15/17000
f 2288/15/17001 4061/15/17002 319/15/17003 4726/15/17004
f 3440/93/17005 879/93/17006 4061/15/17007 2288/15/17008
f 878/96/17009 4058/96/17010 2289/95/17011 3441/95/17012
f 3441/95/17013 2289/95/17014 3440/93/17015 591/93/17016
f 2289/95/17017 4060/95/17018 879/93/17019 3440/93/17020
f 4058/96/17021 158/96/17022 4060/95/17023 2289/95/17024
f 158/96/17025 4062/96/17026 2290/95/17027 4060/95/17028
f 4060/95/17029 2290/95/17030 3442/93/17031 879/93/17032
f 2290/95/17033 3445/95/17034 592/93/17035 3442/93/17036
f 4062/96/17037 880/96/17038 3445/95/17039 2290/95/17040
f 879/93/17041 3442/93/17042 2291/15/17043 4061/15/17044
f 4061/15/17045 2291/15/17046 4728/15/17047 319/15/17048
f 2291/15/17049 3443/15/17050 1213/15/17051 4728/15/17052
f 3442/93/17053 592/93/17054 3443/15/17055 2291/15/17056
f 592/93/17057 3444/93/17058 2292/15/17059 3443/15/17060
f 3443/15/17061 2292/15/17062 4729/15/17063 1213/15/17064
f 2292/15/17065 4733/15/17066 27/15/17067 4729/15/17068
f 3444/93/17069 1215/93/17070 4733/15/17071 2292/15/17072
f 880/96/17073 4063/96/17074 2293/95/17075 3445/95/17076
f 3445/95/17077 2293/95/17078 3444/93/17079 592/93/17080
f 2293/95/17081 4732/95/17082 1215/93/17083 3444/93/17084
f 4063/96/17085 320/96/17086 4732/95/17087 2293/95/17088
f 230/110/17089 4372/110/17090 2294/109/17091 4065/109/17092
f 4065/109/17093 2294/109/17094 3446/107/17095 881/107/17096
f 2294/109/17097 3449/109/17098 593/107/17099 3446/107/17100
f 4372/110/17101 1035/110/17102 3449/109/17103 2294/109/17104
f 881/107/17105 3446/107/17106 2295/106/17107 4064/106/17108
f 4064/106/17109 2295/106/17110 4062/96/17111 158/96/17112
f 2295/106/17113 3447/106/17114 880/96/17115 4062/96/17116
f 3446/107/17117 593/107/17118 3447/106/17119 2295/106/17120
f 593/107/17121 3448/107/17122 2296/106/17123 3447/106/17124
f 3447/106/17125 2296/106/17126 4063/96/17127 880/96/17128
f 2296/106/17129 4730/106/17130 320/96/17131 4063/96/17132
f 3448/107/17133 1214/107/17134 4730/106/17135 2296/106/17136
f 1035/110/17137 4373/110/17138 2297/109/17139 3449/109/17140
f 3449/109/17141 2297/109/17142 3448/107/17143 593/107/17144
f 2297/109/17145 4731/109/17146 1214/107/17147 3448/107/17148
f 4373/110/17149 89/110/17150 4731/109/17151 2297/109/17152
f 85/169/17153 4703/169/17154 2298/169/17155 4377/169/17156
f 4377/169/17157 2298/169/17158 3450/167/17159 1037/167/17160
f 2298/169/17161 3453/169/17162 594/167/17163 3450/167/17164
f 4703/169/17165 1200/169/17166 3453/169/17167 2298/169/17168
f 1037/167/17169 3450/167/17170 2299/166/17171 4376/166/17172
f 4376/166/17173 2299/166/17174 4067/156/17175 231/156/17176
f 2299/166/17177 3451/166/17178 882/156/17179 4067/156/17180
f 3450/167/17181 594/167/17182 3451/166/17183 2299/166/17184
f 594/167/17185 3452/167/17186 2300/166/17187 3451/166/17188
f 3451/166/17189 2300/166/17190 4066/156/17191 882/156/17192
f 2300/166/17193 4072/166/17194 159/156/17195 4066/156/17196
f 3452/167/17197 885/167/17198 4072/166/17199 2300/166/17200
f 1200/169/17201 4702/169/17202 2301/169/17203 3453/169/17204
f 3453/169/17205 2301/169/17206 3452/167/17207 594/167/17208
f 2301/169/17209 4073/169/17210 885/167/17211 3452/167/17212
f 4702/169/17213 313/169/17214 4073/169/17215 2301/169/17216
f 231/156/17217 4067/156/17218 2302/155/17219 4374/155/17220
f 4374/155/17221 2302/155/17222 3454/153/17223 1036/153/17224
f 2302/155/17225 3457/155/17226 595/153/17227 3454/153/17228
f 4067/156/17229 882/156/17230 3457/155/17231 2302/155/17232
f 1036/153/17233 3454/153/17234 2303/152/17235 4375/152/17236
f 4375/152/17237 2303/152/17238 4371/110/17239 45/110/17240
f 2303/152/17241 3455/152/17242 1034/110/17243 4371/110/17244
f 3454/153/17245 595/153/17246 3455/152/17247 2303/152/17248
f 595/153/17249 3456/153/17250 2304/152/17251 3455/152/17252
f 3455/152/17253 2304/152/17254 4370/110/17255 1034/110/17256
f 2304/152/17257 4069/152/17258 230/110/17259 4370/110/17260
f 3456/153/17261 883/153/17262 4069/152/17263 2304/152/17264
f 882/156/17265 4066/156/17266 2305/155/17267 3457/155/17268
f 3457/155/17269 2305/155/17270 3456/153/17271 595/153/17272
f 2305/155/17273 4068/155/17274 883/153/17275 3456/153/17276
f 4066/156/17277 159/156/17278 4068/155/17279 2305/155/17280
f 159/156/17281 4070/156/17282 2306/155/17283 4068/155/17284
f 4068/155/17285 2306/155/17286 3458/153/17287 883/153/17288
f 2306/155/17289 3461/155/17290 596/153/17291 3458/153/17292
f 4070/156/17293 884/156/17294 3461/155/17295 2306/155/17296
f 883/153/17297 3458/153/17298 2307/152/17299 4069/152/17300
f 4069/152/17301 2307/152/17302 4372/110/17303 230/110/17304
f 2307/152/17305 3459/152/17306 1035/110/17307 4372/110/17308
f 3458/153/17309 596/153/17310 3459/152/17311 2307/152/17312
f 596/153/17313 3460/153/17314 2308/152/17315 3459/152/17316
f 3459/152/17317 2308/152/17318 4373/110/17319 1035/110/17320
f 2308/152/17321 4735/152/17322 89/110/17323 4373/110/17324
f 3460/153/17325 1216/153/17326 4735/152/17327 2308/152/17328
f 884/156/17329 4071/156/17330 2309/155/17331 3461/155/17332
f 3461/155/17333 2309/155/17334 3460/153/17335 596/153/17336
f 2309/155/17337 4734/155/17338 1216/153/17339 3460/153/17340
f 4071/156/17341 321/156/17342 4734/155/17343 2309/155/17344
f 313/169/17345 4704/169/17346 2310/169/17347 4073/169/17348
f 4073/169/17349 2310/169/17350 3462/167/17351 885/167/17352
f 2310/169/17353 3465/169/17354 597/167/17355 3462/167/17356
f 4704/169/17357 1201/169/17358 3465/169/17359 2310/169/17360
f 885/167/17361 3462/167/17362 2311/166/17363 4072/166/17364
f 4072/166/17365 2311/166/17366 4070/156/17367 159/156/17368
f 2311/166/17369 3463/166/17370 884/156/17371 4070/156/17372
f 3462/167/17373 597/167/17374 3463/166/17375 2311/166/17376
f 597/167/17377 3464/167/17378 2312/166/17379 3463/166/17380
f 3463/166/17381 2312/166/17382 4071/156/17383 884/156/17384
f 2312/166/17385 4736/166/17386 321/156/17387 4071/156/17388
f 3464/167/17389 1217/167/17390 4736/166/17391 2312/166/17392
f 1201/169/17393 4705/169/17394 2313/169/17395 3465/169/17396
f 3465/169/17397 2313/169/17398 3464/167/17399 597/167/17400
f 2313/169/17401 4737/169/17402 1217/167/17403 3464/167/17404
f 4705/169/17405 26/169/17406 4737/169/17407 2313/169/17408
f 23/15/17409 4725/15/17410 2314/15/17411 4697/15/17412
f 4697/15/17413 2314/15/17414 3466/15/17415 1197/15/17416
f 2314/15/17417 3469/15/17418 598/15/17419 3466/15/17420
f 4725/15/17421 1211/15/17422 3469/15/17423 2314/15/17424
f 1197/15/17425 3466/15/17426 2315/15/17427 4696/15/17428
f 4696/15/17429 2315/15/17430 4075/15/17431 311/15/17432
f 2315/15/17433 3467/15/17434 886/15/17435 4075/15/17436
f 3466/15/17437 598/15/17438 3467/15/17439 2315/15/17440
f 598/15/17441 3468/15/17442 2316/15/17443 3467/15/17444
f 3467/15/17445 2316/15/17446 4074/15/17447 886/15/17448
f 2316/15/17449 4080/15/17450 160/15/17451 4074/15/17452
f 3468/15/17453 889/15/17454 4080/15/17455 2316/15/17456
f 1211/15/17457 4724/15/17458 2317/15/17459 3469/15/17460
f 3469/15/17461 2317/15/17462 3468/15/17463 598/15/17464
f 2317/15/17465 4081/15/17466 889/15/17467 3468/15/17468
f 4724/15/17469 318/15/17470 4081/15/17471 2317/15/17472
f 311/15/17473 4075/15/17474 2318/15/17475 4694/15/17476
f 4694/15/17477 2318/15/17478 3470/15/17479 1196/15/17480
f 2318/15/17481 3473/15/17482 599/15/17483 3470/15/17484
f 4075/15/17485 886/15/17486 3473/15/17487 2318/15/17488
f 1196/15/17489 3470/15/17490 2319/15/17491 4695/15/17492
f 4695/15/17493 2319/15/17494 4381/15/17495 84/15/17496
f 2319/15/17497 3471/15/17498 1039/15/17499 4381/15/17500
f 3470/15/17501 599/15/17502 3471/15/17503 2319/15/17504
f 599/15/17505 3472/15/17506 2320/15/17507 3471/15/17508
f 3471/15/17509 2320/15/17510 4380/15/17511 1039/15/17512
f 2320/15/17513 4077/15/17514 232/15/17515 4380/15/17516
f 3472/15/17517 887/15/17518 4077/15/17519 2320/15/17520
f 886/15/17521 4074/15/17522 2321/15/17523 3473/15/17524
f 3473/15/17525 2321/15/17526 3472/15/17527 599/15/17528
f 2321/15/17529 4076/15/17530 887/15/17531 3472/15/17532
f 4074/15/17533 160/15/17534 4076/15/17535 2321/15/17536
f 160/15/17537 4078/15/17538 2322/15/17539 4076/15/17540
f 4076/15/17541 2322/15/17542 3474/15/17543 887/15/17544
f 2322/15/17545 3477/15/17546 600/15/17547 3474/15/17548
f 4078/15/17549 888/15/17550 3477/15/17551 2322/15/17552
f 887/15/17553 3474/15/17554 2323/15/17555 4077/15/17556
f 4077/15/17557 2323/15/17558 4378/15/17559 232/15/17560
f 2323/15/17561 3475/15/17562 1038/15/17563 4378/15/17564
f 3474/15/17565 600/15/17566 3475/15/17567 2323/15/17568
f 600/15/17569 3476/15/17570 2324/15/17571 3475/15/17572
f 3475/15/17573 2324/15/17574 4379/15/17575 1038/15/17576
f 2324/15/17577 4391/15/17578 46/15/17579 4379/15/17580
f 3476/15/17581 1044/15/17582 4391/15/17583 2324/15/17584
f 888/15/17585 4079/15/17586 2325/15/17587 3477/15/17588
f 3477/15/17589 2325/15/17590 3476/15/17591 600/15/17592
f 2325/15/17593 4390/15/17594 1044/15/17595 3476/15/17596
f 4079/15/17597 235/15/17598 4390/15/17599 2325/15/17600
f 318/15/17601 4722/15/17602 2326/15/17603 4081/15/17604
f 4081/15/17605 2326/15/17606 3478/15/17607 889/15/17608
f 2326/15/17609 3481/15/17610 601/15/17611 3478/15/17612
f 4722/15/17613 1210/15/17614 3481/15/17615 2326/15/17616
f 889/15/17617 3478/15/17618 2327/15/17619 4080/15/17620
f 4080/15/17621 2327/15/17622 4078/15/17623 160/15/17624
f 2327/15/17625 3479/15/17626 888/15/17627 4078/15/17628
f 3478/15/17629 601/15/17630 3479/15/17631 2327/15/17632
f 601/15/17633 3480/15/17634 2328/15/17635 3479/15/17636
f 3479/15/17637 2328/15/17638 4079/15/17639 888/15/17640
f 2328/15/17641 4392/15/17642 235/15/17643 4079/15/17644
f 3480/15/17645 1045/15/17646 4392/15/17647 2328/15/17648
f 1210/15/17649 4723/15/17650 2329/15/17651 3481/15/17652
f 3481/15/17653 2329/15/17654 3480/15/17655 601/15/17656
f 2329/15/17657 4393/15/17658 1045/15/17659 3480/15/17660
f 4723/15/17661 88/15/17662 4393/15/17663 2329/15/17664
f 84/15/17665 4381/15/17666 2330/15/17667 4691/15/17668
f 4691/15/17669 2330/15/17670 3482/15/17671 1194/15/17672
f 2330/15/17673 3485/15/17674 602/15/17675 3482/15/17676
f 4381/15/17677 1039/15/17678 3485/15/17679 2330/15/17680
f 1194/15/17681 3482/15/17682 2331/15/17683 4690/15/17684
f 4690/15/17685 2331/15/17686 4083/15/17687 310/15/17688
f 2331/15/17689 3483/15/17690 890/15/17691 4083/15/17692
f 3482/15/17693 602/15/17694 3483/15/17695 2331/15/17696
f 602/15/17697 3484/15/17698 2332/15/17699 3483/15/17700
f 3483/15/17701 2332/15/17702 4082/15/17703 890/15/17704
f 2332/15/17705 4088/15/17706 161/15/17707 4082/15/17708
f 3484/15/17709 893/15/17710 4088/15/17711 2332/15/17712
f 1039/15/17713 4380/15/17714 2333/15/17715 3485/15/17716
f 3485/15/17717 2333/15/17718 3484/15/17719 602/15/17720
f 2333/15/17721 4089/15/17722 893/15/17723 3484/15/17724
f 4380/15/17725 232/15/17726 4089/15/17727 2333/15/17728
f 310/15/17729 4083/15/17730 2334/15/17731 4692/15/17732
f 4692/15/17733 2334/15/17734 3486/15/17735 1195/15/17736
f 2334/15/17737 3489/15/17738 603/15/17739 3486/15/17740
f 4083/15/17741 890/15/17742 3489/15/17743 2334/15/17744
f 1195/15/17745 3486/15/17746 2335/15/17747 4693/15/17748
f 4693/15/17749 2335/15/17750 4741/15/17751 24/15/17752
f 2335/15/17753 3487/15/17754 1219/15/17755 4741/15/17756
f 3486/15/17757 603/15/17758 3487/15/17759 2335/15/17760
f 603/15/17761 3488/15/17762 2336/15/17763 3487/15/17764
f 3487/15/17765 2336/15/17766 4740/15/17767 1219/15/17768
f 2336/15/17769 4085/15/17770 322/15/17771 4740/15/17772
f 3488/15/17773 891/15/17774 4085/15/17775 2336/15/17776
f 890/15/17777 4082/15/17778 2337/15/17779 3489/15/17780
f 3489/15/17781 2337/15/17782 3488/15/17783 603/15/17784
f 2337/15/17785 4084/15/17786 891/15/17787 3488/15/17788
f 4082/15/17789 161/15/17790 4084/15/17791 2337/15/17792
f 161/15/17793 4086/15/17794 2338/15/17795 4084/15/17796
f 4084/15/17797 2338/15/17798 3490/15/17799 891/15/17800
f 2338/15/17801 3493/15/17802 604/15/17803 3490/15/17804
f 4086/15/17805 892/15/17806 3493/15/17807 2338/15/17808
f 891/15/17809 3490/15/17810 2339/15/17811 4085/15/17812
f 4085/15/17813 2339/15/17814 4738/15/17815 322/15/17816
f 2339/15/17817 3491/15/17818 1218/15/17819 4738/15/17820
f 3490/15/17821 604/15/17822 3491/15/17823 2339/15/17824
f 604/15/17825 3492/15/17826 2340/15/17827 3491/15/17828
f 3491/15/17829 2340/15/17830 4739/15/17831 1218/15/17832
f 2340/15/17833 4385/15/17834 90/15/17835 4739/15/17836
f 3492/15/17837 1041/15/17838 4385/15/17839 2340/15/17840
f 892/15/17841 4087/15/17842 2341/15/17843 3493/15/17844
f 3493/15/17845 2341/15/17846 3492/15/17847 604/15/17848
f 2341/15/17849 4384/15/17850 1041/15/17851 3492/15/17852
f 4087/15/17853 233/15/17854 4384/15/17855 2341/15/17856
f 232/15/17857 4378/15/17858 2342/15/17859 4089/15/17860
f 4089/15/17861 2342/15/17862 3494/15/17863 893/15/17864
f 2342/15/17865 3497/15/17866 605/15/17867 3494/15/17868
f 4378/15/17869 1038/15/17870 3497/15/17871 2342/15/17872
f 893/15/17873 3494/15/17874 2343/15/17875 4088/15/17876
f 4088/15/17877 2343/15/17878 4086/15/17879 161/15/17880
f 2343/15/17881 3495/15/17882 892/15/17883 4086/15/17884
f 3494/15/17885 605/15/17886 3495/15/17887 2343/15/17888
f 605/15/17889 3496/15/17890 2344/15/17891 3495/15/17892
f 3495/15/17893 2344/15/17894 4087/15/17895 892/15/17896
f 2344/15/17897 4382/15/17898 233/15/17899 4087/15/17900
f 3496/15/17901 1040/15/17902 4382/15/17903 2344/15/17904
f 1038/15/17905 4379/15/17906 2345/15/17907 3497/15/17908
f 3497/15/17909 2345/15/17910 3496/15/17911 605/15/17912
f 2345/15/17913 4383/15/17914 1040/15/17915 3496/15/17916
f 4379/15/17917 46/15/17918 4383/15/17919 2345/15/17920
f 46/15/17921 4387/15/17922 2346/15/17923 4383/15/17924
f 4383/15/17925 2346/15/17926 3498/15/17927 1040/15/17928
f 2346/15/17929 3501/15/17930 606/15/17931 3498/15/17932
f 4387/15/17933 1042/15/17934 3501/15/17935 2346/15/17936
f 1040/15/17937 3498/15/17938 2347/15/17939 4382/15/17940
f 4382/15/17941 2347/15/17942 4091/15/17943 233/15/17944
f 2347/15/17945 3499/15/17946 894/15/17947 4091/15/17948
f 3498/15/17949 606/15/17950 3499/15/17951 2347/15/17952
f 606/15/17953 3500/15/17954 2348/15/17955 3499/15/17956
f 3499/15/17957 2348/15/17958 4090/15/17959 894/15/17960
f 2348/15/17961 4096/15/17962 162/15/17963 4090/15/17964
f 3500/15/17965 897/15/17966 4096/15/17967 2348/15/17968
f 1042/15/17969 4386/15/17970 2349/15/17971 3501/15/17972
f 3501/15/17973 2349/15/17974 3500/15/17975 606/15/17976
f 2349/15/17977 4097/15/17978 897/15/17979 3500/15/17980
f 4386/15/17981 234/15/17982 4097/15/17983 2349/15/17984
f 233/15/17985 4091/15/17986 2350/15/17987 4384/15/17988
f 4384/15/17989 2350/15/17990 3502/15/17991 1041/15/17992
f 2350/15/17993 3505/15/17994 607/15/17995 3502/15/17996
f 4091/15/17997 894/15/17998 3505/15/17999 2350/15/18000
f 1041/15/18001 3502/15/18002 2351/15/18003 4385/15/18004
f 4385/15/18005 2351/15/18006 4743/15/18007 90/15/18008
f 2351/15/18009 3503/15/18010 1220/15/18011 4743/15/18012
f 3502/15/18013 607/15/18014 3503/15/18015 2351/15/18016
f 607/15/18017 3504/15/18018 2352/15/18019 3503/15/18020
f 3503/15/18021 2352/15/18022 4742/15/18023 1220/15/18024
f 2352/15/18025 4093/15/18026 323/15/18027 4742/15/18028
f 3504/15/18029 895/15/18030 4093/15/18031 2352/15/18032
f 894/15/18033 4090/15/18034 2353/15/18035 3505/15/18036
f 3505/15/18037 2353/15/18038 3504/15/18039 607/15/18040
f 2353/15/18041 4092/15/18042 895/15/18043 3504/15/18044
f 4090/15/18045 162/15/18046 4092/15/18047 2353/15/18048
f 162/15/18049 4094/15/18050 2354/15/18051 4092/15/18052
f 4092/15/18053 2354/15/18054 3506/15/18055 895/15/18056
f 2354/15/18057 3509/15/18058 608/15/18059 3506/15/18060
f 4094/15/18061 896/15/18062 3509/15/18063 2354/15/18064
f 895/15/18065 3506/15/18066 2355/15/18067 4093/15/18068
f 4093/15/18069 2355/15/18070 4744/15/18071 323/15/18072
f 2355/15/18073 3507/15/18074 1221/15/18075 4744/15/18076
f 3506/15/18077 608/15/18078 3507/15/18079 2355/15/18080
f 608/15/18081 3508/15/18082 2356/15/18083 3507/15/18084
f 3507/15/18085 2356/15/18086 4745/15/18087 1221/15/18088
f 2356/15/18089 4749/15/18090 28/15/18091 4745/15/18092
f 3508/15/18093 1223/15/18094 4749/15/18095 2356/15/18096
f 896/15/18097 4095/15/18098 2357/15/18099 3509/15/18100
f 3509/15/18101 2357/15/18102 3508/15/18103 608/15/18104
f 2357/15/18105 4748/15/18106 1223/15/18107 3508/15/18108
f 4095/15/18109 324/15/18110 4748/15/18111 2357/15/18112
f 234/15/18113 4388/15/18114 2358/15/18115 4097/15/18116
f 4097/15/18117 2358/15/18118 3510/15/18119 897/15/18120
f 2358/15/18121 3513/15/18122 609/15/18123 3510/15/18124
f 4388/15/18125 1043/15/18126 3513/15/18127 2358/15/18128
f 897/15/18129 3510/15/18130 2359/15/18131 4096/15/18132
f 4096/15/18133 2359/15/18134 4094/15/18135 162/15/18136
f 2359/15/18137 3511/15/18138 896/15/18139 4094/15/18140
f 3510/15/18141 609/15/18142 3511/15/18143 2359/15/18144
f 609/15/18145 3512/15/18146 2360/15/18147 3511/15/18148
f 3511/15/18149 2360/15/18150 4095/15/18151 896/15/18152
f 2360/15/18153 4746/15/18154 324/15/18155 4095/15/18156
f 3512/15/18157 1222/15/18158 4746/15/18159 2360/15/18160
f 1043/15/18161 4389/15/18162 2361/15/18163 3513/15/18164
f 3513/15/18165 2361/15/18166 3512/15/18167 609/15/18168
f 2361/15/18169 4747/15/18170 1222/15/18171 3512/15/18172
f 4389/15/18173 91/15/18174 4747/15/18175 2361/15/18176
f 88/15/18177 4727/15/18178 2362/15/18179 4393/15/18180
f 4393/15/18181 2362/15/18182 3514/15/18183 1045/15/18184
f 2362/15/18185 3517/15/18186 610/15/18187 3514/15/18188
f 4727/15/18189 1212/15/18190 3517/15/18191 2362/15/18192
f 1045/15/18193 3514/15/18194 2363/15/18195 4392/15/18196
f 4392/15/18197 2363/15/18198 4099/15/18199 235/15/18200
f 2363/15/18201 3515/15/18202 898/15/18203 4099/15/18204
f 3514/15/18205 610/15/18206 3515/15/18207 2363/15/18208
f 610/15/18209 3516/15/18210 2364/15/18211 3515/15/18212
f 3515/15/18213 2364/15/18214 4098/15/18215 898/15/18216
f 2364/15/18217 4104/15/18218 163/15/18219 4098/15/18220
f 3516/15/18221 901/15/18222 4104/15/18223 2364/15/18224
f 1212/15/18225 4726/15/18226 2365/15/18227 3517/15/18228
f 3517/15/18229 2365/15/18230 3516/15/18231 610/15/18232
f 2365/15/18233 4105/15/18234 901/15/18235 3516/15/18236
f 4726/15/18237 319/15/18238 4105/15/18239 2365/15/18240
f 235/15/18241 4099/15/18242 2366/15/18243 4390/15/18244
f 4390/15/18245 2366/15/18246 3518/15/18247 1044/15/18248
f 2366/15/18249 3521/15/18250 611/15/18251 3518/15/18252
f 4099/15/18253 898/15/18254 3521/15/18255 2366/15/18256
f 1044/15/18257 3518/15/18258 2367/15/18259 4391/15/18260
f 4391/15/18261 2367/15/18262 4387/15/18263 46/15/18264
f 2367/15/18265 3519/15/18266 1042/15/18267 4387/15/18268
f 3518/15/18269 611/15/18270 3519/15/18271 2367/15/18272
f 611/15/18273 3520/15/18274 2368/15/18275 3519/15/18276
f 3519/15/18277 2368/15/18278 4386/15/18279 1042/15/18280
f 2368/15/18281 4101/15/18282 234/15/18283 4386/15/18284
f 3520/15/18285 899/15/18286 4101/15/18287 2368/15/18288
f 898/15/18289 4098/15/18290 2369/15/18291 3521/15/18292
f 3521/15/18293 2369/15/18294 3520/15/18295 611/15/18296
f 2369/15/18297 4100/15/18298 899/15/18299 3520/15/18300
f 4098/15/18301 163/15/18302 4100/15/18303 2369/15/18304
f 163/15/18305 4102/15/18306 2370/15/18307 4100/15/18308
f 4100/15/18309 2370/15/18310 3522/15/18311 899/15/18312
f 2370/15/18313 3525/15/18314 612/15/18315 3522/15/18316
f 4102/15/18317 900/15/18318 3525/15/18319 2370/15/18320
f 899/15/18321 3522/15/18322 2371/15/18323 4101/15/18324
f 4101/15/18325 2371/15/18326 4388/15/18327 234/15/18328
f 2371/15/18329 3523/15/18330 1043/15/18331 4388/15/18332
f 3522/15/18333 612/15/18334 3523/15/18335 2371/15/18336
f 612/15/18337 3524/15/18338 2372/15/18339 3523/15/18340
f 3523/15/18341 2372/15/18342 4389/15/18343 1043/15/18344
f 2372/15/18345 4751/15/18346 91/15/18347 4389/15/18348
f 3524/15/18349 1224/15/18350 4751/15/18351 2372/15/18352
f 900/15/18353 4103/15/18354 2373/15/18355 3525/15/18356
f 3525/15/18357 2373/15/18358 3524/15/18359 612/15/18360
f 2373/15/18361 4750/15/18362 1224/15/18363 3524/15/18364
f 4103/15/18365 325/15/18366 4750/15/18367 2373/15/18368
f 319/15/18369 4728/15/18370 2374/15/18371 4105/15/18372
f 4105/15/18373 2374/15/18374 3526/15/18375 901/15/18376
f 2374/15/18377 3529/15/18378 613/15/18379 3526/15/18380
f 4728/15/18381 1213/15/18382 3529/15/18383 2374/15/18384
f 901/15/18385 3526/15/18386 2375/15/18387 4104/15/18388
f 4104/15/18389 2375/15/18390 4102/15/18391 163/15/18392
f 2375/15/18393 3527/15/18394 900/15/18395 4102/15/18396
f 3526/15/18397 613/15/18398 3527/15/18399 2375/15/18400
f 613/15/18401 3528/15/18402 2376/15/18403 3527/15/18404
f 3527/15/18405 2376/15/18406 4103/15/18407 900/15/18408
f 2376/15/18409 4752/15/18410 325/15/18411 4103/15/18412
f 3528/15/18413 1225/15/18414 4752/15/18415 2376/15/18416
f 1213/15/18417 4729/15/18418 2377/15/18419 3529/15/18420
f 3529/15/18421 2377/15/18422 3528/15/18423 613/15/18424
f 2377/15/18425 4753/15/18426 1225/15/18427 3528/15/18428
f 4729/15/18429 27/15/18430 4753/15/18431 2377/15/18432
